title,story,phonics_focus,sentence_count,source,menon_hiebert_level,present_patterns,target_phonics,present_phonics_summary
Fun at the Zoo,"The cat naps on a mat.  
The dog runs to the log.  
The pig digs in the mud.","['a, e, i, o, u', 'b, c, d, f, g', 'h, j, k, l, m', 'n, p, q, r, s', 't, v, w, x, y, z']",3,HuggingFace,2,,basic single-syllable words,basic single-syllable words
Fun at the Zoo,"The cat naps on a mat.  
A big dog runs fast.  
Six red hens peck.","['a, e, i, o, u', 'b, c, d, f, g', 'h, j, k, l, m', 'n, p, q, r, s', 't, v, w, x, y, z']",3,HuggingFace,2,"digraph, blend",basic single-syllable words,basic single-syllable words
The Quick Fox and the Big Hen,"The quick fox can run fast, but the big hen sits in the sun.  
A red bug hops on a log as the wet duck quacks in the pond.  
Six zebras zig and zag past the yellow yak in the grass.","['a, e, i, o, u', 'b, c, d, f, g', 'h, j, k, l, m', 'n, p, q, r, s', 't, v, w, x, y, z']",3,HuggingFace,3,"digraph, blend, vowel_team, multisyllabic","consonant blends, consonant digraphs","consonant digraphs, consonant blends"
The Cat and the Rat,"The cat sat.  
The rat ran.  
The cat ran at the rat.","['simple consonants', 'short vowels', 'basic blending']",3,HuggingFace,2,,basic single-syllable words,basic single-syllable words
The Cat and the Rat,"The cat sat on a mat.  
The rat ran fast.  
The cat can nap.","['simple consonants', 'short vowels', 'basic blending']",3,HuggingFace,2,blend,basic single-syllable words,basic single-syllable words
The Fast Cat and the Big Dog,"The cat can run fast past the big red barn.  
The dog hops on the log but slips in the mud.  
The cat and dog sit in the sun and nap.","['simple consonants', 'short vowels', 'basic blending']",3,HuggingFace,3,"blend, r_controlled",consonant blends,consonant blends
The Big Red Dog,"The big dog can run.  
The cat sat on the red mat.  
The sun is hot on top!","['cat', 'dog', 'run', 'sit', 'big', 'red', 'top', 'map', 'sun', 'leg']",3,HuggingFace,2,,basic single-syllable words,basic single-syllable words
Fun at the Zoo,"The big cat can run.  
A red dog can sit.  
The sun is on top!","['cat', 'dog', 'run', 'sit', 'big', 'red', 'top', 'map', 'sun', 'leg']",3,HuggingFace,2,,basic single-syllable words,basic single-syllable words
The Big Red Dog,"The big red dog can run and sit in the hot sun.  
A cat naps on top of the map with its leg tucked in.  
The dog and cat play tag but stop when the sun dips low.","['cat', 'dog', 'run', 'sit', 'big', 'red', 'top', 'map', 'sun', 'leg']",3,HuggingFace,2,"digraph, blend, vowel_team","consonant blends, consonant digraphs","consonant digraphs, consonant blends"
My Big Fun Fam,"Mom has a cat.  
Dad has a dog.  
I hug my sis.","['a, e, i, o, u', 'b, c, d, f, g', 'h, j, k, l, m', 'n, p, q, r, s', 't, v, w, x, y, z']",3,HuggingFace,2,,basic single-syllable words,basic single-syllable words
My Fun Family,"Mom has a big red bag.  
Dad can fix the jam lid.  
My pup runs to get it.","['a, e, i, o, u', 'b, c, d, f, g', 'h, j, k, l, m', 'n, p, q, r, s', 't, v, w, x, y, z']",3,HuggingFace,2,,basic single-syllable words,basic single-syllable words
My Big Family,"Mom and Dad sit with me as we pet our big, red dog.  
My little sis jumps up to hug Gran, who has a big grin.  
We all clap when Pop gets us a fun gift—a soft quilt!","['a, e, i, o, u', 'b, c, d, f, g', 'h, j, k, l, m', 'n, p, q, r, s', 't, v, w, x, y, z']",3,HuggingFace,3,"digraph, blend, vowel_team, l_controlled, multisyllabic","consonant blends, consonant digraphs","consonant digraphs, consonant blends"
My Mom and Dad,"Mom has a cat.  
Dad has a dog.  
The cat and dog nap.","['simple consonants', 'short vowels', 'basic blending']",3,HuggingFace,2,blend,basic single-syllable words,basic single-syllable words
My Fun Fam,"Mom hugs me.  
Dad has a big hat.  
The dog naps on the mat.","['simple consonants', 'short vowels', 'basic blending']",3,HuggingFace,2,,basic single-syllable words,basic single-syllable words
The Big Red Van,"Dad can pack the big red van with bags and mats.  
Mom and Sam grab the pup and hop in fast.  
The van hums as it bumps past the pond to Gram's!","['simple consonants', 'short vowels', 'basic blending']",3,HuggingFace,3,"digraph, blend","consonant blends, consonant digraphs","consonant digraphs, consonant blends"
My Big Red Dog,"The big dog can run.  
The cat can sit on top.  
I see the sun on the map.","['cat', 'dog', 'run', 'sit', 'big', 'red', 'top', 'map', 'sun', 'leg']",3,HuggingFace,2,vowel_team,basic single-syllable words,basic single-syllable words
My Fun Family,"Mom has a big red cat.  
Dad and the dog run in the sun.  
I sit on top of the map with my leg up!","['cat', 'dog', 'run', 'sit', 'big', 'red', 'top', 'map', 'sun', 'leg']",3,HuggingFace,2,"digraph, blend",basic single-syllable words,basic single-syllable words
Fun with My Family,"Mom and Dad let the big red dog sit on the rug.  
My little cat can run to the top of the map stand.  
We hop and jog in the hot sun, then rest our legs!","['cat', 'dog', 'run', 'sit', 'big', 'red', 'top', 'map', 'sun', 'leg']",3,HuggingFace,3,"digraph, blend, multisyllabic",consonant blends,consonant blends
The Fish and the Whale,"The fish has a shop.  
The whale can swim fast.  
When will the fish chat?  
That is a big shell!","['ch: chair, church', 'sh: shop, fish', 'th: that, think', 'wh: when, what']",4,HuggingFace,4,"digraph, blend, final_e, l_controlled","consonant digraphs, consonant blends","consonant digraphs, consonant blends"
Chad and the Fish,"Chad has a fish shop with lots of fish.  
The fish swim fast when Chad taps the tank.  
""What fish is that?"" asks his pal Beth.  
Chad thinks the red fish is the best!","['ch: chair, church', 'sh: shop, fish', 'th: that, think', 'wh: when, what']",4,HuggingFace,3,"digraph, blend, l_controlled","consonant digraphs, consonant blends","consonant digraphs, consonant blends"
Chad and the Whale,"Chad the chipmunk shops for fish at the shore when the sun is hot.  
He thinks that the shells and shiny rocks will make his den look rich.  
""What is that big splash?"" Chad shouts as he spots a whale in the waves.  
The whale shows Chad how to flip and splash, which makes him cheer with joy!","['ch: chair, church', 'sh: shop, fish', 'th: that, think', 'wh: when, what']",4,HuggingFace,3,"digraph, blend, final_e, vowel_team, r_controlled, l_controlled, diphthong, multisyllabic","consonant digraphs, consonant blends, diphthongs","consonant digraphs, consonant blends, final-e words, vowel teams, r-controlled vowels, diphthongs"
Frog and Crab,"The frog can swim fast.  
The crab has a black shell.  
They play in the green grass.  
The frog gives a big smile.","['bl: black, blue', 'br: brown, bread', 'cl: class, clean', 'cr: crab, cry', 'dr: drop, drink', 'fl: flag, fly', 'fr: from, frog', 'gl: glad, glass', 'gr: green, grow', 'pl: play, please', 'pr: pretty, print', 'sc: scare, school', 'sk: skip, sky', 'sl: slow, sleep', 'sm: small, smile', 'sn: snow, snack', 'sp: spin, sport', 'st: stop, start', 'sw: swim, sweet', 'tr: tree, try', 'tw: twelve, twin']",4,HuggingFace,3,"digraph, blend, final_e, vowel_team","consonant blends, vowel teams, consonant digraphs","consonant digraphs, consonant blends, vowel teams"
Frog and Crab Play,"The frog can swim fast in the green pond.  
A crab will skip on the sand with a smile.  
The twin ducks stop to drink from the stream.  
Let’s play and try to spot them all!","['bl: black, blue', 'br: brown, bread', 'cl: class, clean', 'cr: crab, cry', 'dr: drop, drink', 'fl: flag, fly', 'fr: from, frog', 'gl: glad, glass', 'gr: green, grow', 'pl: play, please', 'pr: pretty, print', 'sc: scare, school', 'sk: skip, sky', 'sl: slow, sleep', 'sm: small, smile', 'sn: snow, snack', 'sp: spin, sport', 'st: stop, start', 'sw: swim, sweet', 'tr: tree, try', 'tw: twelve, twin']",4,HuggingFace,3,"digraph, blend, final_e, vowel_team, l_controlled","consonant blends, vowel teams, consonant digraphs","consonant digraphs, consonant blends, vowel teams"
The Brave Frog and the Crab,"The frog likes to swim in the green pond and jump from twig to twig.  
A crab with black claws cries when it gets stuck in a small crack.  
The frog is glad to help and tries to free the crab with a strong push.  
They play in the clean water and smile as the sun starts to set.","['bl: black, blue', 'br: brown, bread', 'cl: class, clean', 'cr: crab, cry', 'dr: drop, drink', 'fl: flag, fly', 'fr: from, frog', 'gl: glad, glass', 'gr: green, grow', 'pl: play, please', 'pr: pretty, print', 'sc: scare, school', 'sk: skip, sky', 'sl: slow, sleep', 'sm: small, smile', 'sn: snow, snack', 'sp: spin, sport', 'st: stop, start', 'sw: swim, sweet', 'tr: tree, try', 'tw: twelve, twin']",4,HuggingFace,5,"digraph, blend, final_e, vowel_team, r_controlled, l_controlled, diphthong, multisyllabic","consonant blends, consonant digraphs, vowel teams","consonant digraphs, consonant blends, vowel teams"
Pete the Snake,"Pete can make a home.  
He will take a nap.  
He likes the same rock.  
I hope he wakes in time!","['make, take, like, home, use, hope, same, time']",4,HuggingFace,4,"digraph, final_e",final-e words,final-e words
Jake and the Snake,"Jake can make a home for the snake.  
The snake will take a nap in the shade.  
Jake hopes the snake will like its new spot.  
It is time to use the same box again!","['make, take, like, home, use, hope, same, time']",4,HuggingFace,4,"digraph, blend, final_e, vowel_team, r_controlled, multisyllabic","final-e words, consonant blends","consonant blends, final-e words"
Jake the Snake's Big Day,"Jake the snake can make a home in the same old log.  
He likes to take his time and slide up the wide slope.  
At dusk, he hopes to use his nose to find a tasty bite.  
When the moon shines, Jake rests at home with a smile on his face.","['make, take, like, home, use, hope, same, time']",4,HuggingFace,4,"digraph, blend, final_e, vowel_team, multisyllabic","final-e words, consonant blends, consonant digraphs","consonant digraphs, consonant blends, final-e words"
The Singing Skunk,"The skunk can sing.  
It sits on a pink bank.  
The song is long.  
I think it is fun!","['ng: ring, sing, long', 'nk: bank, think, pink']",4,HuggingFace,3,"digraph, blend",consonant digraphs,consonant digraphs
The Singing Skunk,"The skunk can sing a long song.  
It sits on a pink rock by the bank.  
A duck with a ring will think and wink.  
The skunk and duck sing ""Ding dong!""","['ng: ring, sing, long', 'nk: bank, think, pink']",4,HuggingFace,3,"digraph, blend","consonant digraphs, consonant blends","consonant digraphs, consonant blends"
The Singing Skunk,"A skunk with a pink ring on its tail likes to sing a long song by the bank.  
The skunk will wink and think before it lifts its tail with a swing.  
A king snake slinks by but does not blink at the singing skunk.  
At dusk, the skunk stops to drink and rests on a strong log.","['ng: ring, sing, long', 'nk: bank, think, pink']",4,HuggingFace,3,"digraph, blend, final_e, vowel_team, r_controlled, multisyllabic","consonant blends, consonant digraphs, final-e words","consonant digraphs, consonant blends, final-e words"
Fun with Animals,"The cat naps on the mat. 
A goat eats hay in the sun. 
The snake slides on a log.   
A turtle hides in a puddle.","['closed', 'open', 'magic e', 'vowel team', 'r-controlled', 'consonant-le']",4,HuggingFace,4,"blend, final_e, vowel_team, r_controlled, multisyllabic","vowel teams, consonant blends","consonant blends, vowel teams"
Fun at the Zoo,"The cat naps in the sun on a flat rock.  
A huge ape eats ripe grapes with glee. 
The bird in the tree has a red wing. 
Go see the zebra run so fast!","['closed', 'open', 'magic e', 'vowel team', 'r-controlled', 'consonant-le']",4,HuggingFace,4,"digraph, blend, final_e, vowel_team, r_controlled, multisyllabic","consonant blends, vowel teams, consonant digraphs","consonant digraphs, consonant blends, final-e words, vowel teams"
The Brave Little Hare,"The hare hid in a log as the storm raged outside.  
She made a safe nest with soft  leaves and twigs.  
When the sun rose, she spied a purple flower by the stream.  
The hare hopped home, happy and brave once more.","['closed', 'open', 'magic e', 'vowel team', 'r-controlled', 'consonant-le']",4,HuggingFace,6,"digraph, blend, final_e, vowel_team, r_controlled, diphthong, multisyllabic","consonant blends, final-e words, r-controlled vowels","consonant digraphs, consonant blends, final-e words, vowel teams, r-controlled vowels, diphthongs, multisyllabic words"
Pets and Boxes,"The cats and dogs played.  
The cats jumped on boxes.  
The dogs wished for treats.  
Mom wanted happy pets.","['cats, dogs', 'boxes, wishes', 'jumped, played, wanted']",4,HuggingFace,3,"digraph, blend, vowel_team, r_controlled, multisyllabic","multisyllabic words, consonant blends, vowel teams","consonant blends, vowel teams, multisyllabic words"
Pets and Their Tricks,"The cats and dogs played in the yard.  
The pups jumped over small boxes.  
Mom wished for less messes.  
The pets wanted more fun games.","['cats, dogs', 'boxes, wishes', 'jumped, played, wanted']",4,HuggingFace,4,"digraph, blend, final_e, vowel_team, r_controlled, l_controlled, multisyllabic","multisyllabic words, r-controlled vowels, consonant blends","consonant blends, r-controlled vowels, multisyllabic words"
Pets and Their Wishes,"The cats and dogs played in the yard as the sun dipped behind the trees.  
The cats wished for soft beds while the dogs wanted big bones to chew.  
They jumped over boxes and raced past bushes with happy barks and meows.  
When dinner time came, all the pets rushed inside and rested on their cozy mats.","['cats, dogs', 'boxes, wishes', 'jumped, played, wanted']",4,HuggingFace,4,"digraph, blend, final_e, vowel_team, r_controlled, l_controlled, diphthong, multisyllabic","multisyllabic words, consonant blends, consonant digraphs","consonant digraphs, consonant blends, final-e words, vowel teams, r-controlled vowels, multisyllabic words"
My Fun Family,"Mom shops for fish.  
Dad sits in the chair.  
Beth thinks that is fun.  
When will we eat?","['ch: chair, church', 'sh: shop, fish', 'th: that, think', 'wh: when, what']",4,HuggingFace,3,"digraph, vowel_team, r_controlled","consonant digraphs, r-controlled vowels, vowel teams","consonant digraphs, vowel teams, r-controlled vowels"
The Ship Trip,"Mom and Dad shop for fish at the dock.  
When will the ship set off with them?  
Chad thinks that the waves are fun!  
The wharf has chairs for us to sit.","['ch: chair, church', 'sh: shop, fish', 'th: that, think', 'wh: when, what']",4,HuggingFace,3,"digraph, blend, vowel_team, r_controlled","consonant digraphs, r-controlled vowels","consonant digraphs, r-controlled vowels"
The Big Day at Church,"When we go to church, Mom sits in the big red chair while Dad shakes hands with friends.  
After that, we shop at the fish market and pick fresh shrimp for lunch.  
""What should we think about for dinner?"" asks my brother as we drive home.  
The whole family cheers when Dad says we can have chicken with thick bread!","['ch: chair, church', 'sh: shop, fish', 'th: that, think', 'wh: when, what']",4,HuggingFace,6,"digraph, blend, final_e, vowel_team, r_controlled, diphthong, multisyllabic","consonant digraphs, r-controlled vowels, multisyllabic words","consonant digraphs, consonant blends, final-e words, vowel teams, r-controlled vowels, multisyllabic words"
My Fun Family,"Dad has a black truck.  
Mom bakes sweet bread.  
We play in the green grass.  
My twin is glad!","['bl: black, blue', 'br: brown, bread', 'cl: class, clean', 'cr: crab, cry', 'dr: drop, drink', 'fl: flag, fly', 'fr: from, frog', 'gl: glad, glass', 'gr: green, grow', 'pl: play, please', 'pr: pretty, print', 'sc: scare, school', 'sk: skip, sky', 'sl: slow, sleep', 'sm: small, smile', 'sn: snow, snack', 'sp: spin, sport', 'st: stop, start', 'sw: swim, sweet', 'tr: tree, try', 'tw: twelve, twin']",4,HuggingFace,5,"digraph, blend, vowel_team","consonant blends, vowel teams, consonant digraphs","consonant digraphs, consonant blends, vowel teams"
Fun with My Family,"My twin and I skip to the green tree.  
Dad will grill sweet corn at noon.  
Mom has a small flag for our play.  
We stop to smile and clap with joy.","['bl: black, blue', 'br: brown, bread', 'cl: class, clean', 'cr: crab, cry', 'dr: drop, drink', 'fl: flag, fly', 'fr: from, frog', 'gl: glad, glass', 'gr: green, grow', 'pl: play, please', 'pr: pretty, print', 'sc: scare, school', 'sk: skip, sky', 'sl: slow, sleep', 'sm: small, smile', 'sn: snow, snack', 'sp: spin, sport', 'st: stop, start', 'sw: swim, sweet', 'tr: tree, try', 'tw: twelve, twin']",4,HuggingFace,6,"digraph, blend, final_e, vowel_team, r_controlled, l_controlled, diphthong","consonant blends, vowel teams, r-controlled vowels","consonant blends, vowel teams, r-controlled vowels"
The Glad Family,"Glen and Grace grab a glass of milk and play with their twin pups in the green grass.  
Mom prints a pretty flag while Dad drives to school to pick up their big brother.  
The small pups snack on crumbs and sleep by the steps after a long day.  
At night, the whole family sits by the tree and starts to smile as they swing under the stars.","['bl: black, blue', 'br: brown, bread', 'cl: class, clean', 'cr: crab, cry', 'dr: drop, drink', 'fl: flag, fly', 'fr: from, frog', 'gl: glad, glass', 'gr: green, grow', 'pl: play, please', 'pr: pretty, print', 'sc: scare, school', 'sk: skip, sky', 'sl: slow, sleep', 'sm: small, smile', 'sn: snow, snack', 'sp: spin, sport', 'st: stop, start', 'sw: swim, sweet', 'tr: tree, try', 'tw: twelve, twin']",4,HuggingFace,6,"digraph, blend, final_e, vowel_team, r_controlled, l_controlled, multisyllabic","consonant blends, consonant digraphs, vowel teams","consonant digraphs, consonant blends, final-e words, vowel teams, r-controlled vowels, multisyllabic words"
My Happy Home,"I like to make a cake.  
Mom and Dad take me home.  
We hope to use the same pan.  
It is time to eat!","['make, take, like, home, use, hope, same, time']",4,HuggingFace,4,"blend, final_e, vowel_team",final-e words,final-e words
A Fun Time at Home,"Mom will make a cake at home.  
Dad can take the same time to help.  
I like to use the big bowl.  
We hope it will taste great!","['make, take, like, home, use, hope, same, time']",4,HuggingFace,4,"blend, final_e",final-e words,final-e words
Kate's Big Day,"Kate will make a cake with Mom at home and take it to Grandma's house.  
She likes to use pink icing and hopes it will taste the same as last time.  
At five, Kate and Mom slide the cake in to bake, then set the timer just in time.  
When the cake is done, Kate's whole family will smile and say, ""It looks great!""","['make, take, like, home, use, hope, same, time']",4,HuggingFace,4,"digraph, blend, final_e, vowel_team, r_controlled, multisyllabic","final-e words, consonant blends, consonant digraphs","consonant digraphs, consonant blends, final-e words, vowel teams, multisyllabic words"
The Singing Family,"Mom has a pink ring.  
Dad can sing a long song.  
I think Hank has a bank.  
We are a happy gang!","['ng: ring, sing, long', 'nk: bank, think, pink']",4,HuggingFace,3,"digraph, multisyllabic",consonant digraphs,consonant digraphs
The Singing Ring,"Mom has a pink ring that can sing.  
Dad will think and wink at the bank.  
The long song makes us all clang.  
Let’s sing and thank our family!","['ng: ring, sing, long', 'nk: bank, think, pink']",4,HuggingFace,3,"digraph, blend, l_controlled, multisyllabic","consonant digraphs, consonant blends","consonant digraphs, consonant blends"
The Singing Siblings,"Hank and Ling sing a long song as they swing on the pink swing.  
Mom will bring a ring to the bank after she stops to think.  
Dad hung a strong string of lights that blink and wink at night.  
The whole family clinks their drinks and thanks King for the fun evening!","['ng: ring, sing, long', 'nk: bank, think, pink']",4,HuggingFace,3,"digraph, blend, final_e, vowel_team, r_controlled, multisyllabic","consonant digraphs, consonant blends, multisyllabic words","consonant digraphs, consonant blends, vowel teams, r-controlled vowels, multisyllabic words"
My Big Family,"Mom has a red van 
Dad likes to bake
We see the green tree
The kids play with a puzzle","['closed', 'open', 'magic e', 'vowel team', 'r-controlled', 'consonant-le']",4,HuggingFace,4,"digraph, blend, final_e, vowel_team, multisyllabic","vowel teams, consonant blends","consonant blends, vowel teams"
My Fun Family,"My dad rides a bike with me.
Mom bakes a sweet cake.
My sister curls her hair.  
We play as a team.","['closed', 'open', 'magic e', 'vowel team', 'r-controlled', 'consonant-le']",4,HuggingFace,5,"digraph, blend, final_e, vowel_team, r_controlled, multisyllabic","r-controlled vowels, vowel teams, final-e words","consonant blends, final-e words, vowel teams, r-controlled vowels"
My Big Family,"My dad and mom take me to the lake where we ride in a little boat. 
We see green trees and hear birds chirp as the sun shines bright. 
My big brother likes to hike up steep hills while I skip stones.
At night, we sit by the fire and share fun tales before bed.","['closed', 'open', 'magic e', 'vowel team', 'r-controlled', 'consonant-le']",4,HuggingFace,6,"digraph, blend, final_e, vowel_team, r_controlled, l_controlled, multisyllabic","consonant blends, vowel teams, final-e words","consonant digraphs, consonant blends, final-e words, vowel teams, r-controlled vowels, multisyllabic words"
My Happy Family,"Mom hugs the cats and dogs.  
Dad fixes the boxes with wishes.  
We jumped and played in the yard.  
Grandma wanted to bake us treats.","['cats, dogs', 'boxes, wishes', 'jumped, played, wanted']",4,HuggingFace,4,"digraph, blend, final_e, vowel_team, r_controlled, multisyllabic","multisyllabic words, consonant blends, vowel teams","consonant digraphs, consonant blends, vowel teams, multisyllabic words"
My Fun Family,"Mom packed boxes of snacks for our trip.  
The cats and dogs played in the yard.  
Dad jumped when he saw the big frog.  
I wished for more days with my family.","['cats, dogs', 'boxes, wishes', 'jumped, played, wanted']",4,HuggingFace,3,"digraph, blend, final_e, vowel_team, r_controlled, diphthong, multisyllabic","consonant blends, consonant digraphs, r-controlled vowels","consonant digraphs, consonant blends, vowel teams, r-controlled vowels"
Pets and Playtime,"Mom packed two boxes with treats for our cats and dogs.  
Dad wished for sunny days so we played in the yard.  
The dogs jumped and barked when the kids raced past them.  
I wanted to help feed the pets, so I grabbed their dishes.","['cats, dogs', 'boxes, wishes', 'jumped, played, wanted']",4,HuggingFace,5,"digraph, blend, vowel_team, r_controlled, multisyllabic","consonant blends, consonant digraphs, multisyllabic words","consonant digraphs, consonant blends, vowel teams, r-controlled vowels, multisyllabic words"
The Blue Jay and the Mouse,"The blue jay can see a tree.  
A small mouse eats in the house.  
The boy has a toy boat.  
Look at the rain on the train!  
The jay and mouse play all day.","['ai: rain, train', 'ay: play, say', 'ea: eat, read', 'ee: tree, see', 'oa: boat, coat', 'ow: show, know', 'ou: house, mouse', 'oy: boy, toy', 'oo: book, look', 'ue: blue, true']",5,HuggingFace,7,"blend, final_e, vowel_team, l_controlled, diphthong","vowel teams, consonant blends, diphthongs","consonant blends, vowel teams, l-controlled vowels, diphthongs"
A Day at the Zoo,"The boy and his toy boat float near the blue seal pool.  
We see three green parrots eat seeds on a tree.  
A gray mouse hides in its house made of hay.  
The rain stops, so the goats play in the wet grass.  
At noon, we look at a show with a smart crow.","['ai: rain, train', 'ay: play, say', 'ea: eat, read', 'ee: tree, see', 'oa: boat, coat', 'ow: show, know', 'ou: house, mouse', 'oy: boy, toy', 'oo: book, look', 'ue: blue, true']",5,HuggingFace,5,"digraph, blend, final_e, vowel_team, r_controlled, l_controlled, diphthong, multisyllabic","vowel teams, consonant blends, diphthongs","consonant digraphs, consonant blends, final-e words, vowel teams, r-controlled vowels, diphthongs"
The Brave Blue Jay,"The blue jay flew high to see if rain would come, but the sky stayed true and bright.  
A small mouse in the house peeked out to play near the old oak tree.  
The boy with his toy boat floated it on the lake, hoping to show his friends.  
Two goats in coats tried to eat the green leaves near the stream.  
At noon, the sleepy owl took a quick look from its branch before closing its eyes.","['ai: rain, train', 'ay: play, say', 'ea: eat, read', 'ee: tree, see', 'oa: boat, coat', 'ow: show, know', 'ou: house, mouse', 'oy: boy, toy', 'oo: book, look', 'ue: blue, true']",5,HuggingFace,5,"digraph, blend, final_e, vowel_team, r_controlled, l_controlled, diphthong, multisyllabic","vowel teams, consonant blends, consonant digraphs","consonant digraphs, consonant blends, final-e words, vowel teams, r-controlled vowels, diphthongs, multisyllabic words"
The Farm Animals,"The farmer feeds the horse and cow.  
A bird sits on the barn roof.  
The girl gives water to the dog.  
The cat naps in the short grass.  
A turtle takes a turn in the sun.","['ar: car, start', 'er: her, water', 'ir: girl, bird', 'or: for, short', 'ur: turn, hurt']",5,HuggingFace,6,"digraph, blend, vowel_team, r_controlled, diphthong, multisyllabic","r-controlled vowels, multisyllabic words, vowel teams","consonant blends, vowel teams, r-controlled vowels, multisyllabic words"
The Farm and the Forest,"A girl and her bird start to walk toward the farm.  
The short horse turns to munch on fresh green grass.  
A hurt fox curls up near a big red barn.  
The farmer gives water to the thirsty cows.  
The sun sets, and the stars sparkle over the quiet farm.","['ar: car, start', 'er: her, water', 'ir: girl, bird', 'or: for, short', 'ur: turn, hurt']",5,HuggingFace,6,"digraph, blend, vowel_team, r_controlled, diphthong, multisyllabic","r-controlled vowels, consonant blends, multisyllabic words","consonant digraphs, consonant blends, vowel teams, r-controlled vowels, diphthongs, multisyllabic words"
The Farm Adventure,"A girl and her bird start their walk to the farm at sunrise.  
They turn past the barn to see a horse munching on short grass.  
Near the water, a large carp swirls in circles with a splash.  
The girl hurries to warn the farmer when she spots a hurt lamb.  
After her kind act, the farmer gives her a jar of fresh honey for being so smart!","['ar: car, start', 'er: her, water', 'ir: girl, bird', 'or: for, short', 'ur: turn, hurt']",5,HuggingFace,6,"digraph, blend, final_e, vowel_team, r_controlled, multisyllabic","r-controlled vowels, consonant blends, multisyllabic words","consonant digraphs, consonant blends, vowel teams, r-controlled vowels, multisyllabic words"
Happy the Rabbit,"Happy the rabbit is running fast.  
His sister is better at hopping.  
Be careful near the table, Happy!  
The happy rabbit eats a carrot.  
His sister finds a better snack.","['happy, better, running, careful, table, sister']",5,HuggingFace,6,"digraph, blend, vowel_team, r_controlled, multisyllabic","multisyllabic words, r-controlled vowels, consonant digraphs","consonant digraphs, consonant blends, vowel teams, r-controlled vowels, multisyllabic words"
Happy the Careful Rabbit,"Happy the rabbit is running to her sister.  
She hops better when she is careful on the table.  
Her sister helps her find the happy spot.  
They eat carrots and sit by the little table.  
Running fast makes them both feel better!","['happy, better, running, careful, table, sister']",5,HuggingFace,6,"digraph, blend, vowel_team, r_controlled, multisyllabic","multisyllabic words, r-controlled vowels, consonant digraphs","consonant digraphs, consonant blends, vowel teams, r-controlled vowels, multisyllabic words"
The Happy Rabbit and Her Sister,"The happy rabbit was running faster than her sister through the tall grass.  
""I can hop better if I'm careful with my big jumps,"" said the little rabbit.  
The sister rabbit placed some carrots on the old wooden table for their snack.  
They were both careful not to wake the sleeping fox under the shady tree.  
After their fun race, the happy rabbits rested together in the warm sunshine.","['happy, better, running, careful, table, sister']",5,HuggingFace,6,"digraph, blend, final_e, vowel_team, r_controlled, l_controlled, multisyllabic","multisyllabic words, r-controlled vowels, consonant digraphs","consonant digraphs, consonant blends, final-e words, vowel teams, r-controlled vowels, multisyllabic words"
The Bridge at Night,"The cat can catch a fish.  
The dog will watch the bridge.  
A judge sits on the edge.  
The light shines at night.  
The fox jumps in the light.","['tch: catch, watch', 'dge: bridge, judge', 'igh: light, night']",5,HuggingFace,3,"digraph, blend, vowel_team","consonant digraphs, vowel teams","consonant digraphs, vowel teams"
The Night Watch,"At night, the cat will watch for mice near the bridge.  
A small hedgehog can catch bugs in the light.  
The judge frog sits on a log by the edge of the pond.  
Bats fly high in the sky when the moon is bright.  
The dog will dodge the ducks as they march past the ditch.","['tch: catch, watch', 'dge: bridge, judge', 'igh: light, night']",5,HuggingFace,3,"digraph, blend, final_e, vowel_team, r_controlled, l_controlled, multisyllabic","consonant blends, vowel teams, consonant digraphs","consonant digraphs, consonant blends, vowel teams, r-controlled vowels"
The Night Watch,"At night, the wise owl will watch from his perch near the bridge.  
A quick fox might try to catch a small mouse in the pale moonlight.  
The badger will judge if it’s safe to cross the old wooden bridge.  
Fireflies glow with a soft light as they flit through the dark night.  
When the sun rises, the animals dge back to their homes to rest.","['tch: catch, watch', 'dge: bridge, judge', 'igh: light, night']",5,HuggingFace,6,"digraph, blend, final_e, vowel_team, r_controlled, l_controlled, diphthong, multisyllabic","consonant blends, vowel teams, consonant digraphs","consonant digraphs, consonant blends, final-e words, vowel teams, r-controlled vowels, l-controlled vowels, diphthongs, multisyllabic words"
Fun at the Zoo,"The fox is running fast.  
The frog is jumping high.  
The pups are playing tag.  
The panda is reading a book.  
The parrot is writing words.","['running, jumping, playing, reading, writing']",5,HuggingFace,3,"digraph, blend, vowel_team, r_controlled, multisyllabic","multisyllabic words, consonant digraphs, vowel teams","consonant digraphs, consonant blends, vowel teams, r-controlled vowels, multisyllabic words"
Fun at the Zoo,"The lion cubs are running fast in the grass.  
The monkeys are jumping from branch to branch.  
The otters are playing in the water.  
The teacher is reading a book about pandas.  
The zookeeper is writing notes about the animals.","['running, jumping, playing, reading, writing']",5,HuggingFace,4,"digraph, blend, vowel_team, r_controlled, l_controlled, diphthong, multisyllabic","multisyllabic words, consonant digraphs, vowel teams","consonant digraphs, consonant blends, vowel teams, r-controlled vowels, multisyllabic words"
The Busy Animals,"The rabbits are running fast through the tall grass, jumping over small logs.  
Two monkeys are playing in the trees, swinging from branch to branch.  
A wise owl is reading a book under the moonlight, turning pages with its beak.  
The clever fox is writing notes in the dirt with its paw, planning its next adventure.  
All the animals are working hard, but they still find time for resting and snacking!","['running, jumping, playing, reading, writing']",5,HuggingFace,6,"digraph, blend, final_e, vowel_team, r_controlled, l_controlled, diphthong, multisyllabic","multisyllabic words, consonant digraphs, consonant blends","consonant digraphs, consonant blends, final-e words, vowel teams, r-controlled vowels, l-controlled vowels, diphthongs, multisyllabic words"
Puppies and Kitties,"The buff pup has a doll.  
Mom will give the kitties a kiss.  
The pups are running fast.  
The cat stopped by the bed.  
The babies tried to nap.","['Floss: buff, kiss, doll', 'E Ending: have, give', 'Doubling: running, stopped', 'Y Rule: babies, tried']",5,HuggingFace,4,"digraph, blend, vowel_team, multisyllabic","multisyllabic words, vowel teams, consonant blends","consonant blends, vowel teams, multisyllabic words"
The Zoo Trip,"The buff lion gave his cubs a big kiss.  
Mom will have to give the babies their milk soon.  
The pups stopped running when they saw the doll.  
The ducklings tried to hop on the big rock.  
The zookeeper is getting the animals their snacks.","['Floss: buff, kiss, doll', 'E Ending: have, give', 'Doubling: running, stopped', 'Y Rule: babies, tried']",5,HuggingFace,6,"digraph, blend, final_e, vowel_team, r_controlled, l_controlled, diphthong, multisyllabic","multisyllabic words, consonant digraphs, vowel teams","consonant digraphs, consonant blends, vowel teams, multisyllabic words"
The Zoo Trip,"The buff lion stopped napping when the zookeeper brought his lunch.  
Three baby monkeys tried to kiss their mom through the glass wall.  
The running zebras have strong legs that help them escape danger.  
A kind worker will give the fluffy doll to the little tiger cubs.  
The babies giggled when the otters flipped and splashed in the pool.","['Floss: buff, kiss, doll', 'E Ending: have, give', 'Doubling: running, stopped', 'Y Rule: babies, tried']",5,HuggingFace,8,"digraph, blend, final_e, vowel_team, r_controlled, l_controlled, diphthong, multisyllabic","multisyllabic words, consonant blends, consonant digraphs","consonant digraphs, consonant blends, vowel teams, r-controlled vowels, multisyllabic words"
A Day with My Family,"We play in the rain near our blue house.  
Mom and Dad eat by the tree.  
My boy has a toy boat.  
Look at the train go fast!  
I see my coat on the chair. ","['ai: rain, train', 'ay: play, say', 'ea: eat, read', 'ee: tree, see', 'oa: boat, coat', 'ow: show, know', 'ou: house, mouse', 'oy: boy, toy', 'oo: book, look', 'ue: blue, true']",5,HuggingFace,5,"digraph, blend, vowel_team, r_controlled, diphthong","vowel teams, consonant blends, diphthongs","consonant blends, vowel teams, r-controlled vowels, diphthongs"
A Fun Day with My Family,"We play in the rain and see a big rainbow show.  
Dad reads a book while Mom eats a peach by the tree.  
My brother and I sail a toy boat in the blue pool.  
At night, we look at the moon and say goodnight.  
Our house is full of joy when we stay together!","['ai: rain, train', 'ay: play, say', 'ea: eat, read', 'ee: tree, see', 'oa: boat, coat', 'ow: show, know', 'ou: house, mouse', 'oy: boy, toy', 'oo: book, look', 'ue: blue, true']",5,HuggingFace,5,"digraph, blend, final_e, vowel_team, r_controlled, diphthong, multisyllabic","vowel teams, consonant blends, consonant digraphs","consonant digraphs, consonant blends, vowel teams, r-controlled vowels, diphthongs, multisyllabic words"
A Day with My Family,"On a rainy day, my brother and I play with our toy train near the big oak tree.  
At noon, we eat lunch and read a book about a blue boat that sails away.  
My mom shows us how to bake sweet treats while Dad fixes our old house.  
Later, we see a boy with a red coat who knows how to skip stones at the lake.  
As the sun sets, we say it’s true—family time is the best part of every day!","['ai: rain, train', 'ay: play, say', 'ea: eat, read', 'ee: tree, see', 'oa: boat, coat', 'ow: show, know', 'ou: house, mouse', 'oy: boy, toy', 'oo: book, look', 'ue: blue, true']",5,HuggingFace,5,"digraph, blend, final_e, vowel_team, r_controlled, diphthong, multisyllabic","vowel teams, consonant blends, multisyllabic words","consonant digraphs, consonant blends, final-e words, vowel teams, r-controlled vowels, diphthongs, multisyllabic words"
My Big Family,"Mom and Dad start the car.  
My sister has a bird.  
The girl gets her turn.  
We stop for a short trip.  
Dad will hurt his arm.  ","['ar: car, start', 'er: her, water', 'ir: girl, bird', 'or: for, short', 'ur: turn, hurt']",5,HuggingFace,6,"digraph, blend, r_controlled, multisyllabic","r-controlled vowels, consonant blends","consonant blends, r-controlled vowels"
A Fun Day with My Family,"My mom starts the car for our trip to the park.  
Her bird chirps as we turn onto a short road.  
The girl spots a red car near the big tree.  
We drink water and rest in the warm sun.  
Dad hurts his arm but still plays with us!","['ar: car, start', 'er: her, water', 'ir: girl, bird', 'or: for, short', 'ur: turn, hurt']",5,HuggingFace,6,"digraph, blend, vowel_team, r_controlled, multisyllabic","r-controlled vowels, consonant blends, vowel teams","consonant digraphs, consonant blends, vowel teams, r-controlled vowels"
The Big Family Turn,"Mark and his sister start their morning by helping their mom park the car near the market.  
Their little girl, Fern, waters the flowers while a red bird chirps in the birch tree.  
After a short walk, they stop for corn and herbs to make their favorite stir-fry.  
Dad takes his turn stirring the pot, but the steam makes his eyes hurt for a moment.  
When dinner is done, the whole family gathers around to share stories under the stars.","['ar: car, start', 'er: her, water', 'ir: girl, bird', 'or: for, short', 'ur: turn, hurt']",5,HuggingFace,8,"digraph, blend, final_e, vowel_team, r_controlled, diphthong, multisyllabic","r-controlled vowels, multisyllabic words, consonant blends","consonant digraphs, consonant blends, final-e words, vowel teams, r-controlled vowels, diphthongs, multisyllabic words"
My Happy Family,"My sister is happy.  
We sit at the table.  
Dad says running is better.  
Be careful with the cups!  
My family is the best!","['happy, better, running, careful, table, sister']",5,HuggingFace,4,"digraph, blend, r_controlled, multisyllabic","multisyllabic words, r-controlled vowels, consonant digraphs","consonant digraphs, r-controlled vowels, multisyllabic words"
A Happy Family Day,"My happy sister is running to the table with a big smile.  
Dad says careful when we set the plates so nothing falls.  
Mom makes the better pancakes that taste so sweet and fluffy.  
After breakfast, we play a careful game of tag in the yard.  
Our family is happy when we laugh and eat together.","['happy, better, running, careful, table, sister']",5,HuggingFace,6,"digraph, blend, final_e, vowel_team, r_controlled, l_controlled, diphthong, multisyllabic","multisyllabic words, consonant blends, r-controlled vowels","consonant digraphs, consonant blends, final-e words, vowel teams, r-controlled vowels, multisyllabic words"
A Happy Family Day,"My happy family sat around the table for a tasty dinner.  
My little sister is running faster now, and she gets better each day.  
Mom told us to be careful when carrying the plates to the sink.  
After dinner, we played a game that made everyone laugh and cheer.  
I love my family because they always make me feel happy and safe.","['happy, better, running, careful, table, sister']",5,HuggingFace,6,"digraph, blend, final_e, vowel_team, r_controlled, l_controlled, diphthong, multisyllabic","multisyllabic words, r-controlled vowels, consonant digraphs","consonant digraphs, consonant blends, final-e words, vowel teams, r-controlled vowels, diphthongs, multisyllabic words"
The Night Watch,"Mom will watch the light at night.  
Dad can catch the big bridge.  
The judge sits by the edge.  
We see the bright moon light.  
Let’s pitch the tent just right!","['tch: catch, watch', 'dge: bridge, judge', 'igh: light, night']",5,HuggingFace,3,"digraph, blend, vowel_team","vowel teams, consonant blends, consonant digraphs","consonant digraphs, consonant blends, vowel teams"
The Bright Night Catch,"At night, Mom and Dad watch the bright light in the sky.  
We sit on the bridge and try to catch fireflies.  
My little sister is a good judge of which bugs to pick.  
Dad says we must watch for bats in the dim light.  
We laugh as we dash to catch one last firefly!","['tch: catch, watch', 'dge: bridge, judge', 'igh: light, night']",5,HuggingFace,3,"digraph, blend, vowel_team, r_controlled, diphthong, multisyllabic","consonant blends, consonant digraphs, vowel teams","consonant digraphs, consonant blends, vowel teams, r-controlled vowels, multisyllabic words"
The Bright Night Watch,"At night, Mitch and his little sister watch the bright stars twinkle high in the sky.  
They sit on the bridge by their house and try to catch fireflies in a jar.  
Dad says, ""Don’t judge how many you catch—just enjoy the light show!""  
Mom brings a batch of fresh cookies, and they munch while gazing at the night.  
When it’s time for bed, Mitch hugs his parents tight and says, ""This was the best night!""","['tch: catch, watch', 'dge: bridge, judge', 'igh: light, night']",5,HuggingFace,5,"digraph, blend, final_e, vowel_team, r_controlled, diphthong, multisyllabic","consonant digraphs, consonant blends, multisyllabic words","consonant digraphs, consonant blends, final-e words, vowel teams, r-controlled vowels, diphthongs, multisyllabic words"
Fun with Family,"Mom is reading a book.  
Dad is writing a note.  
Ben is jumping on the bed.  
Lily is running in the yard.  
We are playing together!","['running, jumping, playing, reading, writing']",5,HuggingFace,5,"digraph, blend, final_e, vowel_team, r_controlled, multisyllabic","multisyllabic words, consonant digraphs, vowel teams","consonant digraphs, vowel teams, r-controlled vowels, multisyllabic words"
Fun with Family,"Mom is reading a book to my little brother.  
Dad and I are playing catch in the yard.  
My sister loves jumping on the trampoline.  
The dog keeps running after a bouncing ball.  
We are writing thank-you notes to Grandma.","['running, jumping, playing, reading, writing']",5,HuggingFace,7,"digraph, blend, final_e, vowel_team, r_controlled, l_controlled, diphthong, multisyllabic","multisyllabic words, consonant digraphs, consonant blends","consonant digraphs, consonant blends, vowel teams, r-controlled vowels, multisyllabic words"
Family Fun Day,"My little brother loves running around the yard while our dog keeps jumping over his toys.  
Mom and Dad are playing cards on the porch, laughing as the sun sets behind them.  
My sister sits under the tree, reading her favorite book with a big smile.  
I am writing a story about our family, remembering all the fun we have together.  
After dinner, we all go outside, running and playing until the stars come out.","['running, jumping, playing, reading, writing']",5,HuggingFace,8,"digraph, blend, final_e, vowel_team, r_controlled, l_controlled, diphthong, multisyllabic","multisyllabic words, r-controlled vowels, consonant digraphs","consonant digraphs, consonant blends, final-e words, vowel teams, r-controlled vowels, diphthongs, multisyllabic words"
My Fun Family,"Mom will give me a kiss.  
Dad has a buff doll.  
The babies have big hugs.  
We stopped running fast.  
I tried to help Mom.","['Floss: buff, kiss, doll', 'E Ending: have, give', 'Doubling: running, stopped', 'Y Rule: babies, tried']",5,HuggingFace,3,"digraph, blend, vowel_team, multisyllabic","consonant blends, vowel teams","consonant blends, vowel teams"
My Busy Family,"Mom will give my doll a big kiss and hug.  
Dad stopped running when the babies cried.  
We have a buff cat who naps all day.  
My sister tried to help, but she dropped the cups.  
The twins have little messes, but we love them!","['Floss: buff, kiss, doll', 'E Ending: have, give', 'Doubling: running, stopped', 'Y Rule: babies, tried']",5,HuggingFace,3,"digraph, blend, vowel_team, r_controlled, l_controlled, multisyllabic","consonant blends, multisyllabic words, vowel teams","consonant digraphs, consonant blends, vowel teams, multisyllabic words"
The Big Family Day,"Dad gave Mom a big kiss when she made his favorite fluffy buff pancakes for breakfast.  
The babies giggled as they tried to grab the doll that fell off the shelf.  
We have to give the dog a bath before he jumps on the clean rug.  
My little brother kept running and stopped suddenly when he saw the ice cream truck.  
At the picnic, we shared grapes and berries while the puppies played nearby.","['Floss: buff, kiss, doll', 'E Ending: have, give', 'Doubling: running, stopped', 'Y Rule: babies, tried']",5,HuggingFace,8,"digraph, blend, final_e, vowel_team, r_controlled, diphthong, multisyllabic","multisyllabic words, consonant blends, consonant digraphs","consonant digraphs, consonant blends, final-e words, vowel teams, r-controlled vowels, multisyllabic words"
The Beautiful Zoo Trip,"The zoo has beautiful animals.  
It is important to watch them.  
Each animal is different and fun.  
Mom uses her telephone for pictures.  
Remember to see the elephants!  
Our elementary class loves the zoo.","['beautiful, important, different, telephone, remember, elementary']",6,HuggingFace,8,"digraph, blend, final_e, vowel_team, r_controlled, l_controlled, diphthong, multisyllabic","multisyllabic words, r-controlled vowels, consonant digraphs","consonant digraphs, consonant blends, vowel teams, r-controlled vowels, l-controlled vowels, multisyllabic words"
The Beautiful Animal School,"The elementary school had a beautiful garden with different animals.  
It was important to remember each animal's favorite food.  
A telephone call alerted the class about a new different bird.  
The beautiful butterfly landed on the important science book.  
The teacher said, ""Remember, every elementary rule keeps animals safe.""  
The telephone rang again with news of a different, exciting field trip!","['beautiful, important, different, telephone, remember, elementary']",6,HuggingFace,8,"digraph, blend, final_e, vowel_team, r_controlled, l_controlled, diphthong, multisyllabic","multisyllabic words, r-controlled vowels, vowel teams","consonant digraphs, consonant blends, final-e words, vowel teams, r-controlled vowels, l-controlled vowels, diphthongs, multisyllabic words"
The Important Animal Meeting,"The elementary school class took a trip to see the beautiful animals at the wildlife park.  
They learned how different creatures, like elephants and kangaroos, live in separate habitats.  
The zookeeper used a telephone to call the vet when the lion seemed unwell.  
It’s important to remember that every animal has unique needs and behaviors.  
The students saw a beautiful peacock spread its colorful feathers in the sunlight.  
Before leaving, their teacher reminded them how elementary lessons help protect animals everywhere.","['beautiful, important, different, telephone, remember, elementary']",6,HuggingFace,8,"digraph, blend, final_e, vowel_team, r_controlled, l_controlled, diphthong, multisyllabic","multisyllabic words, r-controlled vowels, vowel teams","consonant digraphs, consonant blends, final-e words, vowel teams, r-controlled vowels, l-controlled vowels, diphthongs, multisyllabic words"
The Thoughtful Elephant,"The elephant weighs eight tons.  
She thought about her weight.  
She taught her calf to eat.  
They caught some tasty leaves.  
She bought some hay too.  
The eight friends ate together.","['eigh: eight, weight', 'augh: taught, caught', 'ough: thought, bought']",6,HuggingFace,6,"digraph, blend, vowel_team, r_controlled, l_controlled, diphthong, multisyllabic","vowel teams, consonant digraphs, multisyllabic words","consonant digraphs, consonant blends, vowel teams, r-controlled vowels, diphthongs, multisyllabic words"
The Thoughtful Elephant,"The elephant weighed eight hundred pounds and thought about her snack.  
She caught some hay with her trunk and taught her calf to eat.  
The zookeeper bought fresh fruit and brought it to them.  
The baby elephant fought for a bite but was caught by mom.  
They ate until they felt full and thought of napping.  
At night, the eight animals slept under the bright moon.","['eigh: eight, weight', 'augh: taught, caught', 'ough: thought, bought']",6,HuggingFace,8,"digraph, blend, final_e, vowel_team, r_controlled, l_controlled, diphthong, multisyllabic","consonant blends, multisyllabic words, vowel teams","consonant digraphs, consonant blends, vowel teams, r-controlled vowels, l-controlled vowels, diphthongs, multisyllabic words"
The Thoughtful Elephant,"The elephant thought she could weigh eight hundred pounds after eating all that hay.  
Her friend the giraffe caught her sneaking snacks and taught her about healthy habits.  
""You ought to share your food,"" said the monkey as he bought some fruit at the market.  
The zookeeper weighed the elephant again and was brought to tears when she lost weight.  
The animals all fought over who would get the eight juicy apples left in the basket.  
Through teamwork, they thought of a fair way to split the snacks without any fights.","['eigh: eight, weight', 'augh: taught, caught', 'ough: thought, bought']",6,HuggingFace,7,"digraph, blend, final_e, vowel_team, r_controlled, l_controlled, diphthong, multisyllabic","multisyllabic words, vowel teams, consonant digraphs","consonant digraphs, consonant blends, vowel teams, r-controlled vowels, l-controlled vowels, diphthongs, multisyllabic words"
The Knight and the Wren,"The knight has a sore knee.  
He knows how to climb the tree.  
A wren can write with its beak.  
The light shines on its nest.  
The knight taught the wren to fly.  
The wren sits on his thumb.","['kn: knee, know', 'wr: write, wrong', 'mb: thumb, climb', 'gh: light, taught']",6,HuggingFace,5,"digraph, blend, final_e, vowel_team, r_controlled, diphthong","vowel teams, consonant blends, diphthongs","consonant digraphs, consonant blends, final-e words, vowel teams, diphthongs"
The Knight and the Wren,"The knight knew a wren could climb high trees with its strong claws.  
He wrote in his book about the lamb that had a soft thumb.  
The wren taught her chicks to fly in the bright light.  
The knight was wrong to think small birds couldn't fly far.  
A silent ghoul hid near the lambs but meant no harm.  
At night, the knight would kneel and thank the wren for its song.","['kn: knee, know', 'wr: write, wrong', 'mb: thumb, climb', 'gh: light, taught']",6,HuggingFace,5,"digraph, blend, final_e, vowel_team, r_controlled, l_controlled, diphthong, multisyllabic","vowel teams, consonant blends, consonant digraphs","consonant digraphs, consonant blends, vowel teams, r-controlled vowels, diphthongs"
The Knight Who Knew Animals,"The brave knight knew how to write notes to his friends while riding his horse.  
He once saw a lamb climb the wrong path up the rocky hill.  
At night, he taught his owl to fly through the dim light of the moon.  
The knight used his thumb to point at a silent wren hiding in the branches.  
His knee ached after he helped a clumsy crab climb out of a ditch.  
With a sigh, he whispered, ""I know the forest animals will always find their way home.""","['kn: knee, know', 'wr: write, wrong', 'mb: thumb, climb', 'gh: light, taught']",6,HuggingFace,7,"digraph, blend, final_e, vowel_team, r_controlled, l_controlled, diphthong, multisyllabic","consonant digraphs, consonant blends, multisyllabic words","consonant digraphs, consonant blends, final-e words, vowel teams, r-controlled vowels, l-controlled vowels, diphthongs, multisyllabic words"
The Unhappy Lion's Redemption,"The lion felt unhappy in his cage.  
He needed a renewal of his wild ness.  
The zookeeper made a prediction about his movement.  
She gave him attention with care.  
The lion got a refreshment of space.  
Now he shows happiness each day!","['un-, re-, pre-', '-tion, -sion, -ment, -ness']",6,HuggingFace,7,"digraph, blend, final_e, vowel_team, r_controlled, l_controlled, diphthong, multisyllabic","multisyllabic words, consonant blends, vowel teams","consonant digraphs, consonant blends, final-e words, vowel teams, r-controlled vowels, diphthongs, multisyllabic words"
The Unhappy Lion's Redemption,"The unhappy lion felt weak-ness after his long rest.  
He needed re-newal, so he made a pre-dawn plan.  
His action was to find fresh food in the forest.  
With quickness, he caught a rabbit by the river.  
The lion’s re-ward was a feast of great enjoy-ment.  
His sadness turned to joy with this fine completion!","['un-, re-, pre-', '-tion, -sion, -ment, -ness']",6,HuggingFace,7,"digraph, blend, final_e, vowel_team, r_controlled, l_controlled, diphthong, multisyllabic","multisyllabic words, consonant blends, vowel teams","consonant digraphs, consonant blends, final-e words, vowel teams, r-controlled vowels, diphthongs, multisyllabic words"
The Unusual Predator's Redemption,"The unhappy lion felt rejected after failing to catch his prey during the hunt.  
With great determination, he practiced his reflexes to improve his -tion skills.  
The lion's kindness toward a lost cub showed his remarkable -ness of heart.  
After weeks of preparation, he made a renewed attempt at hunting with -ment of focus.  
His succession of catches brought him respect from the pride.  
The lion’s unexpected redemption proved that prefixes and suffixes shape his -ness!","['un-, re-, pre-', '-tion, -sion, -ment, -ness']",6,HuggingFace,7,"digraph, blend, final_e, vowel_team, r_controlled, diphthong, multisyllabic","multisyllabic words, consonant blends, consonant digraphs","consonant digraphs, consonant blends, final-e words, vowel teams, r-controlled vowels, diphthongs, multisyllabic words"
The Large Orange Cat,"The large cat can dance.  
It will give the dog a chance.  
The dog will have fun.  
They come to the park.  
The cat likes orange treats.  
They dance in the sun.","['have, give, come', 'dance, chance', 'large, orange']",6,HuggingFace,3,"digraph, blend, vowel_team, r_controlled, multisyllabic","r-controlled vowels, consonant digraphs","consonant digraphs, r-controlled vowels"
The Large Orange Fox,"The large fox will dance in the woods if he gets the chance.  
He may come to the lake to give fish a scare.  
The fox will have an orange coat that shines in the sun.  
A deer might dance past him in the soft grass.  
Will the fox give chase or stay still as stone?  
If you come to the woods, you might see his large tail flick.  ","['have, give, come', 'dance, chance', 'large, orange']",6,HuggingFace,5,"digraph, blend, final_e, vowel_team, r_controlled, multisyllabic","vowel teams, consonant blends, consonant digraphs","consonant digraphs, consonant blends, final-e words, vowel teams, r-controlled vowels"
The Dance Contest in the Large Jungle,"The large, orange snake will dance if you give it a chance to come close.  
Five brave mice have come to dance near the snake's wide, open space.  
""Give us a chance,"" squeak the mice as they twirl in a large circle.  
The snake sways to the beat, making each dance move look smooth and nice.  
A wise old owl says, ""You have to come see this—it's a rare sight!""  
The jungle animals cheer as the snake and mice dance under the bright moon.","['have, give, come', 'dance, chance', 'large, orange']",6,HuggingFace,5,"digraph, blend, final_e, vowel_team, r_controlled, l_controlled, diphthong, multisyllabic","consonant blends, final-e words, vowel teams","consonant digraphs, consonant blends, final-e words, vowel teams, r-controlled vowels, multisyllabic words"
The Bio-Geo Adventure,"The bio of a frog is fun to graph.  
A phone can record the sound of birds.  
The geo show had rocks from earth.  
We graph facts about bio and life.  
The phone plays sounds from the geo park.  
Bio and geo teach us about earth life.","['graph: writing', 'phone: sound', 'bio: life', 'geo: earth']",6,HuggingFace,3,"digraph, blend, final_e, vowel_team, r_controlled, diphthong, multisyllabic","consonant digraphs, multisyllabic words, consonant blends","consonant digraphs, consonant blends, final-e words, vowel teams, r-controlled vowels, diphthongs, multisyllabic words"
The Bio Explorer's Graph,"The biologist used a graph to track animal life.  
She heard a loud phone call from a parrot.  
The geologist studied rocks where foxes live.  
A dolphin made clicks, a phone sound in the sea.  
The graph showed where eagles nest on geo maps.  
We love learning about biology and earth's geo wonders!","['graph: writing', 'phone: sound', 'bio: life', 'geo: earth']",6,HuggingFace,8,"digraph, blend, final_e, vowel_team, r_controlled, l_controlled, diphthong, multisyllabic","multisyllabic words, consonant digraphs, consonant blends","consonant digraphs, consonant blends, final-e words, vowel teams, r-controlled vowels, l-controlled vowels, diphthongs, multisyllabic words"
The Biologist's Adventure,"The biologist studied the bio of strange creatures near a geo thermal vent deep in the ocean.  
She used a microphone to record the phone sounds of dolphins chatting underwater.  
Her graphite pencil sketched a graph of each animal's migration patterns.  
The geography of the land showed where different bio zones overlapped.  
She wrote a biography about the sea turtles, using photographs to illustrate their life cycle.  
Before leaving, she made a final phone call to share her discoveries with other scientists.","['graph: writing', 'phone: sound', 'bio: life', 'geo: earth']",6,HuggingFace,8,"digraph, blend, final_e, vowel_team, r_controlled, l_controlled, diphthong, multisyllabic","multisyllabic words, consonant digraphs, r-controlled vowels","consonant digraphs, consonant blends, final-e words, vowel teams, r-controlled vowels, l-controlled vowels, diphthongs, multisyllabic words"
The Playful Fox and the Sunflower,"The fox naps in the sunlight.  
He sees a butterfly on a sunflower.  
The fox runs to the woodland.  
He spots a bluebird in a treehouse.  
The fox and bluebird play daylong.  
They rest by the moonlight.  ","['compound words', 'root words', 'word families']",6,HuggingFace,8,"digraph, blend, final_e, vowel_team, r_controlled, diphthong, multisyllabic","multisyllabic words, vowel teams, consonant blends","consonant blends, vowel teams, r-controlled vowels, diphthongs, multisyllabic words"
The Fox and the Bluebird,"A red fox crept through the sunlight near a woodland stream.  
He spotted a bluebird nesting in a treetop with her chicks.  
The fox was kindhearted and did not disturb the birdhouse.  
The mother bird sang a sweet song to thank him.  
They became lifelong friends in that peaceful glen.  
The wildlife there lived in harmony under the sky.","['compound words', 'root words', 'word families']",6,HuggingFace,8,"digraph, blend, final_e, vowel_team, r_controlled, diphthong, multisyllabic","multisyllabic words, consonant blends, r-controlled vowels","consonant digraphs, consonant blends, final-e words, vowel teams, r-controlled vowels, multisyllabic words"
The Clever Fox and the Woodland Race,"The foxhound sniffed the footprints in the soft woodland dirt, tracking a clever red fox.  
The sunlight broke through the treetops as the fox dashed past rooted trees and tangled vines.  
With a grasshopper leaping beside her, the fox used her swiftness to stay ahead of the hound.  
She zigzagged through thickets, her footwork quick and silent like a wildcat on the hunt.  
The foxhound lost her trail near a streamside, where the water washed away her scent.  
The clever fox rested under an oakwood, her heartbeat steady after the daring escape.","['compound words', 'root words', 'word families']",6,HuggingFace,8,"digraph, blend, final_e, vowel_team, r_controlled, diphthong, multisyllabic","multisyllabic words, consonant blends, vowel teams","consonant digraphs, consonant blends, final-e words, vowel teams, r-controlled vowels, diphthongs, multisyllabic words"
The Circus Lion,"The lion was taken to the circus.  
He had a pencil in his den.  
He ate a lemon with a grin.  
The crowd cheered about his tricks.  
The lion licked his pencil clean.  
The circus was fun for him!","['about, taken, pencil, lemon, circus']",6,HuggingFace,6,"digraph, blend, vowel_team, r_controlled, diphthong, multisyllabic","multisyllabic words, consonant blends, consonant digraphs","consonant digraphs, consonant blends, vowel teams, r-controlled vowels, diphthongs, multisyllabic words"
The Circus Pencil,"The circus lion was taken about the ring with pride.  
A monkey found a lemon near the clown's big shoe.  
The elephant held a pencil in its trunk to draw.  
The zebra was curious about the tiny circus mouse.  
A parrot taken a bite of the lemon and squawked!  
The clown dropped his pencil but picked it up fast.","['about, taken, pencil, lemon, circus']",6,HuggingFace,7,"digraph, blend, final_e, vowel_team, r_controlled, diphthong, multisyllabic","multisyllabic words, consonant blends, diphthongs","consonant digraphs, consonant blends, final-e words, vowel teams, r-controlled vowels, diphthongs, multisyllabic words"
The Circus Lion's Surprise,"The circus lion was taken to a new home about a mile from the big top.  
He found a lemon under his paw and wondered how it got there.  
His trainer used a pencil to sketch a plan for his next trick.  
The lion licked his lips, thinking about the juicy lemon he'd found.  
The crowd gasped as he balanced the lemon on his nose like a circus star.  
""That was amazing!"" said a child, clutching a pencil to draw the brave lion.","['about, taken, pencil, lemon, circus']",6,HuggingFace,7,"digraph, blend, final_e, vowel_team, r_controlled, l_controlled, diphthong, multisyllabic","multisyllabic words, consonant blends, consonant digraphs","consonant digraphs, consonant blends, final-e words, vowel teams, r-controlled vowels, diphthongs, multisyllabic words"
My Beautiful Family,"My family is beautiful and kind.  
We eat different foods at dinner.  
Mom says love is important every day.  
Dad uses the telephone for work.  
I remember our fun trips together.  
My sister goes to elementary school.","['beautiful, important, different, telephone, remember, elementary']",6,HuggingFace,8,"digraph, blend, final_e, vowel_team, r_controlled, diphthong, multisyllabic","multisyllabic words, r-controlled vowels, vowel teams","consonant digraphs, consonant blends, vowel teams, r-controlled vowels, multisyllabic words"
A Beautiful Family Day,"My family took a beautiful photo at the elementary school picnic.  
Dad said it was important to remember our special moments together.  
My little sister made a different kind of sandwich for everyone.  
Mom used the telephone to call Grandma and invite her too.  
We played games and laughed, making important memories.  
At sunset, we sat under a beautiful tree and talked.","['beautiful, important, different, telephone, remember, elementary']",6,HuggingFace,8,"digraph, blend, final_e, vowel_team, r_controlled, l_controlled, diphthong, multisyllabic","multisyllabic words, r-controlled vowels, consonant blends","consonant digraphs, consonant blends, final-e words, vowel teams, r-controlled vowels, l-controlled vowels, diphthongs, multisyllabic words"
A Beautiful Family Day,"My family took a beautiful photo under the elementary school tree where we first met.  
It is important to remember special moments like birthdays and holidays together.  
We ate different foods at the picnic, from sandwiches to juicy watermelon slices.  
Dad called Grandma on the telephone so she could hear us laughing and singing.  
My little sister drew a beautiful rainbow while my brother told an important story.  
Even though we are all different, our family makes every day feel special and fun!","['beautiful, important, different, telephone, remember, elementary']",6,HuggingFace,8,"digraph, blend, final_e, vowel_team, r_controlled, l_controlled, diphthong, multisyllabic","multisyllabic words, consonant blends, r-controlled vowels","consonant digraphs, consonant blends, final-e words, vowel teams, r-controlled vowels, l-controlled vowels, diphthongs, multisyllabic words"
Eight Thoughtful Gifts,"Mom bought eight gifts.  
She caught Dad by surprise.  
He thought they were great!  
The weight made him laugh.  
She taught us to share.  
We brought joy to all.","['eigh: eight, weight', 'augh: taught, caught', 'ough: thought, bought']",6,HuggingFace,7,"digraph, blend, final_e, vowel_team, r_controlled, l_controlled, diphthong, multisyllabic","diphthongs, final-e words, consonant digraphs","consonant digraphs, final-e words, vowel teams, r-controlled vowels, diphthongs"
The Thoughtful Eight,"My brother taught me how to weigh eight apples.  
We caught a fish that weighed a lot!  
Mom thought we ought to buy some dough.  
Dad bought eight pies at the store.  
My aunt caught us eating the dough.  
We all laughed and thought it was fun!","['eigh: eight, weight', 'augh: taught, caught', 'ough: thought, bought']",6,HuggingFace,7,"digraph, blend, final_e, vowel_team, r_controlled, l_controlled, diphthong, multisyllabic","diphthongs, vowel teams, consonant blends","consonant digraphs, consonant blends, vowel teams, r-controlled vowels, diphthongs, multisyllabic words"
The Thoughtful Eight,"My cousin taught me how to weigh ingredients when we baked eight cookies together.  
We caught our little brother sneaking dough, though we thought he wouldn't notice.  
My aunt bought a heavy weight for exercise, and it weighed almost eight pounds!  
Grandpa brought doughnuts, though he always said we ought to eat healthy snacks.  
Mom caught us laughing when we thought our dog looked like a doughy pillow.  
After dinner, we weighed our leftovers and thought about how much food we’d bought.","['eigh: eight, weight', 'augh: taught, caught', 'ough: thought, bought']",6,HuggingFace,7,"digraph, blend, final_e, vowel_team, r_controlled, l_controlled, diphthong, multisyllabic","multisyllabic words, diphthongs, vowel teams","consonant digraphs, consonant blends, final-e words, vowel teams, r-controlled vowels, l-controlled vowels, diphthongs, multisyllabic words"
The Wright Family Fun,"Mom knows how to knit a warm scarf.  
Dad can write with his left hand.  
Ben hurt his knee but is tough.  
Meg climbs up to the tree fort.  
The light shines bright at night.  
We wrap gifts with care and love.","['kn: knee, know', 'wr: write, wrong', 'mb: thumb, climb', 'gh: light, taught']",6,HuggingFace,5,"digraph, blend, final_e, vowel_team, r_controlled, diphthong","consonant blends, r-controlled vowels, vowel teams","consonant digraphs, consonant blends, final-e words, vowel teams, r-controlled vowels, diphthongs"
The Wright Family’s Day,"Mom writes a list so we know what to buy at the store.  
My little sister scrapes her knee but is wrong about how bad it hurts.  
Dad uses his thumb to press the button on the light.  
We climb the hill to see the sunset, and Mom taught us to be careful.  
My brother knocks over a glass, but we wrap it up fast.  
At night, we turn off the light and rest our tired thumbs.","['kn: knee, know', 'wr: write, wrong', 'mb: thumb, climb', 'gh: light, taught']",6,HuggingFace,4,"digraph, blend, final_e, vowel_team, r_controlled, diphthong, multisyllabic","consonant blends, multisyllabic words, r-controlled vowels","consonant digraphs, consonant blends, vowel teams, r-controlled vowels, diphthongs, multisyllabic words"
The Wright Family's Bright Night,"The Wright family knew how to write clever notes with their left hands.  
Little Ben climbed up to his knee to reach the bright light switch.  
Mom taught them to wrap gifts without making a wrong fold.  
Dad used his thumb to knock twice on the door before dinner.  
They laughed as they tried to guess who knew the answer first.  
After the light dimmed, they sat quietly, feeling the warmth of family.","['kn: knee, know', 'wr: write, wrong', 'mb: thumb, climb', 'gh: light, taught']",6,HuggingFace,8,"digraph, blend, final_e, vowel_team, r_controlled, diphthong, multisyllabic","vowel teams, multisyllabic words, consonant digraphs","consonant digraphs, consonant blends, final-e words, vowel teams, r-controlled vowels, diphthongs, multisyllabic words"
A Happy Reunion,"Mom had a pre-made plan for our fun-tion.  
Dad did a re-check of the prepa-ration.  
My sis felt un-sure about the happi-ness.  
We saw the re-do of the deco-ration.  
The treat-ment made Gran smile with joy.  
Our re-union brought pure kind-ness to all.","['un-, re-, pre-', '-tion, -sion, -ment, -ness']",6,HuggingFace,7,"digraph, blend, final_e, vowel_team, r_controlled, l_controlled, diphthong, multisyllabic","consonant blends, multisyllabic words, final-e words","consonant digraphs, consonant blends, final-e words, r-controlled vowels, diphthongs, multisyllabic words"
The Unforgettable Reunion,"My family had a reunion at the park with lots of happiness and fun.  
Dad reused old boxes to build a pretend castle for us.  
Mom’s kindness made everyone feel welcome at the celebration.  
We prepared a special presentation with songs and dances.  
My little brother felt unhappy until he got a refreshment.  
The completion of our day left us with thankfulness for family.","['un-, re-, pre-', '-tion, -sion, -ment, -ness']",6,HuggingFace,8,"digraph, blend, final_e, vowel_team, r_controlled, l_controlled, multisyllabic","multisyllabic words, consonant blends, consonant digraphs","consonant digraphs, consonant blends, final-e words, vowel teams, r-controlled vowels, multisyllabic words"
The Unpredictable Reunion,"My uncle had an unexpected reaction when we surprised him with a preplanned family reunion.  
The excitement grew as we decorated with precision for our special celebration.  
Dad had to rearrange the chairs because of Grandma’s insistence on sitting near the cake.  
The happiness in the room was unmatched as we shared stories and laughter.  
Mom’s prediction about the messy frosting was correct, but we didn’t mind the confusion.  
By the end, we all agreed this was the best reunion full of love and togetherness.","['un-, re-, pre-', '-tion, -sion, -ment, -ness']",6,HuggingFace,8,"digraph, blend, final_e, vowel_team, r_controlled, l_controlled, diphthong, multisyllabic","multisyllabic words, consonant blends, r-controlled vowels","consonant digraphs, consonant blends, vowel teams, r-controlled vowels, l-controlled vowels, diphthongs, multisyllabic words"
Family Fun Night,"Mom and Dad have a large orange rug.  
We give Jane a chance to dance.  
Come see us dance with grace!  
Dave will have a turn to come.  
The large cake will give us joy.  
We dance and sing with happy hearts.","['have, give, come', 'dance, chance', 'large, orange']",6,HuggingFace,6,"digraph, blend, final_e, vowel_team, r_controlled, diphthong, multisyllabic","r-controlled vowels, consonant digraphs, final-e words","consonant digraphs, consonant blends, final-e words, vowel teams, r-controlled vowels"
The Family Dance Chance,"Mom and Dad have a large orange rug in the den.  
We will dance if we get the chance at the party.  
Come see us give our best moves!  
Jane and Dave have to practice their steps.  
The music will give us a fun beat to follow.  
Let’s take a chance and dance all night!","['have, give, come', 'dance, chance', 'large, orange']",6,HuggingFace,4,"digraph, blend, final_e, vowel_team, r_controlled, l_controlled, diphthong, multisyllabic","consonant blends, multisyllabic words, final-e words","consonant digraphs, consonant blends, final-e words, vowel teams, r-controlled vowels, multisyllabic words"
The Family Dance Chance,"Our large family will have a dance contest when Grandma and Grandpa come to visit.  
Mom will give us an orange prize if we show our best moves!  
Dad says we each get a chance to dance to our favorite song.  
My little sister will have to practice before she can come on stage.  
The large living room will give us space to twirl and spin.  
When the music starts, we’ll dance like we have no fear!","['have, give, come', 'dance, chance', 'large, orange']",6,HuggingFace,6,"digraph, blend, final_e, vowel_team, r_controlled, multisyllabic","multisyllabic words, consonant blends, r-controlled vowels","consonant digraphs, consonant blends, final-e words, vowel teams, r-controlled vowels, multisyllabic words"
My Family and Me,"Mom writes a graph about our day.  
Dad talks on the phone to Grandma.  
My bio tells all about my life.  
We learn geo facts about Earth.  
I draw a graph of our family.  
We love life and sound happy!","['graph: writing', 'phone: sound', 'bio: life', 'geo: earth']",6,HuggingFace,6,"digraph, blend, final_e, vowel_team, r_controlled, l_controlled, diphthong, multisyllabic","multisyllabic words, consonant blends, diphthongs","consonant digraphs, consonant blends, final-e words, vowel teams, r-controlled vowels, l-controlled vowels, diphthongs, multisyllabic words"
The Family Adventure,"My mom loves to write and keeps a graph of our family trips in her journal.  
Dad uses his phone to record the sounds of birds in our backyard.  
My little sister made a bio jar with worms to study their tiny lives.  
We looked at a geo map to find the best hiking trails near our home.  
Grandma sent us a graph with a funny drawing of our whole family.  
At dinner, we talked about how bio and geo help us understand life and Earth.","['graph: writing', 'phone: sound', 'bio: life', 'geo: earth']",6,HuggingFace,8,"digraph, blend, final_e, vowel_team, r_controlled, l_controlled, diphthong, multisyllabic","multisyllabic words, consonant blends, r-controlled vowels","consonant digraphs, consonant blends, final-e words, vowel teams, r-controlled vowels, l-controlled vowels, diphthongs, multisyllabic words"
The Family Science Project,"My brother loves to graph his findings when we study the geology of our backyard.  
We use a phone to record the biological sounds of birds near our home.  
Mom helps us write a graphic report about the geosphere and its layers.  
Dad showed us a biology book with colorful diagrams of plant graphs.  
Our family made a geographic map of our neighborhood using markers and a big graph paper.  
At dinner, we shared facts about the biosphere while the phone played nature sounds.","['graph: writing', 'phone: sound', 'bio: life', 'geo: earth']",6,HuggingFace,8,"digraph, blend, final_e, vowel_team, r_controlled, l_controlled, diphthong, multisyllabic","multisyllabic words, consonant digraphs, r-controlled vowels","consonant digraphs, consonant blends, final-e words, vowel teams, r-controlled vowels, diphthongs, multisyllabic words"
The Big Family Day,"The sunlight shines on our backyard.  
My grandma bakes a cupcake.  
We play baseball with our cousin.  
Dad grills hotdogs on the firepit.  
Mom tells a bedtime story at nighttime.  
Our family loves our homeland.","['compound words', 'root words', 'word families']",6,HuggingFace,8,"digraph, blend, final_e, vowel_team, r_controlled, l_controlled, diphthong, multisyllabic","multisyllabic words, consonant blends, r-controlled vowels","consonant digraphs, consonant blends, final-e words, vowel teams, r-controlled vowels, multisyllabic words"
The Family Treehouse,"My grandfather helped us build a treehouse in the backyard.  
We used strong root words like ""build"" and ""house"" to name it.  
My little sister found a sunflower to plant near the treehouse.  
Our word family grew as we added ""playhouse"" and ""clubhouse.""  
Dad brought a notebook to sketch our family tree.  
We laughed as our doghouse became part of the fun too!","['compound words', 'root words', 'word families']",6,HuggingFace,8,"digraph, blend, final_e, vowel_team, r_controlled, diphthong, multisyllabic","consonant blends, multisyllabic words, vowel teams","consonant digraphs, consonant blends, final-e words, vowel teams, r-controlled vowels, diphthongs, multisyllabic words"
The Family Treehouse,"My grandfather helped us build a treehouse in the backyard, where we spend sunny afternoons together.  
My youngest sister loves to daydream in the treehouse, imagining adventures with our playful dog.  
We packed a lunchbox with sandwiches and apples before climbing up the wooden ladder.  
Sometimes, our neighborhood friends join us, and we tell stories under the sunlight.  
At dusk, we hear our mother call us inside, her voice warm like a fireplace.  
Our family time in the treehouse makes every day feel like a holiday.","['compound words', 'root words', 'word families']",6,HuggingFace,8,"digraph, blend, final_e, vowel_team, r_controlled, l_controlled, diphthong, multisyllabic","multisyllabic words, r-controlled vowels, vowel teams","consonant digraphs, consonant blends, final-e words, vowel teams, r-controlled vowels, diphthongs, multisyllabic words"
A Fun Day with Family,"Mom made a lemon cake about noon.  
Dad has taken us to the circus.  
My sister lost her pencil again.  
We ate the cake about sunset.  
The circus had a funny lemon act.  
I found the pencil by the sofa.","['about, taken, pencil, lemon, circus']",6,HuggingFace,6,"blend, final_e, vowel_team, r_controlled, diphthong, multisyllabic","multisyllabic words, r-controlled vowels, consonant blends","consonant blends, final-e words, r-controlled vowels, diphthongs, multisyllabic words"
A Fun Day with Family,"Mom made a lemon cake about noon for our picnic.  
My brother taken his pencil to draw the big tent at the circus.  
We sat about the table and shared the yummy cake.  
Dad cut a slice and said, ""This lemon cake is the best!""  
My sister lost her pencil but found it near the circus poster.  
We all laughed about the silly clown at the show.","['about, taken, pencil, lemon, circus']",6,HuggingFace,6,"digraph, blend, final_e, vowel_team, r_controlled, l_controlled, diphthong, multisyllabic","multisyllabic words, consonant blends, r-controlled vowels","consonant digraphs, consonant blends, final-e words, vowel teams, r-controlled vowels, diphthongs, multisyllabic words"
The Family Circus Adventure,"My family was about to leave for the circus when I realized I had taken my sister's favorite pencil.  
Dad sliced a juicy lemon for our snacks while Mom told us about the amazing acrobats.  
At the circus, my little brother dropped his pencil and cried until a clown gave him a new one.  
We shared a tart lemon drink and laughed about the silly dog act.  
After the show, I taken a photo with the performers near the big top.  
On the way home, Mom asked, ""What was your favorite part about the circus today?""","['about, taken, pencil, lemon, circus']",6,HuggingFace,6,"digraph, blend, final_e, vowel_team, r_controlled, l_controlled, diphthong, multisyllabic","multisyllabic words, r-controlled vowels, consonant blends","consonant digraphs, consonant blends, final-e words, vowel teams, r-controlled vowels, diphthongs, multisyllabic words"
Tim sat,"Sit, Tim.
Tim sat.
It is Sam.
“Sam!”
“Sit, Sam.” Sam sat.",a i m s t,6,SPELD-SA,2,,basic single-syllable words,basic single-syllable words
Nan,"Tom, Nan and Mim.
Nan sat.
“Sit, Tom.”
“Sit, Mim.”
Tom and Mim sit and sip.
Tom, Nan and Mim tap.
Tap, tap, tap.
Tom and nan sit in.
A pot is on top.
Mim and Tom nap.",n o p,10,SPELD-SA,2,blend,basic single-syllable words,basic single-syllable words
Tan-Tan,"Gab, Pip, and Tan-Tan
“Sit Tan-Tan.” Gab can get Tan-Tan to sit.
Tan-Tan can not hop. Tan-Tan can sit.
Gab can pat Tan-Tan.
“Sit Tan-Tan, sit.” Pip can get Tan-Tan to sit.
“Sit Tan-Tan.”
Pip can pat him. Pat, pat, pat!
Tan-Tan sits.",b c g h,11,SPELD-SA,2,blend,basic single-syllable words,basic single-syllable words
Is it a…?,"Is it a bed, a dog a bat?
It is a dog.
Is it a vet, a pet, a van?
It is a van.
Is it a fin, a fan, a fig?
It is a fan.
Is it a peg, a pig, an egg?
It is an egg.",a i m s t,8,SPELD-SA,2,,basic single-syllable words,basic single-syllable words
Kip has a nap,"Kip is a pup.
Kip the pup has a nap.
Ken let Kip nap on his lap.
Kip has a nap on mum.
He has a nap in a kit bag.
Kip has a nap on the big, red rug.
He has a nap on the laptop.
Kip the pup has a nap on a log.",k l u r,8,SPELD-SA,2,multisyllabic,basic single-syllable words,basic single-syllable words
Zac the dog,"Zac the dog is Jan’s pet. He is a big pup.
Zac can wag and he can sip.
He can jog up to Jim, Jan and Gaz at the top.
Zac the dog gets wet for fun!
He is hot, so he has a dip.
Zac is a wet dog. He can zig-zag and run for fun.
Zac and Jan sit in the hot sun. Zac gets a pat.
Zac has had a lot of fun.",j w z,11,SPELD-SA,2,"blend, r_controlled",basic single-syllable words,basic single-syllable words
The big box,"Bess sat on the bus. She had a big box.
What was in the box?
Bess did not tell Max and Tiff.
What was in the box?
The big box had a lid on top.
Bess had the box on her lap.
Huff! Puff! Yip! Yap!
What was in the box?
Bess did not tell Tiff yet.
Yip, yap! Yip, yap! Bess did not tell Max and Tiff.
Is it a pup?
The lid fell off! In the box was Buzz.
“Yes, it is a pup!”
Buzz was a hit! All the kids had fun.",x y ff ll ss zz,22,SPELD-SA,2,"digraph, blend, r_controlled, l_controlled",basic single-syllable words,basic single-syllable words
Red sand,"Red sand is in my hand.
I sit in the red sand. Nan has a rest.
I tip some soft sand in Nan’s big hands.
Nan and I dig a hill in the soft sand for fun.
Red sand is on my legs. I sink in the hot sand.
Sand on my hand, sand on my hips, sand on my
legs.
I jump up and the red sand tips off.
Nan and I set off. Nan is the best.",VCC CVCC,11,SPELD-SA,2,"blend, r_controlled",consonant blends,consonant blends
Sant the ant is ill,"Sant the ant felt hot and flat.
Sant the ant felt bad. He had to stop on the
spot and rest. Sant had to drop to his soft bed.
Sant the ant did not get up.
Sant was ill. His dad had to come and hand
Sant a drink. Sant had to grab the cup and swig
his drink a lot.
Sant had to flop on his snug bed for a rest. He
was still not well.
He is glad to get up from bed. Sant is not ill!",CCVC,12,SPELD-SA,3,"blend, r_controlled",consonant blends,consonant blends
A bug in a mug,"Frank spots his big mug on the sink.
Frank grabs the mug.
He gets a cold drink from a jug.
Glug! Glug! Glug!
A plump bug is in the drink.
Can you spot the bug in the mug?
Frank can not spot the plump bug in the mug.
Frank swigs the drink from the big mug.
Can you still spot the plump bug in the mug?
No! The bug is not in the mug.
The plump bug is in Frank!",CCVCC CVCCC CCCVC,14,SPELD-SA,3,blend,consonant blends,consonant blends
It is Tim,"It is Tim.
It is Sim. It is Tim.
Sit, Tam. Sit, Sam.
Sit, Sim.
It is Tim.
It is Sim! It is Tim!
Sit, Tim.
Sip, Sim.",a i m s t,11,SPELD-SA,2,,basic single-syllable words,basic single-syllable words
Tip-top,"Mim sat. Pit, pat, pit, pat.
Is it Sam or not?
It is Sam!
“In, on the mat, Sam!”
Sam is in. Tip-top!
Mim and Sam on the mat.
Sit and pat Sam.
Mim and Sam sit in.",CCVCC CVCCC CCCVC,10,SPELD-SA,2,"blend, r_controlled",basic single-syllable words,basic single-syllable words
It is big!,"Mac can sit on top.
Cam can tap on it.
Sim is in a gap.
Cam has a pin on his cap.
The tap is on and Sim can sip.
Mac can get it.
Cam, Mac and Sim can sit.
It is big!
It can get hot!",b c g h,9,SPELD-SA,2,blend,basic single-syllable words,basic single-syllable words
The Van,"The van is set.
Tag is my pet dog.
Dad, Tag and I set off in the van.
Dad has a big mat. Tag and I can sit.
It is hot! Tag and I get in the van.
The fan is on in the van. Tag has a nap.
“Not for you, Tag!” Dad is not mad. Tag is fed.
My dog Tag is fit.",d e f v,13,SPELD-SA,2,"blend, r_controlled",basic single-syllable words,basic single-syllable words
Lap it up,"Ken has a pan.
The pan is up on top.
“Sit, Pat!” Pat is Ken’s Pal.
Ken lit it and the pan is red hot!
“Sit and beg, Pat.”
Pat is bad to hop up and tip the pan!
It is sad to get rid of it.
Ken let Pat lap up the pan.",k l r u,9,SPELD-SA,2,"blend, l_controlled",basic single-syllable words,basic single-syllable words
"Zig-zag, wag","Jen and Jan sit in the sun.
Zac the pup begs Ken to run
The pup is fun. It can run and run!
Zac had fun on his run. Wag, wag, wag.
The bug is on a bud. It can zig-zag in the sun.
The bug can sit on Jan.
Cam has a job to nip at the bug.
A bug for a pal is a win.",j w z,10,SPELD-SA,2,"blend, r_controlled, l_controlled",basic single-syllable words,basic single-syllable words
Jess and Bess,"“Miss Fizz! It is a fox, a box, a bell and a hill!”
Here is Jess and Bess.
Miss Fizz will mull. Is it a hill? Is it a fox?
Yes, it is a fox on a hill.
Jess did well. The fox is on a hill. The fox is fat!
Bess will mix the fox, box and bell on the hill.
Will Miss Fizz fuss?
A fat fox on a hill. A mix of a fox, a box, and a
bell on a hill.",x y f ll ss zz,14,SPELD-SA,2,blend,basic single-syllable words,basic single-syllable words
Jim held his hat,"Bump went the bus as it hit the car.
Bump went the car as it bent the lamp.
Jim held his hat as the lamp went bang!
Gulp went Jim as the lamp fell.
It was best the duck left the nest.
Jim said, “The bus went bump!”
“The car bent the lamp.”
“I held my hat as the duck left the nest.”",VCC CVCC,9,SPELD-SA,3,"digraph, blend, r_controlled","consonant blends, consonant digraphs","consonant digraphs, consonant blends"
Snug in a swag,"Snug as a bug as I camp in a swag.
A crab! Nip, step, nip, step on the sand.
I grin as I swim in the swell with Dad.
I spot Biff and Buff. The pups are gruff and sniff.
I step on a twig. From the top of a gum he can
spot me.
I smell some pink buds as I skip.
A grin for Biff and Buff, the crab, pink buds and
a swim with Dad.
Rest in a swag and stroll on the land.",CCVC,11,SPELD-SA,3,"digraph, blend, r_controlled",consonant blends,consonant blends
Jeff and Liz,"Jeff has no hump on top. His pals are grand and
stroll the land. His pals have a hump on top.
Can the ant clan help and lump some sand on top?
The ants clump sand on top of Jeff. Jeff grins.
A hump on top!
The sand slips off. Jeff is in a huff and has a drink.
Jeff sits in a slump. Jeff still has no hump on top.
Liz has no hump. Can Liz help?
Come and rest, Jeff. Trust me, it is best not to huff
and slump.
Liz and Jeff are glad not to have a hump on top.
Liz has a big grin.",CCVCC CVCCC CCCVC,17,SPELD-SA,3,"blend, l_controlled",consonant blends,consonant blends
The Flash helps,"Shan is the Flash. She can run and she can skip. Can she help?
“My shed is a mess! I wish I had some help,” yells Miss Ash.
“The Flash can help!” Shan drops the trash in the bin.
She lifts the stuff to the shelf.
Shan scrubs the shed with a brush. Swish, swish.
The Flash was a big help to Miss Ash.
Smash! Crash! Slam! Clank! What is it?
“I must rush to help!” yells Shan.
The Flash is off to the next job!",sh,19,SPELD-SA,3,"digraph, blend","consonant digraphs, consonant blends","consonant digraphs, consonant blends"
Lunch for Sant the ant,"Sant has no plan for lunch.
He spots a fish and chip shop. He can dash in.
“Yum! Some fish and chips for my lunch!”
“A big bag of fresh chips?” “Yes! Chips and fish, thanks!”
The man got Sant some fish and chips to munch.
He sat on a bench to scoff his lunch.
Chomp! Chomp! Munch! Crunch!
It was the best lunch, but Sant had too much!
When Sant next has fish and chips for lunch, he will not get so
much.",ch,16,SPELD-SA,3,"digraph, blend, vowel_team, r_controlled","consonant digraphs, consonant blends","consonant digraphs, consonant blends"
Kev at the shop,"List for the shop -milk -cold drinks -10 plums -thin mints
-can of fish -bag of chips.
Kev has come to the shop. He has a list of things to get for Nan.
Kev gets the milk and the cold drinks.
Then Kev gets ten of these plums. He drops them in the bag.
Kev gets the thin mints from the shelf.
“I will get that bag of chips,” Kev thinks.
“I will get this can of fish.” Thump! The can drops with a thud.
Then Kev must put his things on the bench.
He drops the tenth plum. Splat!
“I will fix that mess,” says the shop man. “Thanks,” says Kev.
“I can hold these in my hands.”
“I wish I had a cloth bag.” Will Kev get back and not drop his
things?",th,19,SPELD-SA,3,"digraph, blend, r_controlled","consonant digraphs, consonant blends","consonant digraphs, consonant blends"
What’s in the sack?,"A red truck is on the track. What is on the back?
Mick has a sack on the back of the truck.
The kids flock to Mick. What is in the sack?
There is a lump in the sack. “Is this a trick?”
“Is it a duck or a rock?” “Is it blocks or bricks?”
Beth put a hand in the sack. “It is soft and hot.”
Mick lifts the sack. It is Jack the pup. He had a nap in the sack.
“Come on Jack, let’s get a snack!” The kids and Jack run up the
track.",ck,16,SPELD-SA,3,"digraph, blend, r_controlled","consonant digraphs, consonant blends","consonant digraphs, consonant blends"
The Flash is back,"Shan is The Flash. She is fun and she can run.
The Flash helps when she can.
Yelp! Yap! Yelp! “What is that?” thinks Shan. “Where is that from?”
The yelp is from a ditch. The Flash grabs her lamp.
“Who is in there?” yells Shan.
Whiz the dog is stuck in the ditch. He holds up his leg which is cut.
The Flash jumps in the ditch with a whomp.
She lifts Whiz up the top with her strong hands.
Whiz is glad to be up from the ditch.
“What do I do with Whiz now?” thinks Shan.
Shan takes Whiz to the vet where he gets help for his leg.
When Whiz is done, The Flash runs on.
Who will The Flash help next?",wh,23,SPELD-SA,3,"digraph, blend, r_controlled, diphthong","consonant digraphs, consonant blends, r-controlled vowels","consonant digraphs, consonant blends, r-controlled vowels"
The kids’ band rocks!,"The kids in the band can bang, clang, twang and sing.
Kev bangs the drum. Trish clangs the hand bell.
Clint hits the gong. Ash bangs the tom-tom.
Ned strums the strings. Twang, twang!
Jaz can sing and tap the sticks.
Bang, bang, clang, clang, ding, dong, sing.
The kids come to hang and sing songs with the band.
The kids’ band is so much fun for all their pals.",ng,11,SPELD-SA,3,"digraph, blend, r_controlled, l_controlled","consonant digraphs, consonant blends, l-controlled vowels","consonant digraphs, consonant blends, l-controlled vowels"
The quest for a quoll,"Sant the ant and his pal Quinn want to spot a quoll.
“Let’s go on a quest!”
Quinn and Sant squint in the hot sun. They set off on their quest to
spot the quoll.
Quinn and Sant can’t spot the quoll. Sant gets mad. He yells,
“I want to quit this quest!”
There was a quick flash in the bush.
“I think it’s the quoll!” Quinn yells.
“Quick, let’s catch up to the quoll!” yells Sant.
They dash to the bush to catch the quoll.
Just then, they see Sant’s dad. “What’s up?” quips Dad.
“There is a quoll!” Quinn yells.
“There are no quolls here,” Dad tells them.
“They do not come this far.”
“It was not a quoll? What did we see then?”",q u,23,SPELD-SA,5,"digraph, blend, vowel_team, r_controlled, l_controlled","consonant blends, vowel teams, consonant digraphs","consonant digraphs, consonant blends, vowel teams"
Catch me!,"Dad went to fetch Chad for lunch.
He was on the bench in a patch of sun. “Chips for lunch!”
Chad did not want his lunch yet. “Catch me!”
The twigs went crunch as he ran.
Dad gave his chin a scratch. Where did Chad go?
He is such a quick kid!
Chad hid in a ditch. Dad ran to find him.
Dad was no match for Chad.
Chad crept from the ditch. This was so much fun!
Then Chad hid next to a big branch. Dad still did not find him!
Chad did a switch to trick Dad. He ran back to the bench.
“Come on Dad. Let’s go munch on some lunch!”
Chad had such fun with Dad.",ch tch,21,SPELD-SA,3,"digraph, blend, final_e, vowel_team, r_controlled","consonant digraphs, consonant blends","consonant digraphs, consonant blends"
Ken at the track,"Ken is at the track. He has a drink, a back pack and a stack hat.
Ken puts his cap in his back pack. He clips on his red stack hat.
Ken sits at the crest of the hill. “This will be fun!” he thinks.
Ken kicks off. He is quick!
Ken can do some cool tricks. He has skills!
Ken has a cramp in his leg. He skids on the rocks. Crash!
Ken has no bumps or cuts on his skin. He sits for a rest.
Ken has a swig of his drink. “I will get back on the track,” he thinks.",c k ck,18,SPELD-SA,3,"digraph, blend, vowel_team, r_controlled","consonant blends, consonant digraphs, r-controlled vowels","consonant digraphs, consonant blends, vowel teams, r-controlled vowels"
The swift jet,"Wes has a swift jet from his dad. Where will he set it off?
The swift jet has two wings and a prop. The prop has a band you
twist.
When the jet sets off, the band spins the prop. Whiz!
When the prop spins, the jet whips up. When the prop stops, the jet
drops.
What fun Wes has with his swift jet.
“Where did it go?” Wes spots the jet up top.
“What will I do? Who will get it?”
The wind whips up. The jet lands with a whack!
What luck! The jet did not split or bust.
Where will Wes go next with his jet?",wh,18,SPELD-SA,3,"digraph, blend, r_controlled","consonant blends, consonant digraphs","consonant digraphs, consonant blends"
Hush Cam,"Mac rests in the sun. “I wish Cam would hush,” he thinks.
Sim spots Mac and Cam. Cam puffs up and calls, “Ka, ka, ka, ka!”
Will Sim blush?
“Ka, ka, ka, ka!” Sim jumps. His legs dash and he is in the scrub
in a flash.
Splash! Sim lands in the mud. His legs slush in the mush.
“Gosh! Sim is in the mud and mush,” says Mac.
“Ka, ka, ka, ka!” calls Cam, “I will be there in a flash.”
Cam is swift and in a flash he is next to Sim.
“Can I lend a hand, Sim?” shrills Cam. Sim shrugs.
“Come on, Sim. Dash to the trunk.”
Sim slinks to the trunk next to the lush shrub.
Sim can brush off the mud. Mac shrugs and shuts off for a nap.
Cam scans Sim from the top of the gum.",sh,25,SPELD-SA,3,"digraph, blend, r_controlled, l_controlled","consonant blends, consonant digraphs","consonant digraphs, consonant blends"
The best lunch,"Mac will munch and crunch his best lunch.
When Mac has had his lunch, he rests and naps.
Cam puffs his chest and calls from the top of an old gum.
From a bench, Cam can spot his best lunch.
Inch by inch, Sim licks ants for his best lunch.
Next, Sim chills in the logs and shrubs.
Chums, Tash and Gav sit at a bench. Tash is such a chess champ!
Hot chips are the best lunch for us!",ch,9,SPELD-SA,3,"digraph, blend, r_controlled, l_controlled","consonant digraphs, consonant blends","consonant digraphs, consonant blends"
This step that step,"The sun comes up on the hill.
Nana, Pop and I huff and puff up the track.
That trunk went thud when it fell!
I must think, this step, then that step.
Nana and Pop help me get to the end of the trunk.
Moths flit this way and that. Some moths then land on a stump.
I sit still on the bank. It is a thrill to spot a frog!
We all thump, thump up the hill and get to the top.
I am hot! Nana has a damp cloth, that helps me.
All of us are glad to sit with some of Nana’s broth. Yum!",th,14,SPELD-SA,3,"digraph, blend, vowel_team, l_controlled, multisyllabic","consonant blends, consonant digraphs","consonant digraphs, consonant blends"
Pick and Pack,"Pick and pack them. Some roll in the sun.
Not this one, it has a grub stuck in it. Pick the best from the bunch.
Click and lock, the bins lift. Stack them on the flat-bed truck.
Roll them, this way and that. Flick and pick them for the shop.
Pack them in the box and ship them off to the shop.
Stack the best upon the shelf in the shop.
A crisp and fresh snack. These are the pick of the bunch.
Thanks to the shop, for the pick of the crop.",ck,13,SPELD-SA,3,"digraph, blend, vowel_team, r_controlled, multisyllabic","consonant digraphs, consonant blends","consonant digraphs, consonant blends"
When Olive runs,"This is Olive. She is our pup.
When we give her a run she jumps and tugs.
Olive stands on a plank. There are lots of things to whiff and sniff
on the track.
What can Olive smell?
She must think there is something to solve.
I let Olive delve into the long scrub.
She has a whiff and a lick.
Have a drink, Olive. Gush, whoosh!
Wham, whack! What was that? Olive whips up with a jump.
Let’s get back.
Olive is a whiz on the track. I think it’s the smell that helps her to
get back.
It’s twelve o’clock when we get back from the run.
I have some lunch and Olive has fun!",wh,19,SPELD-SA,3,"digraph, blend, final_e, vowel_team, r_controlled, multisyllabic","consonant digraphs, consonant blends, multisyllabic words","consonant digraphs, consonant blends, multisyllabic words"
Sing a spring song,"Pink buds bask in the spring sun.
Things swing and fling in the spring wind.
This stem holds strong.
Sing a song that spring has sprung.
A long stem to bring us luck. Hold it in your hand and wish.
The red blooms hang and spill from the pot.
A snack springs from the damp track.
Swift wings whip the wind to pick it up.
Buzz, flit and cling to the buds. It will sting if it must.
Can you spot it?
Pick a bunch of fresh sprigs.
These are held with a length of string for mum.",ng,14,SPELD-SA,3,"digraph, blend, vowel_team, r_controlled","consonant blends, consonant digraphs","consonant digraphs, consonant blends"
Squint in the sun,"“Get up for the trip!” sings mum. “It’s cold! Tuck me in my quilt
and I can be snug.” “Come on,” mum calls. “Get up!”
At long last the van is set up and we can rest. “Quack, quack.”
“What was that?”
“Quick, mum! A flock of ducks have come to visit us.”
Mum squints in the sun to see the ducks. My pals are quick and
swift and sprint past the bins.
Dump and run to the next thing. Where are my pals?
I am off on a quest to get them.
All my pals are on the sand! We squint in the sun. I am quick and
sprint with a bat in hand.
Next, I am in for a swim! I squish and squelch in the wet sand.
It will melt if you are not quick.
Lick, lick as the sun sets on all the fun.",q u,23,SPELD-SA,3,"digraph, blend, vowel_team, r_controlled, l_controlled, multisyllabic","consonant blends, consonant digraphs, vowel teams","consonant digraphs, consonant blends, vowel teams, l-controlled vowels"
Mitch and the itch,"Mitch lives to jump and give an itch.
A pinch on the chin, legs and back. Mitch will catch us in a damp
ditch or on the land.
Mitch is quick to jump on this chest. Pinch, pinch, such a pest to
delve in and nest.
Twitch, twitch. That must have been Mitch!
Is this a soft patch for Mitch to lay some eggs?
“A soft bed for me to rest,” Mitch thinks.
“Rich and plush for a big batch of us.”
Get up, Cali! Fetch a stick. Run! Here comes Mitch! Cali is still and
Mitch is quick.
A soft patch for Mitch to lay some eggs! The eggs hatch.
Cali will scratch and scratch.",tch,18,SPELD-SA,3,"digraph, blend, vowel_team, r_controlled, l_controlled, multisyllabic","consonant digraphs, consonant blends, r-controlled vowels","consonant digraphs, consonant blends, vowel teams, r-controlled vowels"
A trek up the track,"Mum and Nana send us on a trek up the track where
we can dig for ants.
Mum stops, “Can you spot the black ants, with strips of gold on
their backs?”
Mum clamps her hands on the long stick. “The ants are small, but
we must be strong when we dig.”
Mum has a rest on the crest of the pit.
Cram and sit in the pit. Flick and sift the sand with the long stick.
A clump of sand in the cup of her hands. Mum has the skill to get
the ants with the black and gold strips.
A quick pinch on their back. The trick is not to get a nip from the
ants.
“Thank you, mum!” I hold the ant and suck on my snack. Yum!",k c ck,14,SPELD-SA,3,"digraph, blend, vowel_team, r_controlled, l_controlled, multisyllabic","consonant blends, consonant digraphs, r-controlled vowels","consonant digraphs, consonant blends, r-controlled vowels"
Max with Mum’s list,"Max is a whiz at the shops with Mum’s list.
With a scratch and a twitch, it is a stretch to think of all the things
on the list. “A tin of fish, a whisk…what next?” Max must check
Mum’s list.
Max picks up a tin of fish and a whisk. Tick it off the list!
Max whacks some chips in on a whim. “I’d best grab a bag of rolls
from the list.” Tick!
Mum has twelve carrots on the list. Max twists their tops to get
them to fit.
“I think Mum will whip up some eggs and milk with the whisk.”
There is a tick for all the things on Mum’s list. Max did well.
Mum gives Max a big hug when he is back from the shops.
“Thanks, Max.”",w wh,17,SPELD-SA,3,"digraph, blend, r_controlled, l_controlled, multisyllabic","consonant digraphs, consonant blends, r-controlled vowels","consonant digraphs, consonant blends, r-controlled vowels"
Sant and Kale,"Sant the ant and his pal Kale the snail, play on the trail. It is a hot day.
Sant tricks Kale and hops in a tin. Will he wait long?
Sant plays next to the tap. It is a great game to stomp in the thick mud.
The pals take the train across the trail. The train is quick and the wind
whips up.
On the way, Sant spots his mate, Buzz. They stop to have a game of chase.
They are so glad for the fish and chip shop! Sant and Kale stay and
take a break for lunch.
At last, Sant and Kale sit on a rock. They have lunch in the shade.
What fun they had today!
It is getting late, so Sant and Kale sit to rest. It is a great sunset.
They make plans to play the next day.",ai ay ea a_e,18,SPELD-SA,5,"digraph, blend, final_e, vowel_team, r_controlled, l_controlled, multisyllabic","consonant blends, vowel teams, consonant digraphs","consonant digraphs, consonant blends, final-e words, vowel teams, l-controlled vowels, multisyllabic words"
Three great mates,"Sant made plans to meet his mate Spotty at the creek. He is happy, thinking
of all the fun games to play that sunny day.
Just then, Spotty popped out from a great big tree. Sant is happy to see his
mate, Spotty.
Spotty jumps in the creek. The creek is too deep for Sant the ant. Will Sant
reach Spotty? Sant can see some bark. It can carry Sant to Spotty.
Sant sings when he is happy. “My pal, Buzz-Bee, eats sweet treats.
Oh, so yummy in his tummy!” Spotty sways along to the song with glee.
“Did you say Buzz-Bee? That’s me!” It is Sant’s mate, Buzz.
“Great to see you Buzz! Please meet my mate, Spotty,” says Sant.
The team of three are messy from their fun at the creek. They need to brush
off the mud to get clean.
Buzz, Sant and Spotty eat sweet treats next to the creek.
Spotty, Buzz and Sant are three great mates. They agree to meet next week
by the great big tree.",e ea ee y,23,SPELD-SA,5,"digraph, blend, final_e, vowel_team, r_controlled, l_controlled, diphthong, multisyllabic","consonant blends, vowel teams, multisyllabic words","consonant digraphs, consonant blends, final-e words, vowel teams, r-controlled vowels, l-controlled vowels, multisyllabic words"
Sant the disco ant,"Sant is happy when he sings. His dream is to sing at the disco with his
bandmates up the road. Sant phones to ask if he can visit. They say, “Yes!”
He only needs to take a quick stroll up the road to meet his bandmates.
The song notes from the band float to Sant as he goes up the road.
Clint and Ash know that to be the best and grow, they must play the same
beat over and over.
Ned can play along when the beat is known. His bass is low. He follows the
beat well and taps his toes.
Jaz taps her tapping sticks. The song is growing and there is no way
of knowing when Sant will sing. He is waiting for his big break.
Here comes Sant, he is singing with the band. He opens his arms
and puffs out his chest. Singing is what he knows best!
The tempo is slow. Sant asks to speed up the tempo so they can play
the song at the disco.
Sant’s dream to sing at the disco is real. He is so happy to know that
he is part of the disco.",o oa ow oe o_e,20,SPELD-SA,5,"digraph, blend, final_e, vowel_team, r_controlled, l_controlled, diphthong, multisyllabic","consonant blends, consonant digraphs, vowel teams","consonant digraphs, consonant blends, final-e words, vowel teams, r-controlled vowels, l-controlled vowels, diphthongs, multisyllabic words"
Sant’s first race,"It is Sant’s first race day! He has a yellow shirt to show the team he is
running for.
Shan is running for the purple team. Her sister looks on from the stand.
The runners burst onto the track. Their feet beat the dirt of the track,
as they turn into the first bend.
The dirt kicks up and their team mates cheer. Jack and Tim run fast,
as the track turns. Tim jerks close to Jack. He works hard to be first.
Their mates clap and twirl from the stand. They can’t wait to see
who will be first. Even the birds chirp and watch from the stand!
The runners can see the finish flag. Their legs hurt, but they keep
running as fast as they can. Sant is puffing and sprinting now.
Shan is close to Sant.
Sant wins the race! It is the yellow team’s turn to take the winning cup.
Sant feels on top of the world.
Fern is Shan’s sister. She is the first to say how well she ran.
Fern was clapping for her every lap of the race",er ir or ur,23,SPELD-SA,6,"digraph, blend, final_e, vowel_team, r_controlled, diphthong, multisyllabic","r-controlled vowels, consonant blends, consonant digraphs","consonant digraphs, consonant blends, final-e words, vowel teams, r-controlled vowels, diphthongs, multisyllabic words"
Quest to the shed,"Nick and Tina grab hats for their heads and set off to see their mate, Rick.
“Rick may be resting by his tree again,” says Tina.
Rick isn’t resting when they see him. He is ready to jump and play.
Nick and Tina have taken a bag of hats. “Is there a hat that fits you Rick?”
asks Tina. “I am not meant to have a hat, but they are fun. I will have the
black and red hat,” says Rick.
When Rick pops on his red and black hat he feels ready to go on a quest.
“Where can we go on a quest?” asks Rick.
Nick and Tina chose funny hats as well. “There is an old chest kept in
the shed,” says Tina. “Can we make this our quest?” “Yes!” they all say.
Some bits of sticky bread and jam lead to the shed.
Who has dropped these bits of bread and jam?
“What could dwell in this shed?” asks Tina. “Are we meant to be here?”
asks Rick. “It’s okay, this is our sport shed,” said Nick.
They see the chest. “Let’s open the lid,” Tina says.
Sant jumps from the chest! He has been eating bread with jam spread.
It has been a great quest!",e ea ai,29,SPELD-SA,5,"digraph, blend, final_e, vowel_team, r_controlled, l_controlled, multisyllabic","consonant blends, consonant digraphs, vowel teams","consonant digraphs, consonant blends, final-e words, vowel teams, r-controlled vowels, multisyllabic words"
Lilly’s loud crowd,"Lilly steps out onto the baseball pitch. There is a murmur from the crowd
as she reaches the plate.
Sant, Spotty and Buzz have come into town to see Lilly’s team play.
The crowd is loud as they begin to cheer. Lilly swings and misses her first ball.
The pitcher frowns as she waits for the catcher to be ready. There is no sound
as the crowd holds their breath.
The ball comes again. Lilly swings at it. Whack! The ball bounds over the
players and the crowd stands up to see who will catch it.
It is Mayer who stops the ball. Lilly pounds the dirt as she runs.
She counts as she moves around to each plate.
“Throw it!” A mixed sound comes from the crowd. Some shout and some are
as silly as clowns, happily cheering their team.
Lilly slides to the ground as “Safe!” is yelled. She is not out and lucky to reach
home base.
Lilly’s friends crowd around and lift her up. They are so proud of the way she
ran and didn’t give up.",ou ow,22,SPELD-SA,7,"digraph, blend, final_e, vowel_team, r_controlled, l_controlled, diphthong, multisyllabic","consonant blends, multisyllabic words, consonant digraphs","consonant digraphs, consonant blends, final-e words, vowel teams, r-controlled vowels, l-controlled vowels, diphthongs, multisyllabic words"
Cooper and Tan-Tan,"Cooper’s best friend is his dog, TanTan. He is there when Cooper feels
happy or blue. Everyday Tan-Tan and Cooper have fun together.
“Can I get a dog chew for Tan-Tan at the shop Mum?” asks Cooper.
“Yes,” says his Mum, “you can grab me some glue and a new broom too.”
Tan-Tan and Cooper are at the shop. “You can wait here, dogs are
not allowed in. I will be back soon.” Cooper pats Tan-Tan.
At the check-out, Cooper sees Sant the ant’s dad. “I will take this broom,
some glue and a dog chew, please.” “Here you are, Cooper,” Sant’s dad
grins.
Cooper can see Tan-Tan is waiting where he left him. “You wait so well,
Tan-Tan. Here comes Spotty, Sant and Buzz. Hi crew!” says Cooper.
“Hello, Cooper and Tan-Tan,” shout the crew of friends.
“That’s a great balloon!” says Cooper. “Thanks. It’s for Nana.
We are heading to her house to see what flowers bloom in June.
Do you want to come too?” asks Sant. “Yes, please,” says Cooper.
Nana lives next to the sand dunes. “If we stand on top of the dunes,
we can just see the flowers that are in bloom,” says Spotty.
“Hello Nana, we have come to see your flowers in bloom,” Cooper says.
“These are Sturt Desert Peas. You can take some home.” Nana waves.
“Thank you, Nana!” Cooper and his friends head home.",oo ew ue u_e o,35,SPELD-SA,7,"digraph, blend, final_e, vowel_team, r_controlled, l_controlled, diphthong, multisyllabic","vowel teams, consonant blends, multisyllabic words","consonant digraphs, consonant blends, final-e words, vowel teams, r-controlled vowels, l-controlled vowels, diphthongs, multisyllabic words"
Ride a bike or fly a kite,"Nick has a bright smile on his face. He is thinking of all the things he likes to
do. What will he fly? Where will he ride?
Nick’s friend Tammy is out for a ride on her blue bike. How many friends can
she find? The sun is high in the sky and it is a great day for a ride.
Tammy is lucky to find her friends. Nick and Ivy run to catch up with her.
They feel wild and free as they fly down the street.
“It’s my turn to ride my bike.” Nick rides at the speed of light! Sant spots Nick
as he zooms down the street on his bright, red bike.
“I like the way you fly down the street on your bike, Nick. Can I fly on your kite,
high in the sky?” Sant asks. “Yes, Sant! You can take a ride on my kite.”
Nick smiles.
Sant and the Kite fly into the tree! “I will get you down, Sant”. Nick reaches
up to Sant. “I don’t mind hanging out in this tree for a while,” Sant says with
a smile.
“You can have a turn on my bike, Ivy,” Tammy offers. “I don’t know if I can,”
sighs Ivy. “You can do it if you try. I will run along by your side,” smiles Tammy.
“Thanks, Tammy. You are very kind,” says Ivy.
Nick and Sant see Ivy on Tammy’s bike. “You can do it, Ivy!” Nick and Sant
call. “That’s right, hang on tight and keep your eye on where you want to go.”
“I can ride a bike!” Ivy squeals with pride.",i ie y i_e igh,35,SPELD-SA,5,"digraph, blend, final_e, vowel_team, r_controlled, l_controlled, diphthong, multisyllabic","consonant blends, vowel teams, consonant digraphs","consonant digraphs, consonant blends, final-e words, vowel teams, r-controlled vowels, l-controlled vowels, diphthongs, multisyllabic words"
Camping in the bush,"Pam is camping in the bush with her family. The tent is up and now it’s time
to have some fun. “Would you like to play a game of hide and seek?”
Pam asks her brother Zak.
“Yes Pam, I will count with my buddy Sant,” Zak yells. “Ready or not, here we
come! Now, where could she be? There are lots of spots to hide in the bush,
Pam could be anywhere!”
“I found you! That was too quick.” Zak chuckles. “Let’s go and find Tig.
I think he is napping down by the brook,” Pam says.
Tig has put himself by the fire for a cozy nap. “Should we wake him?
He looks so happy, we shouldn’t wake him,” Zak says quietly.
“What shall we cook for dinner?” asks Dad. “Fill the pot with all sorts
of veggies and a chook,” says Pam. “Yum, it smells good!” says Dad.
The tent shook in the wind that night. Sant and the siblings couldn’t hear it,
they were giggling.
“Can you hear a ‘chirp’ and a ‘woof’? Tig must be barking at the birds again,”
Pam says. “Would you be quiet Tig!” yells Zak.
They read a good book and have a full tummy of food.
Now they are all quietly sleeping.",oo u oul,29,SPELD-SA,5,"digraph, blend, final_e, vowel_team, r_controlled, l_controlled, diphthong, multisyllabic","consonant digraphs, consonant blends, multisyllabic words","consonant digraphs, consonant blends, final-e words, vowel teams, r-controlled vowels, l-controlled vowels, diphthongs, multisyllabic words"
A day with Doug,"Sant is visiting his cousin Doug. “It’s been a long time, Sant, have you been
keeping out of trouble?” smiles Doug. “I think so, Doug. Can you show me
around your town?” asks Sant.
“Here come brothers, Jon and Lea, they love to drive. Quick, jump up on their
car, Sant. You never know where they are heading next. They are double trou-
ble, like us,” Doug giggles.
Jon and Lea drop the cousins off at the trucks. Doug helps to drive the forklift.
He jumps up on the seat and lifts the heavy crates high above the ground.
The crates can weigh a ton.
Sant is in luck and jumps up on the crate for a nap. He dreams of a yummy
honey treat. “It’s no time for sleeping, Sant. Wake up or I will come up and give
you a shove!” yells Doug. Sant wakes with a jump!
“I want to show you the school,” says Doug. “This is Mr Young, he is one of the
teachers. Mr Young was in the School Fun Run and he won!”
“The kids love it when Mr Young takes them outside to run and jump. They are
lucky to have a teacher who is lots of fun,” Says Doug.
“Look Sant, here is Ann and Nat playing chase. Ann is chasing Nat. Ann can
touch Nat’s arm and then she sits down. Nat is stuck and counts to ten, then
she can run again,” explains Doug.
At the end of their big day, they see Nana. “Hello Doug and Sant! Come and
sit by the fire. Have you been looking after each other?” asks Nana. “Yes, Nana.
Doug has shown me all over the town!” Sant beams.",u ou o,37,SPELD-SA,5,"digraph, blend, final_e, vowel_team, r_controlled, l_controlled, diphthong, multisyllabic","consonant blends, multisyllabic words, consonant digraphs","consonant digraphs, consonant blends, final-e words, vowel teams, r-controlled vowels, diphthongs, multisyllabic words"
Spotty’s birthday,"It is the day of Spotty’s birthday party! Spotty is excited, waiting for his friends to
come to his house and celebrate.
Buzz, Sant and Doug arrive. Spotty has lots of games planned. “Hello, it’s good to
see you all,” Spotty beams. “Put on a fancy party hat and get ready for the fun!”
The pals rush onto the grass to start bowling. Sant is ready. He runs, jumps and
with a quick bounce, he rolls the ball. STRIKE! All the pins are down.
“Listen,” Buzz whispers, “Spotty’s mum is calling us back for snacks.”
They run back to find Spotty’s mum with sweet honey treats laid out.
“What else is there to play Spotty?” asks Doug. “Pass the parcel is the next game”,
Spotty says. Inside each layer is a toy mouse. Sant lets out a playful squeal.
“Dance and Freeze is a fun party game,” says Doug as he starts to bounce.
“Yes!” Spotty jumps up. “Let’s dance. Listen and try to stop when the song stops.”
Everyone lines up and gets ready to play pin the tail on Spotty. “Press the tail onto
the poster. Try not to miss,” Spotty explains. Buzz steps up. This is her chance to try
and she is spot on!
It’s time to go and Spotty’s mum is happy to pass the party bags around to the
pals. “Thanks for coming,” smiles Spotty. “Thanks, Spotty. It was a great party,”
Spotty’s friends chime.",s ss st c ce se,32,SPELD-SA,7,"digraph, blend, final_e, vowel_team, r_controlled, l_controlled, diphthong, multisyllabic","consonant blends, multisyllabic words, vowel teams","consonant digraphs, consonant blends, final-e words, vowel teams, r-controlled vowels, l-controlled vowels, diphthongs, multisyllabic words"
Little legs on the hill,"Ned the numbat huffs and puffs up the big hill. Will his little legs carry him all the
way to the top? Sant the ant sits on Ned’s back. It is a good way to travel up the
hill.
At the top, Ned sits to have a rest. They can see a long way from the top of the hill.
Sant has a towel to wipe Ned’s brow. Ned looks back to see if his mate Wilbur the
wombat is following him.
Wilbur plods up the big hill. He hopes to catch up to Ned and Sant soon.
Wilbur’s little legs move at double speed to reach the top.
Ned and Sant are glad to finally see Wilbur scramble to the top of the hill.
Wilbur smiles to his friends as he looks out to the vast landscape. It is rocky with
lots of rubble beneath their feet.
Uncle Len struggles up the hill. He can remember a time when he was young and
limber. Gone are the days he could quickly bound up the hill.
Ned, Wilbur, Sant and Uncle Len are glad to reach the top of the hill. From a
distance they can hear giggles and little feet moving quickly up the big hill and
over the rubble.
Twins, Wanita and Zack bound to the top of the hill with a big smile. If there was
a medal for running fast, they would be the winners. They follow Uncle Len to the
top.
Everyone agrees, the prize to reach the top of the big hill is to look out across the
land. The air smells fresh. The leaves on the trees gently rustle in the breeze.
This will be a place to visit again.",I ll al el le,26,SPELD-SA,6,"digraph, blend, final_e, vowel_team, r_controlled, l_controlled, diphthong, multisyllabic","multisyllabic words, consonant blends, vowel teams","consonant digraphs, consonant blends, final-e words, vowel teams, r-controlled vowels, l-controlled vowels, diphthongs, multisyllabic words"
A warm autumn day,"It is a warm autumn day at the water hole. The water is still and everything is quiet.
This morning, Spotty is laying in the sun on a warm rock. He can hear the distant,
playful call of boys heading his way.
Wilfred, Gavin and Brad decide to walk to the water hole to cool off. Brad finds a
rope hanging from a tree. He will use it to fly into the middle. Gavin jumps in.
“Look out, here I come!” he warns.
Brad hauls on the rope and swings across the water. He holds on and looks down
for a good place to fall. He stalls, but there is no going back. He has to let go!
Brad falls with a great big SPLASH! He can feel the cool water and starts to relax.
The splash causes the water to ripple and move a log closer to the middle of the
water hole.
Spotty sees Brad’s brave entry into the water hole. He jumps in and calls out to
Brad, “This log would make a good boat!” They clamber onto the floating log and
Spotty sprawls back, catching the warm autumn sun.
I think I could have a go at balancing on the log,” Gavin calls. “Steady as you go.
Make small movements to get on, or you may cause the log to roll,”
Spotty explains. The boys giggle and try sitting tall to keep good balance.
Wilfred begins to taunt his friends. “I don’t think you can stay on the log. It’s going
to roll!” Brad and Gavin feel the log roll to one side and know that they will fall.
SPLASH! “Let’s play water wars,” announces Gavin. They begin to splash each
other.
Wilfred uses the log to flip from, while Brad and Gavin hold it steady. Spotty can
feel a yawn coming on. He is ready for another nap in the warm sun. The boys talk
about how wonderful it is to play at the water hole. Maybe next time they can
make a fort close by and stay all day.",or aw a ar au al,36,SPELD-SA,6,"digraph, blend, final_e, vowel_team, r_controlled, l_controlled, diphthong, multisyllabic","multisyllabic words, consonant blends, vowel teams","consonant digraphs, consonant blends, final-e words, vowel teams, r-controlled vowels, l-controlled vowels, diphthongs, multisyllabic words"
Hands in the air,"Zack and Kev meet to shoot some hoops at the local school. It is fair to say they
both have a natural flair for the game.
Kev is quick and his feet dance across the goal circle. Zack wants the ball and
glares at Kev. Where will Zack dart next? Kev’s stare has put Zack off his game.
Kev steals the ball from Zack. He dribbles it away and jumps high into the air.
Can he reach all the way up there? The wind whips his hair as he leaps.
Kev lands calling, “Yes!” The goal feels great.
Zack chases the ball down, turns, squares up to the ring and shoots. He stops and
bounces the ball twice. He takes in a deep breath to push the ball up and in the
hoop. Zack and Kev stare as the ball drops in.
Zack and Kev make a great pair. They play on the same team and love to play
offence. They are working on being fair and taking turns to share the ball.
“Where is that beat coming from?” Zack questions. “I can hear it too. It’s coming
from over there,” says Kev. “I swear that sounds like Dan.” “Do we dare follow the
melody to find out?” asks Zack.
“Hi friends, my name is Dan. I am the king of hip hop! Can you hear the melody
blare from my speakers? By my bright green van you can hear my hip hop flair,”
Dan sings in the street.
“One show only, with my mates Buzz, Sant and Spotty,” Dan raps. “We want to
show that we care. It is our hope that you treat each other fair. To share is to show
that you care. Everybody, put your hands in the air!”",air are ear ere,36,SPELD-SA,6,"digraph, blend, final_e, vowel_team, r_controlled, l_controlled, diphthong, multisyllabic","vowel teams, consonant digraphs, consonant blends","consonant digraphs, consonant blends, final-e words, vowel teams, r-controlled vowels, l-controlled vowels, diphthongs, multisyllabic words"
Let’s unite!,"Jennifer and Cooper were unimpressed at recess time. Their class mates had made
a huge mess and rubbish was strewn across the playground. They knew that
something had to change.
“What are we going to do? It is sad to see our playground in such a mess.
Don’t they value our tidy school?” says an upset Cooper. “This isn’t worth a feud.
We must find a way to unite and keep our playground tidy,” says Jennifer.
“Did you say, unite?” Sant has come to help. “Hi, Sant. You are right on cue.
We can’t use our playground with all this strewn rubbish.”
“I am happy to help, but I feel sad that people refuse to use the bin,” Sant shares
his feelings. “Let’s use tongs to pick up the rubbish,” says Jennifer. “We are few.
We need many hands to help,” added Cooper. “Let’s spread the news to help clean
up.”
Jennifer and Cooper make posters to spread the news about putting litter in the
bin. “If we unite and work together, our school grounds will be as good as new.
The recess bell is due to ring soon. Who is with us?” Jennifer calls.
“It is good to hear no one argue,” Sant notes. “Everyone seems happy to help.”
“It feels good to unite for a common cause. Thanks for chipping in. You are all a
huge help,” Jennifer smiles.
It is a great outcome. “All those who helped now value our tidy school,” Cooper
says happily, “I knew you could do it!” Sant beams. “Look what you can do when
you spread the news and unite as a team.”
Jennifer and Cooper decide it is time to play. Sant is right. Their playground is now
as good as new. It is a huge difference to walk through their tidy school.
They smile, knowing they make a great duo.",ue we u u_e,38,SPELD-SA,7,"digraph, blend, final_e, vowel_team, r_controlled, l_controlled, diphthong, multisyllabic","multisyllabic words, vowel teams, consonant blends","consonant digraphs, consonant blends, final-e words, vowel teams, r-controlled vowels, l-controlled vowels, diphthongs, multisyllabic words"
Avoid sharp rocks,"Tom drives a truck for work and enjoys the company of his dog, Harry, sitting
beside him. They deliver farm goods to loyal customers. Today they are dropping
off a bale of hay to farmer Roy.
Tom drives over a sharp rock in the road. It makes a big noise. “Oh no, not a flat
tyre!” Tom groans. “Well boy, we will have to deploy the spare tyre.”
“We don’t have much choice. We will have to fix this. Our first step is to make the
truck safe and pull on the handbrake. Join me outside the truck, Harry.” Tom finds
the spare wheel and tools.
“We need to loosen the wheel, jack up the truck, hoist the tyre off and place it on
the ground. Next, we need to slide the spare wheel onto the hub bolts and tighten
the nuts.” Just as well Harry likes to listen to Tom’s voice.
Tom is about to lower the truck when he notices something moist. “Hang on a tick.
The ground is moist under here.” Tom is worried. “This isn’t good. We have a loose
coil and an oil leak,“ says Tom.
Doug is out driving his new tow truck with his cousin Sant. He sees Tom on the side
of the road in turmoil and stops to help. “Boy, am I glad to see you! We are not
having much joy today,” Tom calls to Sant and Doug.
“An oil leak and a flat tyre! We will tow your truck away for repairs,” says Doug.
“I wish I was able to avoid that sharp rock,” Tom replies. “I can see your point.
How annoying!” Doug exclaims.
Farmer Roy is out driving his ute. “I’m sorry to spoil your day,” Tom calls to Roy.
“My truck has been towed away. I can’t deliver your hay.” “Bad luck about your
truck Tom. I’m just glad you’re okay. I would still employ you any day.”",oi oy,40,SPELD-SA,7,"digraph, blend, final_e, vowel_team, r_controlled, l_controlled, diphthong, multisyllabic","consonant blends, multisyllabic words, diphthongs","consonant digraphs, consonant blends, final-e words, vowel teams, r-controlled vowels, l-controlled vowels, diphthongs, multisyllabic words"
Sant’s blast off,"The Year 4 teacher, Mr Arthur, is keen to share a science experiment with his class.
The boys have been asking for a while to make rockets. “I can’t wait to see how far
it can blast into the sky,” Paul says.
“There are a few steps to follow. First, fill your bottle past the halfway mark.
Next, place a fizzy tablet into the bottle and make sure the lid is on tight. Please
ask if you get stuck.” Mr Arthur enjoys explaining science tasks.
“Hi, class! I hear you are making rockets. Can I hop on one of your bottle rockets
and visit the stars?” Sant asks. “Yes, Sant! You need to keep calm when the rocket
takes off,” says Paul.
The final step is to turn the bottle upside down in the jar. “Are you ready to be the
first ant in space, Sant?” Max laughs. “I’m rather excited as I don’t know what to
expect, but let’s start the countdown.” Sant sits on the bottle rocket.
Sant grasps hold of the bottle as it darts into the sky. The class cheer for Sant.
They all stand in wonder thinking how far it will reach.
Sant closes his eyes to pretend his rocket has blasted all the way to the stars.
He imagines setting a path to Mars to become the first ant to step onto the red
planet. In reality, Sant has just passed over the top of the boys’ heads.
“What causes the bottle to launch, Mr Arthur?” asks Paul. “It all starts with the fizzy
tablet which fills the bottle with gas. The gas escapes and the lid pops open.
Water is pushed down and out of the bottle, causing it to blast off,” Mr Arthur
explains.
The class welcomes Sant back as he lands on the table. “You are the master at
riding the bottle rocket, Sant,” Mr Arthur smiles. “Next time, we can partner up and
test to see whose rocket goes the furthest.”",ar a al au,34,SPELD-SA,6,"digraph, blend, final_e, vowel_team, r_controlled, l_controlled, diphthong, multisyllabic","multisyllabic words, consonant blends, consonant digraphs","consonant digraphs, consonant blends, final-e words, vowel teams, r-controlled vowels, l-controlled vowels, diphthongs, multisyllabic words"
A kite contest,"The local school is holding a kite flying contest. Sant is showing the children how to
make the best kite. “You want to make your kite strong and light so it can fly high,”
Sant explains. “You will need string, sticks, tape, and bright paper.”
Mr Tom wants his class to watch a clip about the best kite flying tips. “What tips do
you have for us, Buzz?” asks Jazz. “Hold your kite by the top of the frame and let
the line out.” Buzz can’t wait to see the kites fly.
Jazz draws a wasp on her kite because she knows they are strong flyers. Cooper
chooses a swan as his kite mascot. “Swans glide across the water with grace.
I want my kite to fly across the sky with grace,” Cooper shares with the group.
Sant and Buzz offer to help find the winners of the kite contest. “I will watch for
kites that crash down. They are out of the contest,” says Sant. “I will fly up to see
which kite flies the highest.” Buzz starts to fly.
The day was perfect for kite flying. “Don’t stop running! We want the kites to lift on
the wind,” Sant calls as he watches from the stand. “Let go of the kite, Tim.
I think it will fly,” Cooper shouts. He is running fast.
“Our wasp kite is strong and flies so well!” Jazz is happy that their kite is up.
“How high do you think it will fly, Jazz?” Tina is watching Cooper and Tim’s kite fly
close to theirs. “I don’t know. Buzz is keeping watch to see which kite will be the
winner,” Jazz says.
“I hope the wasp team doesn’t win for flying the highest,” Cooper says as he holds
the line up high. “I hope our kite stays up and doesn’t crash,” Tim says with a
worried look. “I don’t think it will crash. After all, it is a swan kite and swans fly with
grace,” Cooper smiles.
“Well done, class! The wasp team’s kite was flying strong against the wind.
The swan team’s kite was gliding across the sky. Both kites flew high and didn’t
crash in the contest,” says Mr Tom happily. “Who wants to celebrate with
ice-cream?” “Me!” the children chime.",o a,41,SPELD-SA,5,"digraph, blend, final_e, vowel_team, r_controlled, l_controlled, diphthong, multisyllabic","consonant blends, multisyllabic words, consonant digraphs","consonant digraphs, consonant blends, final-e words, vowel teams, r-controlled vowels, l-controlled vowels, diphthongs, multisyllabic words"
Riverside versus Dingoes,"It was the day of the big game. Ben was captain for the Riverside team. He held his
clipboard and counted all the players before they piled into the bus. It was going
to be a long bus ride to the footy ground.
When they arrived, the players began warming up. Dave and Henry jogged, while
others chose to practice passing and marking. Riverside were playing the Dingoes
for the second time in the season.
The last time the Dingoes played Riverside, the Dingoes were third on the ladder.
“Time to beat you,” Ben egged Gavin on. “I don’t think so,” Gavin called back.
The umpire, Spotty, blew his whistle to start the game.
The players ran into the middle of the ground. “I’ve got this,” called Gavin. “Run the
ball down to the goals, Riverside!” Coach Dan yelled. The Dingoes chased close
behind Riverside as they ran down the footy field.
Coach Dan added advice from the sideline, “Dave is free! Pass to Dave! Keep on
defending your players.” Riverside were up by one goal. Both teams had scored
well the entire game. There wasn’t a lot of time left on the clock.
Suddenly, the final whistle blew to signal the end of the match. Dave kicked one
more goal for Riverside. The Dingoes had lost but had good team spirit to say
‘well done’ to Riverside.
The team played hard and felt tired. Coach Dan was proud of them all.
“The Dingoes put in a good effort and tried to beat us. You used the ball well
across the ground and quickly moved it to our goals,” Coach Dan shared his
thinking on the game.
The team jumped into the bus and chatted about the game. They began to
unwind and felt satisfied that they tried their best and won. It was a great ride
home on the bus.",d dd ed,32,SPELD-SA,6,"digraph, blend, final_e, vowel_team, r_controlled, l_controlled, diphthong, multisyllabic","multisyllabic words, consonant blends, vowel teams","consonant digraphs, consonant blends, final-e words, vowel teams, r-controlled vowels, l-controlled vowels, diphthongs, multisyllabic words"
Missing biscuits,"Late in the day, Jim arrives home from school and heads to the kitchen for a snack.
“Mum, can I have a biscuit?” calls Jim. “First, I’d like you to put your lunchbox in the
sink,” says Mum.
Jim puts his lunchbox in the sink and reaches into the biscuit jar. He can’t wait to sit
down with a biscuit and relax after his long day at school. When Jim opens the jar,
he finds that all the biscuits are missing. His grin turns down into a frown.
“Mum! The biscuits are missing!” Mum quickly enters the kitchen. “I just filled the jar
today. This is a mystery!” “I wonder where they have vanished. I will solve this case
of the missing biscuits!” announces Jim.
Jim puts on his sleuth costume and begins to look for clues. He spots a trail of
biscuit crumbs leading from the jar to the back door. “I think I’m onto something,
Mum.” Jim runs outside. “I will find the guilty thief,” exclaims Jim.
Jim stands in his yard and finds a strange sight. Not only are there biscuit crumbs
trailing on the ground, but also evidence of chips. He looks towards his play gym,
and it has flowers all over it. “What is going on?” Jim wonders. He carefully walks
down to his play gym.
Jim finds Sant, Spotty, Buzz and Doug. Biscuits, chips, fizzy drink, and honey treats
are laid out ready to eat. “What is all this?” asks Jim. “We know how tired you are
after school, and we wanted to share a picnic with you,” Sant beams. “That is so
nice of you,” says Jim.
“It was a team effort.” Sant explains, “Spotty knows how to relax and strung up a
hammock on the play gym for you to rest. Buzz loves sweet treats and put food out
for us to share. Ants are good at carrying and moving things, so Doug and I found
flowers and hung them from the play gym.”
“Mystery solved!” Jim chuckles. Jim’s mum walks down to check on the afternoon
tea. “How is the picnic going?” she asks. “Great!” Jim smiles, “Typical of this crew
to be behind a tricky surprise like this.” They all giggle and enjoy their picnic in the
sun.",I ui y,45,SPELD-SA,7,"digraph, blend, final_e, vowel_team, r_controlled, l_controlled, diphthong, multisyllabic","multisyllabic words, consonant blends, consonant digraphs","consonant digraphs, consonant blends, final-e words, vowel teams, r-controlled vowels, l-controlled vowels, diphthongs, multisyllabic words"
"I Sit, I Tap",I sit. I tap. I sit and I tap. I tap and I sit. Pim and I sit. Pim and I tap.,,6,UFLI,2,blend,basic single-syllable words,basic single-syllable words
The Pin in the Map,A map. I tap the map. A tin. A pin is in the tin. I tap the pin. I tap it in. The pin is in the map.,,7,UFLI,2,,basic single-syllable words,basic single-syllable words
The Pit,A pit. Min is in the pit. Nat is in the pit. Min and Nat fit. Min and Nat sit in the pit. Sap is in the pit. Min and Nat sat in sap!,,7,UFLI,2,blend,basic single-syllable words,basic single-syllable words
Sam and Pam,Sam is tan. Pam is tan. Pam is as tan as Sam. Sam and Pam sat on the mat. Sam and Pam tap the mat. Sam and Pam tap and tap and tap. Sam and Pam nap.,,7,UFLI,2,blend,basic single-syllable words,basic single-syllable words
Tom and the Fan,Tom is a man. Tom is not a fan. A fan is not a man. Tom is on the mat. The fan is on the mat. Tom and the fan fit on the mat.,,6,UFLI,2,blend,basic single-syllable words,basic single-syllable words
Sid and Dad,Dad is sad. Dad did not fit in the pit. Sid is not sad. Sid can fit in the pit. Dad is mad. Dad did not sit in the pit. Sid is not mad. Sid can sit in the pit.,,8,UFLI,2,,basic single-syllable words,basic single-syllable words
The Cat Can,Can Cam fit on the cot? Cam can not fit on the cot. Can the cat fit on the cot? The cat can fit on the cot. The cat can nap on the cot. Cam can not nap on the cot. Cam can nap on the mat.,,7,UFLI,2,,basic single-syllable words,basic single-syllable words
The Pup,The pup is up! The pup is on us. It’s fun. Mom said the pup can sit on the mat in the sun. The pup did not sit on the mat. The pup is in the mud!,,6,UFLI,2,,basic single-syllable words,basic single-syllable words
Gus the Dog,Gus is a dog. Gus the dog is fun. Gus the dog can dig. Gus can dig in a pit. Gus dug and dug and dug. Gus dug in the mud! “Gus! Do not dig in the mud!” said Mom.,,9,UFLI,2,blend,basic single-syllable words,basic single-syllable words
A Bug on the Bus,"Sib got on the bus. Bob, Gab, and Bim got on the bus. A big bad bug got on the bus. “I can not sit on the bus,” said Sib. Sib got up. Bob got up. Gab got up and Bim got up. But the big bad bug did not.",,8,UFLI,2,blend,basic single-syllable words,basic single-syllable words
Ten on the Bed,Mom and Dad get a big bed. Ben and Ted get on the big bed. Gab and Dot get on the big bed. Tam the cat and Gus the dog get on the big bed. Ned and Ed get on the big bed. Mom and Dad get on the big bed. Ten fit on the big bed!,,7,UFLI,2,blend,basic single-syllable words,basic single-syllable words
I See,I see a pig. The pig is in its pen. I see a cat. The cat is on the bed. I see a dog. The dog is in its den. I see a bug. The bug is on a bat!,,8,UFLI,2,vowel_team,basic single-syllable words,basic single-syllable words
Pet Cats,"Tam and Meg got cats. “The cats can fit on the bed,” said Tam. “The cats can sit on top of the cot,” said Meg. Tam pets the cats. Meg pets the cats. The cats nap.",,6,UFLI,2,blend,basic single-syllable words,basic single-syllable words
Cubs in the Den,Mom sees the cubs. Mom and the cubs get in the den. The den is big. Mom sits in the den. The cubs see bugs and bats in the den. The cubs get the bugs. The cubs do not get the bats. Mom and the cubs nap in the den.,,8,UFLI,2,"blend, vowel_team",vowel teams,vowel teams
Kip is the Best Pup,"Kip is the best pup. Kip sits. Kip skips. Kip runs in the sun. Kip runs fast to get a disk. But Kip did not see the mud. “Stop, Kip!,” Dad said. But Kip can not stop. Kip skids into the mud. Dad gets Kip in the tub.",,11,UFLI,3,"blend, vowel_team, multisyllabic",consonant blends,consonant blends
The Big Hut,"The hen sits in the big hut. The hog sees the hut. The hog asks the hen if he can sit in the hut. The hog and the hen sit in the hut. The dog sees the hut. The dog asks the hen if he can sit in the hut. The dog, the hog, and the hen sit in the big hut.",,7,UFLI,2,"blend, vowel_team",basic single-syllable words,basic single-syllable words
The Red Cat and the Rat,The red cat sees a rat. The rat runs. The red cat runs to get the rat. The rat is fast. The red cat is not as fast. The rat runs to a raft. The rat got on the raft. The red cat did not fit on the raft. The rat got rid of the red cat.,,9,UFLI,2,"blend, vowel_team",consonant blends,consonant blends
The Drums,"Greg and Brent get drums. Greg’s drum is big and red. Greg taps the drum. The drum is fun. Greg trips and drops his drum. BAM! The drum is bent. Greg is sad. “Do not fret, Greg,” said Brent. Brent grabs his drum and hands it to Greg. Greg grins at Brent. Greg and Brent tap Brent’s drum.",,12,UFLI,3,blend,consonant blends,consonant blends
Lost in the Lab,Gil is in a big lab. Gil got lost in the big lab. The lamp in the lab is not on. Gil can not see. “Help!” said Gil. Mel gets to the lab. Mel can help. Mel taps the lamp. The lamp is on. Gil can see at last! Mel hands Gil his books. Gil left the lab.,,13,UFLI,2,"blend, vowel_team","consonant blends, vowel teams","consonant blends, vowel teams"
Slugs on a Plant,"Glen and Al are slugs. Glen and Al are pals. Al can not run. Glen can not trot. Glen and Al are not fast. Al is glum. “Slugs can not do a lot,” Al said. “Slugs can rest!” Glen said. Glen and Al plop on top of a plant. Slugs are the best at rest. Al is glad. Glen and Al nap on the plant.",,13,UFLI,3,"blend, l_controlled","consonant blends, l-controlled vowels","consonant blends, l-controlled vowels"
A Hog in the Mud,"Wes is a hog. A hog is a big pig. The sun is up. Wes’ skin is hot. He rolls in the mud in his pen. Wes is wet. The mud drip, drip, drips from his skin. “Ahh!,” said Wes. He is glad he gets to sit in the mud.",,10,UFLI,3,blend,consonant blends,consonant blends
Yams! Yum!,"A yak looks at a plant. It’s a yam plant. The yak digs to get a yam from the plant. The yak stomps on the yam to cut it into bits. A dog sees the plant. The dog digs to get a yam from the plant. The dog can not stomp on the yam. The yak helps the dog. “Yum,” said the yak, “yams are the best!” “Yes,” said the dog, “yum, yum, yum!”",,10,UFLI,3,"blend, vowel_team, multisyllabic","consonant blends, vowel teams","consonant blends, vowel teams"
The Box,"Pax got a big red box from his dad. “Look at this box!” Pax said to Rex. “Let’s jump in it.” Pax jumps in the big red box. Rex is next. “Can you help me, Pax?” said Rex. “Yes! I can help you,” said Pax. Pax helps Rex get in the box. Pax and Rex jump in the box. “The box is fun!” said Pax and Rex.",,14,UFLI,2,"digraph, blend, vowel_team",consonant blends,consonant blends
Do Not Quit!,"Quint is next to run. He is on a quest to win. He can not quit. “You can not quit,” said his mom. “You can do it,” said his dad. Quint runs fast. He can see the end. “You can do it,” said his dad. Quint gets to the end and wins. “Yes! I went fast! I did the best!” said Quint.",,13,UFLI,3,"blend, vowel_team","consonant blends, vowel teams","consonant blends, vowel teams"
What is a Vet?,"What can vets do? Vets help pets. Can a vet help a dog? Yes, a vet can help a dog. Can a vet help a cat? Yes, a vet can help lots of pets. Can a vet help kids? No, a vet can not help kids. Vets just help pets. Vets have a fun job.",,10,UFLI,2,blend,consonant blends,consonant blends
Zip the Tent,"Jaz and Zed went on a trip in a tent. Jaz sets up the tent. Zed helps. “Look at the pond,” said Jaz. “Let’s swim!” Jaz and Zed jump in the pond to swim. Jaz and Zed see lots of bugs. “You have to zip up the tent,” said Jaz. “If you zip it, the bugs do not get in.” Zed runs to the tent to zip it up. The bugs do not get in.",,11,UFLI,2,"blend, vowel_team","consonant blends, vowel teams","consonant blends, vowel teams"
Bag of Hats and Caps,"Jax has a big bag. The bag has hats and caps in it. Six hats and ten caps fit in the bag. “Can I have a hat?” asks Gab. “Yes, you can have a hat,” said Jax. “Can I have a cap?” asks Kat. “Yes, you can have a cap,” said Jax. Gab and Kat are glad to have the hat and cap.",,10,UFLI,2,blend,consonant blends,consonant blends
Let’s Plan a Trip,"Sam plans a trip to camp. Sam asks Dan to plan the trip with him. Dan said, “Yes! Let’s plan a trip! What do we have to do?” “We have to get the van and the tents,” said Sam. “I can get the van if you can get the tents,” said Dan. Dan gets the van. Sam gets the tents. The men are glad to be on a trip to camp.",,10,UFLI,3,"digraph, blend",consonant blends,consonant blends
Vlad the Crab,Vlad is a crab. Vlad the crab ran on the sand. A crab trap was in the sand. Vlad did not see the trap. Vlad ran in to the trap. “Help!” said Vlad. Dax the crab sees Vlad. “I can help you!” said Dax. Dax acts fast. He grabs Vlad. Dax and Vlad ran from the trap. The crabs are glad.,,14,UFLI,3,"blend, vowel_team","consonant blends, vowel teams","consonant blends, vowel teams"
Gil and His Pig,Gil has a big pig. His pig is in its big pen. A mud pit is in the pen. The pig can swim in the mud pit. The pig can dig in the mud pit. The pig has a lot of fun in the mud pit. Gil grins at his pig. The pig grins at Gil.,,8,UFLI,2,blend,consonant blends,consonant blends
Trip to the Pond,"Tim and his six dogs are on a trip to the pond. The dogs do flips in the mud and spin in the sand. Next, Tim and his six dogs jump in the pond for a swim. Tim said, “I see a disk.” The dogs swim to get the disk. Tim and his dogs are wet. Drip! Drip! Drip! “The trip to the pond was fun,” said Tim. “Yip, Yip,” said the six dogs.",,11,UFLI,3,"blend, vowel_team, r_controlled",consonant blends,consonant blends
It’s Hot!,Mom and Dad went for a jog. Mom and Dad got hot. Is the fan on? The fan is not on. The fan is in the box. Mom set the fan on top of the box. Dad taps the fan on. The fan is on. It’s not hot!,,9,UFLI,2,"blend, r_controlled",consonant blends,consonant blends
Lost,Dom is lost. He went to look at a frog and lost his mom. He can not spot his mom. Is Mom at the camp? No. Mom is not at the camp. Is Mom in the sandbox? No. Mom is not in the sandbox. Dom stops at the pond. He can see his mom! He runs to his mom. Dom and his mom look at frogs in the pond.,,13,UFLI,3,"blend, vowel_team, multisyllabic","consonant blends, vowel teams","consonant blends, vowel teams"
The Big Box,"Nils, Jon, and Mag got a big box. What is in the box? Nils looks in the box. Nils sees a hat in the box. Jon looks in the box. Jon sees a map in the box. Mag looks in the box. Mag sees a book in the box. Next, the kids see pots and pans and bats in the box. A lot is in this box!",,10,UFLI,2,"digraph, blend, vowel_team",vowel teams,vowel teams
Brad Quits,"Fran and Brad are in a band. “I quit,” said Brad. Brad grabs his bag. He slams it into the van. Fran can see Brad is mad. Fran and Brad get in the van. “You are mad,” said Fran. Brad hits his bag. “Yes! I am mad,” said Brad. Fran grabs his hand. “Let’s rest a bit.” Brad grins. “Yes. Let’s rest.” Brad and Fran rest a bit. “I am not mad,” said Brad, “I do not quit.” “I am glad,” said Fran.",,18,UFLI,3,"blend, vowel_team, multisyllabic","consonant blends, vowel teams","consonant blends, vowel teams"
Cub and Pup,Cub and Pup are buds. Cub and Pup have lots of fun. Cub runs in the sun. Pup digs in the mud. Cub and Pup are hot and wet. The fun must stop. Cub and Pup must get in the tub. The buds have fun in the suds. The fun did not stop!,,9,UFLI,3,blend,consonant blends,consonant blends
Gus the Pup,"Gus the pup was in the mud. He dug in the mud and got a bug. Gus ran to the rug with his bug. Mom sees Gus on the rug. “No Gus! No bugs on the rug!” Mom jumps up to stop Gus, but he is fast. Gus runs to the mud. Mom grabs Gus and dumps him in the tub. Mom scrubs Gus. Gus looks glum. Mom pets Gus. Gus is not glum.",,13,UFLI,3,"digraph, blend, vowel_team","consonant blends, vowel teams","consonant blends, vowel teams"
The Pet Hen,"Dex has a pet hen. The hen is big and red. Dex let his hen run. But the hen ran into a pig pen. The hen has a big welt. Dex must tend to his red hen. He gets the hen in its bed. “You must rest,” Dex said.",,8,UFLI,2,"blend, multisyllabic",consonant blends,consonant blends
Fred and the Tent,Fred is at camp. He must set up his tent. Oh no! The tent has a rip in it. Fred must mend the tent. What can help Fred mend the tent? A kit can help him mend the tent. Fred mends and tests the tent. It is set up!,,9,UFLI,3,blend,consonant blends,consonant blends
The Fox and the Red Hen,"The fox can not get up. He is in a pit. The red hen looks at the fox. “Oh no! You are in the pit.” “Yes, I am in the pit. Can you help me?” asks the fox. “Yes, I can help, but do not jump on me!” said the red hen. The red hen helps the fox. The fox did not jump on the red hen. The red hen and the fox are glad the fox is not in the pit.",,13,UFLI,2,"blend, vowel_team",consonant blends,consonant blends
The Frog and the Slug,Glen is a frog with black spots. Glen is in the pond. The pond has pads. Glen can jump from pad to pad. He can flip and flop on the pads in the pond. Glen sees a slug in the pond. The slug is on a pad. “Do you have legs to jump?” Glen asks the slug. “I do not have legs. I can not jump.” said the slug. Glen lets the slug get on his back. Look! Glen and the slug can jump from pad to pad!,,15,UFLI,3,"digraph, blend, vowel_team","consonant blends, consonant digraphs, vowel teams","consonant digraphs, consonant blends, vowel teams"
A Craft for Mom,"Brent and Clint must get Mom a gift. The kids went to Gram’s Craft Stand. Brent helps Clint cut ten red dots. Next, Clint helps Brent stamp six red spots. The gift Brent and Clint craft is a crest. The kids set the crest in a box. The crest Brent and Clint craft is grand. “Yes!” said Mom, “This is the best gift. You are the best kids.”",,10,UFLI,3,"digraph, blend",consonant blends,consonant blends
Buzz Sells Milk,"Buzz has a fun job. His job is to sell jugs of milk at the mill. Buzz runs up a tall grass hill to get the milk. He huffs and puffs at the top of the hill. Buzz fills six glass jugs with milk. Not a drop spills. Next, Buzz runs the milk jugs to the mill. Buzz sees Tiff, Will, and Russ at the mill. “Do you want milk?” asks Buzz. “Yes!” yell the pals. The pals get the jugs. The boss gets the bill. Buzz did a swell job.",,15,UFLI,3,"digraph, blend, vowel_team, l_controlled","consonant blends, l-controlled vowels","consonant blends, l-controlled vowels"
Let’s Golf,Ross and his mom went to the mall. Ross got golf clubs and golf balls. The golf balls are small. The man from the mall said Ross can hit the balls in the hall. Ross taps the ball with the club. The ball rolls up the hall and hits the tall wall. “Look at me!” Ross calls to Mom from the hall. He did not want to stop but Mom said he had to go. It was fun to hit golf balls in the mall!,,10,UFLI,6,"digraph, blend, vowel_team, l_controlled","l-controlled vowels, consonant blends","consonant blends, l-controlled vowels"
The Mud Track,"Mack and Rick are at the mud track. The pals see lots of trucks. The big truck gets stuck in the mud. The small truck goes fast on the track. Mack and Rick clap. Mack goes to the snack stand to grab chips. At the snack stand, he sees his pals, Beck and Nick. Rick sees the pack at the snack stand and yells, “Get back, quick!”. The pals run back to the track. A truck ran into a stack of bricks! The pack yells and jumps. “The mud track is the best,” says Mack.",,13,UFLI,3,"digraph, blend, vowel_team, l_controlled, multisyllabic","consonant digraphs, consonant blends, vowel teams","consonant digraphs, consonant blends, vowel teams, l-controlled vowels"
The Ship,"Look at the ship. Trish and Josh jump on the ship deck. Trish has a net to get fish. Josh has a bag to get shells. Trish jumps off the ship with the net. She swims to get fish. Josh jumps off the ship with his bag. He swims to get shells. Trish and Josh get back on the ship. “Look at the fish in my net,” said Trish. “Look at the shells in my bag,” said Josh. We had fun on the ship.",,12,UFLI,3,"digraph, blend, vowel_team","consonant digraphs, consonant blends","consonant digraphs, consonant blends"
This and That,"Jack and Finn want to go to the pond. Finn picks this red hat. Jack picks that pink hat. Finn picks this big backpack. Jack picks that small backpack. Finn and Jack walk to Liz. Liz will go with them to the pond. Finn, Jack, and Liz jump off the rocks and splash in the pond. Finn, Jack, and Liz had a ball at the pond.",,9,UFLI,3,"digraph, blend, l_controlled, multisyllabic","consonant digraphs, consonant blends, l-controlled vowels","consonant digraphs, consonant blends, l-controlled vowels"
Thump! Thump! Thud!,"Thad and Cath go on a jog at camp. They have six paths to pick from. They pick the fifth path. Thump! Thump! Thud! “What was that?” asks Cath. Thad looks and sees a big rock on the path. “This rock fell from that hill. That was the thud,” says Thad. “Both of us were in luck that we did not get hit!” says Cath. “Let’s go on the sixth path back to camp,” says Thad. Thad and Cath jog back to camp. At camp they grab a wet cloth to wash off. “That was a fun jog,” said Thad.",,17,UFLI,3,"digraph, blend, vowel_team","consonant digraphs, consonant blends, vowel teams","consonant digraphs, consonant blends, vowel teams"
Chips and Dip,"Chuck and Rich are at lunch. Chuck has chips in his lunchbox but no dip. Rich has dip in his lunchbox but no chips. Chuck looks at Rich. Rich looks at Chuck. What can they do? Chuck dumps his chips on a dish. “Rich, do you want chips?” Chuck asks. “Yes I do!” said Rich. Rich slid his dip next to the dish. “Chuck, do you want dip?” Rich asks. “Yes I do!” said Chuck. They chill and chat and munch on chips and dip. Yum! Yum! Yum!",,20,UFLI,3,"digraph, blend, vowel_team, multisyllabic","consonant digraphs, consonant blends","consonant digraphs, consonant blends"
Snacks for the Pets,"Beth has a lot of pets. She has ten small chicks and six big sloths. She grabs a big bag of snacks and drags it to the pet pens. The ten small chicks run to Beth. “Do you chicks want a snack?” Beth asks. “Cluck, cluck, cluck,” go the chicks. The chicks peck at their snacks. Beth looks up in the tree at the sloths. “Do you sloths want a snack?” The sloths nod. Beth hands the sloths their dish of snacks. Munch, munch, munch go the sloths. Beth grabs the last snack in the bag. “I will have this snack,” Beth says. Beth sits on the grass and snacks with the pets.",,16,UFLI,3,"digraph, blend, vowel_team, l_controlled","consonant digraphs, consonant blends, vowel teams","consonant digraphs, consonant blends, vowel teams"
On a Whim,"Phil and Whit went on a walk. On a whim, they went to see Steph. She could whip them up a snack. She was a whiz with a whisk. “Which snack do you want to munch on?” said Steph. Whit would want a big snack, but Phil would want a small snack. “Let me have a whack at this dish,” said Steph. She whips up a dish to munch on. Phil and Whit got a whiff of the dish. “Yum!” said Whit. The pals were glad they went to see Steph on a whim!",,13,UFLI,3,"digraph, blend, vowel_team, l_controlled","consonant digraphs, consonant blends, l-controlled vowels","consonant digraphs, consonant blends, l-controlled vowels"
King and Ash Sing,"King and Ash are best pals. To have fun, King and Ash sing songs. King brings Ash a book of songs. “Which song should we sing?” asks King. “Let’s pick a quick song and then a long song,” said Ash. King and Ash sing their songs. King’s mom just got back from the shop. “Will you sing me a song?” she asks. “Yes!” yell Ash and King. They grab the book of songs. “We have to pick the best song for your mom,” said Ash. King looks in the book. He sees the best song. “This is it,” he says. King and Ash sing. King’s mom claps and says, “I am so glad you sang that song.”",,19,UFLI,3,"digraph, blend, vowel_team, r_controlled, l_controlled","consonant digraphs, consonant blends, vowel teams","consonant digraphs, consonant blends, vowel teams"
Stink in the Bank,"Hank has a job at the bank. When Hank gets to the bank, he sniffs a bad smell. “What is that smell?” Hank thinks. “Is it a skunk?” He sniffs his desk. “No, it’s not my desk.” He checks the fish tank. “No, this is not what stinks.” He walks to the back of the bank. When he gets to the back, he sees the small trash bin. “Oh no!” Hank yells, “I left all the trash in the bin.” Hank sniffs the trash. “Yuck!” he yells, “that’s what stinks!” Hank brings the trash to the big bin and slams the lid shut. Hank is glad he got rid of the stink.",,18,UFLI,3,"digraph, blend, vowel_team, l_controlled","consonant blends, consonant digraphs, l-controlled vowels","consonant digraphs, consonant blends, l-controlled vowels"
The Ship Dock,"Quin goes to the dock with Jax. They sit on the dock and look at the ships. Jax looks up and sees a big clock. “What is that clock for?” he asks. Quin says, “There is a bell in the clock. When the bell rings, the ships can go to the dock.” Quin and Jax look for ships that could go to the dock. “I think that tall black ship will go to the dock,” said Quin. “I think this big pink ship will go to the dock,” said Jax. The bell rings. Ding dong. Ding dong. Which ship will go to the dock? The tall black ship goes past the dock. The big pink ship goes past the dock. “Look!” said Quin. Jax sees a small red ship. The small red ship stops at the dock. “We should have said the red ship!”",,21,UFLI,3,"digraph, blend, vowel_team, r_controlled, l_controlled","consonant digraphs, vowel teams, consonant blends","consonant digraphs, consonant blends, vowel teams, l-controlled vowels"
Cave in the Maze,"Dale and Jade went into a maze to win a game. The maze was long and full of snakes. Dale said to Jade, “I can not go on.” “Yes, you can. You are brave!” said Jade. Dale and Jade walk and walk. At last, they made a left and got to the end of the maze. Then they see six small caves. “Let’s go into the last cave.” said Jade. In the back of the cave, they see a gate! The gate is shut. How will they pass? Dale shakes the gate. Jade kicks the gate. The gate is still shut. “Look! yells Jade, “the gate has a lock.” Dale twists the lock. Pop! The gate swings in. Dale and Jade win the game!",,23,UFLI,4,"digraph, blend, final_e, vowel_team, l_controlled, diphthong, multisyllabic","final-e words, consonant blends, consonant digraphs","consonant digraphs, consonant blends, final-e words, vowel teams, l-controlled vowels"
Kites for Sale,"Mike can ride his bike quite well. Mike likes to ride his bike to sell kites. Mike takes nine kites and a bit of twine. He strings the kites to his bike with the twine. As he rides, the kites go up, up, up. You can see the kites for miles. Mike stops by a red gate and lets the kites wave. “Kites for sale!” he yells. Kids run to his bike. Mike sells his kites for a dime. “Thank you, Mike!” yell the kids as they take their kites.",,13,UFLI,4,"digraph, blend, final_e, vowel_team, r_controlled, l_controlled","final-e words, consonant blends, consonant digraphs","consonant digraphs, consonant blends, final-e words, vowel teams"
The Drive Home,"Hope and Dad went to the lake for a swim. They swam and swam. “It’s time to go home, Hope,” Dad yelled. As Dad drove home, Hope could see smoke! “Dad there is smoke!” yells Hope. “It is next to the phone shop.” They drove fast to the phone shop. When they got to the front of the shop they froze. The shop was on fire! Dad calls 911. “Yes, send the fire trucks!” Dad tells the man on the line. While Dad is on the phone, Hope sees a man run out of the shop. He is safe. The fire trucks came just in time to get rid of the flames. Hope and Dad save the shop!",,17,UFLI,4,"digraph, blend, final_e, vowel_team, r_controlled, l_controlled, diphthong","final-e words, consonant blends, consonant digraphs","consonant digraphs, consonant blends, final-e words, vowel teams, r-controlled vowels"
Five Mile Hike,"Chan rides his skates to the lake. When Chan gets to the lake, he looks for his pal Eve. He sees Eve on the black dock. “Want to hike?” asks Eve. “Yep!” Chan says. “OK. Grab these snacks for us to have on the hike,” says Eve. Eve and Chan hike for a long time. “This is a long hike!” says Chan. “Yes. It is five miles” says Eve. Eve and Chan talk as they walk. Eve tells Chan when they are close to the top. “Here we are! The top of the hill!” Eve yells. Eve and Chan can see for miles. “Thank you for this grand hike,” says Chan with a wide smile.",,21,UFLI,4,"digraph, blend, final_e, vowel_team, r_controlled, l_controlled, multisyllabic","consonant digraphs, final-e words, consonant blends","consonant digraphs, consonant blends, final-e words, vowel teams, l-controlled vowels"
June’s Flute,"June has a flute. June likes to use the flute to make tunes. There is one tune June likes best. She likes the song Sand Dunes. June has a pal, Luke. Luke has no flute, but Luke likes to sing. Once, June and Luke made tunes at lunch for their pals. The last song they did was Sand Dunes. June was on the flute and Luke sang. They did a fine job!",,10,UFLI,4,"digraph, blend, final_e, r_controlled, l_controlled","final-e words, consonant blends, consonant digraphs","consonant digraphs, consonant blends, final-e words, l-controlled vowels"
A Cake for Tess,"Niles and Blake want to bake a cake for Tess. Tess is their big sis. She will be a bride, so they want to bake a white cake. Niles and Blake mix the cake while Dad gets one pan. The mix goes, Drip! Drip! into the pan. They ask Dad for help with the stove. The cake bakes for a long time. Next the cake goes on a glass plate. “The cake looks so cute. I want to take a bite!” says Niles. “We can not take a bite. This cake is for Tess!” says Blake.",,16,UFLI,4,"digraph, blend, final_e, vowel_team, r_controlled, multisyllabic","final-e words, consonant blends, consonant digraphs","consonant digraphs, consonant blends, final-e words, vowel teams"
The Mice Can Race,"What is the price for the box of white mice?” Grace asks. The man at the pet shop tells Grace they cost five bucks. “I have five bucks! I would like to take these mice,” says Grace. The man hands the box of mice to Grace. Grace takes the mice home. Grace makes a track for the white mice. She wants them to race. Grace will place the mice on the track. When Grace says “GO!” the mice race. They run the track twice. “These mice are so fast!” says Grace.",,15,UFLI,4,"digraph, blend, final_e, r_controlled","final-e words, consonant blends, consonant digraphs","consonant digraphs, consonant blends, final-e words"
Pete’s Pet Snake,"Pete got a pet snake. Pete gave the snake a name. “You are Steve,” Pete said to the snake. Steve has a huge glass cage. Pete has to lock the cage, so Steve is safe. Steve likes his cage. He can hide next to the rocks. He can rest in the sunshine or the shade. At his age, Steve’s skin sheds and his scales change. This looks a bit strange, but Pete likes Steve all the same.",,10,UFLI,4,"digraph, blend, final_e, vowel_team, r_controlled, l_controlled, multisyllabic","final-e words, consonant blends, consonant digraphs","consonant digraphs, consonant blends, final-e words, l-controlled vowels"
June’s Bike Shop,"June sells bikes. She will give you such a nice price you will not think twice. Steve and Grace come to June’s shop to get bikes. “I love this red one, it looks fast,” said Steve. “I love this blue one, it looks fun,” said Grace. “Can you give us a good price,” asks Grace. “Done and done,” said June. Steve and Grace smile and ride off with their bikes.",,8,UFLI,4,"digraph, blend, final_e, vowel_team","consonant blends, final-e words, consonant digraphs","consonant digraphs, consonant blends, final-e words, vowel teams"
Two Foxes,"Alex lives in a home close to the lake. Two foxes live in a den next to him. Alex likes to see the foxes in the bushes by their den. Alex is nice to the foxes. When Alex goes for walks, he brings boxes of snacks for the foxes. Alex loves when the foxes munch on the snacks. The foxes like Alex so much, they give him kisses. Alex wishes he could see the foxes all the time. But they like to spend lots of time in their den.",,9,UFLI,4,"digraph, blend, final_e, vowel_team, r_controlled, l_controlled, multisyllabic","multisyllabic words, consonant digraphs, l-controlled vowels","consonant digraphs, consonant blends, final-e words, vowel teams, l-controlled vowels, multisyllabic words"
Will the Whale,"Once upon a time there was a whale named Will. Will lived with many whales in a pod. Will loved his pod. The pod splashed and jumped in the waves. The pod drifted from place to place. One time, Will and his pod of whales ended up in a cove. The cove was filled with fish and shrimp. The fish swam in the waves. The shrimp drifted with the tide. Will and his pod of whales flicked their fins to splash the fish. The fish flicked their fins back at the whales. The whales and the fish did not splash any of the shrimp. And the shrimp did not splash any of the whales or the fish. The whales and the fish had fun while the shrimp just drifted.",,14,UFLI,6,"digraph, blend, final_e, r_controlled, l_controlled, multisyllabic","consonant digraphs, consonant blends, multisyllabic words","consonant digraphs, consonant blends, final-e words, l-controlled vowels, multisyllabic words"
We Love Camp,Going to camp is so much fun. We all get to spend time doing things we love. Chance is fishing at the pond. Ming and Beth are boxing in the ring. Sage is resting in the tent. Jace and Tess are acting on the stage. Len is looking for bugs in the grass. We will be sad when camp ends. We love spending time at camp!,,9,UFLI,4,"digraph, blend, final_e, vowel_team, r_controlled, l_controlled, diphthong, multisyllabic","consonant digraphs, consonant blends, multisyllabic words","consonant digraphs, consonant blends, final-e words, diphthongs, multisyllabic words"
Jo’s Friend Russ,"Jo has a best friend named Russ. Russ and Jo go on bike rides in the fall. In the spring, they swim in the lake. At the lake, Jo brings snacks and Russ brings drinks. They also love acting, singing, and telling jokes. Russ likes spending time with Jo and Jo likes spending time with Russ. Russ and Jo will be friends for a long time.",,7,UFLI,5,"digraph, blend, final_e, vowel_team, r_controlled, l_controlled, multisyllabic","consonant blends, consonant digraphs, multisyllabic words","consonant digraphs, consonant blends, final-e words, l-controlled vowels, multisyllabic words"
Mo and the Sandbox,"Mo was at home with his grandmom. Mo sat in his sandbox while grandmom swept the tile. When grandmom was done with the tile she yelled to Mo, “bath time!” Mo did not want to take a bath. He still wanted to sit in his sandbox. “Mo, you must get in the bathtub because you are full of sand,” said grandmom. “OK, fine,” said Mo. He picked up his stuff from the sandbox and got in the bathtub. When Mo was done with his bath he sat with grandmom. “Can I tell you something, grandmom? The bath was not so bad. It got rid of all the sand just like you said.” Grandmom gave Mo a big hug and a kiss.",,13,UFLI,3,"digraph, blend, final_e, l_controlled, multisyllabic","consonant blends, consonant digraphs, multisyllabic words","consonant digraphs, consonant blends, final-e words, multisyllabic words"
The Rocket Contest,"Denzel and Edwin dash to the rocket contest. The man at the gate says “Get your tickets, get your tickets! You do not want to miss the big rocket contest. Which rocket will be the fastest and win the prize basket?” Denzel and Edwin get to the contest just in time. They grab their blankets and look for a nice spot to sit. They are all set to see the rockets go! They see the blue rocket take off, then red, then pink, then white. They go up, up, up, so fast. Which is the fastest? The blue rocket wins!",,11,UFLI,3,"digraph, blend, final_e, vowel_team, r_controlled, l_controlled, multisyllabic","multisyllabic words, consonant blends, consonant digraphs","consonant digraphs, consonant blends, final-e words, vowel teams, multisyllabic words"
Music Class,"Music class is the best because we get to sing. It is no secret that I love to sing. If you sing well, you get to have a solo. When I have a solo in music class, I pretend I am on a huge stage. It is silent for a moment, then I begin. I sing and sing like time is frozen. At the end, my friends clap for me. That is a nice bonus.",,8,UFLI,3,"digraph, blend, final_e, vowel_team, r_controlled, multisyllabic","consonant blends, multisyllabic words, consonant digraphs","consonant digraphs, consonant blends, final-e words, multisyllabic words"
Catching Fish,"Kate and Mitch wanted to do something fun. Kate hatched a thrilling plan. She snatched a bucket and some poles from the hutch. “Let’s go!” Kate yelled. Kate and Mitch went to the lake beyond the ditch. “Let’s catch some fish,” Kate calls out. Mitch catches a fish! They pitch it in the bucket. “Nice catch! Let’s get this fish back home,” said Kate. At home, Kate and Mitch toss the fish into their pond. “This fish can be our pet!” said Kate.",,14,UFLI,4,"digraph, blend, final_e, l_controlled, diphthong, multisyllabic","consonant digraphs, final-e words, consonant blends","consonant digraphs, consonant blends, final-e words, multisyllabic words"
The Lodge,"Calvin has a lodge at the edge of the glen. The lodge has a fridge and a TV. To get to the lodge, you must go on a bridge then pass the ridge by the lake. You can see many animals move from place to place by the lake. Calvin loves the lodge. He pledges he will not move from it because his children come to visit him there. Calvin and his children have lots of fun at the lodge. They make music and sing songs by the fire. Sometimes they even jump into the lake and swim with the animals. The lodge is a hidden gem.",,10,UFLI,4,"digraph, blend, final_e, vowel_team, r_controlled, l_controlled, multisyllabic","multisyllabic words, consonant blends, final-e words","consonant digraphs, consonant blends, final-e words, l-controlled vowels, multisyllabic words"
Robin and Butch,"Robin is walking Butch the bulldog. They walk to a patch of grass beside a big ditch. Robin tosses a stick and Butch dashes to fetch it. The stick lands on the edge of the ditch. “Oh no! That is a bad place for the stick to land,” thinks Robin. “Stop Butch!” she yells. Butch stops and does not budge. Robin walks up to the edge and grabs the stick. “Good job Butch! I got your stick. Do you want it back?” Robin tosses the stick and Butch jumps to catch it.",,14,UFLI,3,"digraph, blend, final_e, r_controlled, l_controlled, multisyllabic","consonant digraphs, consonant blends, multisyllabic words","consonant digraphs, consonant blends, final-e words, l-controlled vowels, multisyllabic words"
The Gold Rush,"Long ago, bold men and women drove west to find gold. They left their old lives behind in hopes of being rich. These were wild times. Mines exploded with gold that could be sold for lots of cash. Some folks got rich, but most did not find any gold. The men and women who did not find gold went back to their old homes. There they told the tale of their tragic time in the Wild West gold rush.",,7,UFLI,6,"digraph, blend, final_e, r_controlled, l_controlled, multisyllabic","consonant blends, consonant digraphs, multisyllabic words","consonant digraphs, consonant blends, final-e words, multisyllabic words"
Plane Race,"Tyrell and Franklin love planes. They love to see them fly in the sky. Once, Tyrell and Franklin went to see four planes race. There was a red plane, a white plane, a pink plane, and a black plane. “I bet the red plane will win!” said Tyrell. “I think the white one will win!” said Franklin. Tyrell and Franklin spy the planes as they fly by in the sky. In the end, the black plane made it to the finish line. “Oh well! The red and white planes can try to win next time,” said Tyrell.",,12,UFLI,4,"digraph, blend, final_e, vowel_team, r_controlled, diphthong, multisyllabic","consonant blends, final-e words, multisyllabic words","consonant digraphs, consonant blends, final-e words, multisyllabic words"
Lily’s Puppy,"Lily had been wishing for a puppy for a long time. She wanted a silly puppy to run and jump with. But her mommy said Lily could not have one because she was only seven. Lily begged her mommy and daddy. She said, “I am not a baby. It would make me so happy to have a puppy.” Lily’s mommy and daddy talked for a long time. They said, “We do think you will try your best. We will let you have a puppy.” Lily was so happy. She went to the pet shop and picked a tiny puppy. She named him Cody. Cody is the best puppy for this family.",,13,UFLI,6,"digraph, blend, final_e, r_controlled, l_controlled, multisyllabic","multisyllabic words, consonant digraphs, consonant blends","consonant digraphs, consonant blends, final-e words, r-controlled vowels, multisyllabic words"
Maple Fudge,"Uncle Billy wanted to take Able to the candy shop. They drove to a lot and jumped on a shuttle to the shop. When they walked into the candy shop, they smelled the fudge on the table. Able wanted a sample of the maple fudge. He hoped it would not be a hassle for the woman behind the table. “Can I have a sample?” asked Able. “Yes, you can! Which would you like to sample?” said the woman. Able, with a giggle, asked for the maple fudge. “You picked the best one to sample!” said the woman. Able nibbled on the fudge. “This is so yummy!” he said while licking his lips. Uncle Billy got a little bag of fudge for Able to take back home.",,17,UFLI,6,"digraph, blend, final_e, r_controlled, l_controlled, multisyllabic","multisyllabic words, consonant digraphs, final-e words","consonant digraphs, consonant blends, final-e words, multisyllabic words"
A Trip to the Jungle,"Salma and Felix are going on a trip to the jungle. They packed their duffle bags and got on a plane to Brazil. Once in Brazil, they rode a shuttle to the jungle. In the jungle, they saw an anaconda in the grass. They also saw a chimp dangle from a vine. At the end of their trip, they got to see the king of the jungle, the lion! The lion looked hungry and dashed to find a yummy snack. “I am so happy we got to see these animals,” said Salma. “Me too!” said Felix.",,10,UFLI,6,"digraph, blend, final_e, vowel_team, l_controlled, diphthong, multisyllabic","multisyllabic words, consonant digraphs, consonant blends","consonant digraphs, consonant blends, final-e words, vowel teams, l-controlled vowels, diphthongs, multisyllabic words"
The Garden,"Omar loves to be in his garden on his farm. While it is still dark, he drags his old cart across the yard to the barn. He fills the cart with plants for the garden. When he gets to the garden, he looks at the plants one by one. Then he finds them all the best place to live. He finds big spaces for the large plants. He finds shade for the plants that do not like the harsh sun. He gives them all just what they want and makes them look so pretty. When Omar is done, he brings the cart back to the barn. Then he sits on his deck and looks at his garden with pride.",,10,UFLI,6,"digraph, blend, final_e, vowel_team, r_controlled, l_controlled, multisyllabic","r-controlled vowels, consonant blends, consonant digraphs","consonant digraphs, consonant blends, final-e words, vowel teams, r-controlled vowels, multisyllabic words"
Marvel at the Shore,"Cory and his horse, North, traveled to the shore. Cory held on to North’s mane as North galloped across the sand. They arrived at the shore before anyone else. There had been a storm at sunset, so this morning the shore was a marvel. There were hundreds of starfish along the shoreline. The starfish got pulled to the shore in the storm. They were so pretty, but if they were left on the shore they would dry up. Cory jumped off North’s back. He picked up starfish one by one and placed them back where they came from. Cory was happy he could transport the starfish back home.",,10,UFLI,6,"digraph, blend, final_e, r_controlled, l_controlled, multisyllabic","r-controlled vowels, multisyllabic words, consonant digraphs","consonant digraphs, consonant blends, final-e words, r-controlled vowels, l-controlled vowels, multisyllabic words"
Trip to the Market,"Mom and Marcus went to the market. They wanted to pick up some pork, corn, rice, and a jar of mango jelly. They liked this market more than the large store with all the people. The market was on a farm. Mom parked the car and Marcus got the cart. This would be a short trip since they only wanted four things. Marcus got the rice and jar of mango jelly. Mom picked up the pork and corn. Once they had all their items, they gave the saleswoman their cash. Then, they departed the market. They got back in their car and drove home for a yummy lunch.",,11,UFLI,6,"digraph, blend, final_e, r_controlled, l_controlled, diphthong, multisyllabic","r-controlled vowels, multisyllabic words, consonant digraphs","consonant digraphs, consonant blends, final-e words, r-controlled vowels, l-controlled vowels, multisyllabic words"
My Sister’s Fern,"My sister adores plants. She wants to be a farmer or a gardener when she gets older. She has a number of plants at home, but the plant she loves the most is a fern. She has five different kinds of ferns in her backyard. When the ferns are on the verge of wilting, she uses her mister to get them wet. After that, they perk back up. If it is too hot, she gives the ferns some shade on the porch. My sister thinks there is nothing more pretty than a fern!",,8,UFLI,6,"digraph, blend, final_e, vowel_team, r_controlled, multisyllabic","r-controlled vowels, consonant digraphs, multisyllabic words","consonant digraphs, consonant blends, final-e words, r-controlled vowels, multisyllabic words"
A Turtle can Surf!,"Irma the turtle loved to surf. Her mother, Shirly, was the first girl surfer in their turtle village, and Irma wanted to be just like her. Every morning Irma would rush to the shoreline. When she was surfing, Irma would do flips and turns. She would twirl like a twister. All the other animals were shocked that a girl turtle could surf so well! Irma would just yell, “A girl can do anything!” just like her mother told her. Irma would surf until sunset. When the sun was no longer in the sky, she would skip back home. Once she was home, she would curl up in her turtle bed and relax.",,11,UFLI,6,"digraph, blend, final_e, r_controlled, l_controlled, multisyllabic","r-controlled vowels, multisyllabic words, consonant digraphs","consonant digraphs, consonant blends, final-e words, r-controlled vowels, l-controlled vowels, multisyllabic words"
The Worst Pet Ever,"Morgan has wanted a pet for a long time. One morning, there was a small box on the table with her name on it. Inside the box, there was a bunch of dirt. Under the dirt was her new pet, a worm! Morgan was sad. She thinks a worm is the worst pet in the world. She wanted a dog or cat or even a hamster, not a squirmy worm! What were her mom and dad thinking? This pet will not work. She started to cry. Just then, mom and dad came in and said, “We got you! It was a joke! We are going to the pet shop!” Morgan was so happy. She wiped her face and gave mom and dad a hug. She was going to get the best pet ever!",,16,UFLI,6,"digraph, blend, final_e, vowel_team, r_controlled, l_controlled, diphthong, multisyllabic","r-controlled vowels, multisyllabic words, consonant digraphs","consonant digraphs, consonant blends, final-e words, vowel teams, r-controlled vowels, multisyllabic words"
Fishing at the Port,"Travis and his father wanted to go fishing at the port. They drove to the tackle store to pick up some items. They had to get some fishing line and a jar of worms. Travis found the jar of worms under a large rack of fishing poles. His father found the fishing line. He picked the extra sturdy line so they could catch big fish. They gave the clerk a credit card for their items. Travis and his father left the tackle store, got in the car, and drove north to the water. This would be their third trip to the port. Last time, they went home with five fish. This time, they hope to catch more.",,11,UFLI,6,"digraph, blend, final_e, r_controlled, diphthong, multisyllabic","r-controlled vowels, consonant digraphs, consonant blends","consonant digraphs, consonant blends, final-e words, r-controlled vowels, multisyllabic words"
Sunday Fun,"On Sundays, Gail visits her brother at his farm. Gail loves to go to the farm because there is so much to do. She starts the day in the garden. If it did not rain, she sprays the plants with water. Then, Gail and her brother walk on the trail from the garden to the pond. As they walk, Gail hunts for snail shells. When she finds shells, she tucks them in her pocket. She will paint them when she gets home. At the pond, her brother likes to fish. He strings bait onto his fishing pole and waits for a bite. While they wait, Gail plays in the mud and clay. At the end of the day, they walk back up the trail to go home. As they walk, they see the sun set and the day fade away.",,13,UFLI,6,"digraph, blend, final_e, vowel_team, r_controlled, diphthong, multisyllabic","consonant digraphs, vowel teams, consonant blends","consonant digraphs, consonant blends, final-e words, vowel teams, r-controlled vowels, multisyllabic words"
Deep in the Green Forest,"Once upon a time, there was a fox who lived in a valley. She spent her days deep in the green forest. Each day, she would wake up from her sleep and greet the forest animals. She would say hello to the animals in the trees above her. She would also say hello to the animals who rested by the stream. One morning, the peace of the forest was broken by a horrid scream! The fox looked up to see where the scream came from. She saw a fallen tree. She peeked in and came upon a monkey. The monkey was stuck in the fallen tree. “Can you please help me get free?” pleaded the monkey. “I will try my best,” the fox said. The fox pushed very hard and in the end the monkey was freed! “Thank you so much,” the monkey said as he leaped into another tree. As the fox walked back to the valley, she beamed with pride for helping the monkey.",,16,UFLI,6,"digraph, blend, final_e, vowel_team, r_controlled, l_controlled, diphthong, multisyllabic","multisyllabic words, consonant blends, vowel teams","consonant digraphs, consonant blends, final-e words, vowel teams, r-controlled vowels, l-controlled vowels, multisyllabic words"
A Trip to the Coast,"Harvey owns a big yellow boat. Every summer, he takes the boat on a trip to the coast. This time, he wants to bring his friends, Layla and Joe, with him. There is just one problem, Layla can not swim! Layla must be able to swim if she wants to go on the boat. Layla started swim lessons to grow her skills. She even got a swim coach to teach her. She started slow, but Joe helped her get better. After four weeks of lessons, Layla could swim! Now she could paddle, kick, and float all by herself. Layla showed Harvey her skills. Harvey was thrilled! The next day, Harvey and Layla and Joe set sail to the coast.",,13,UFLI,6,"digraph, blend, final_e, vowel_team, r_controlled, l_controlled, diphthong, multisyllabic","consonant blends, multisyllabic words, vowel teams","consonant digraphs, consonant blends, vowel teams, r-controlled vowels, diphthongs, multisyllabic words"
The Right Job,"Curt is a pilot. This means he must fly planes for work. He sports a white shirt and a necktie when he is on the plane. He has been flying for a long time. Sometimes Curt must fly at night when there is no light in the sky. At night, everyone on the plane is asleep and it is silent. This is peaceful, but sometimes it gets boring. Curt prefers to fly in the daylight. This is when he can see the land below and talk to people. Curt also likes seeing the sights in the places he goes. He delights in exploring the parks, theaters, and stores wherever his flights take him. But what he likes best is being high up in the sky. Being a pilot is the right job for Curt!",,13,UFLI,6,"digraph, blend, final_e, vowel_team, r_controlled, l_controlled, diphthong, multisyllabic","multisyllabic words, consonant blends, r-controlled vowels","consonant digraphs, consonant blends, final-e words, vowel teams, r-controlled vowels, l-controlled vowels, multisyllabic words"
Aiden’s Goal,"Aiden had to find a way to make money. He needed to save up for his dream car. He wanted to get a jeep, but jeeps are not cheap. He needed to find a job that paid very well, so he could own his dream car. What could he do? Aiden went to his father for advice. His father said he should study. “How will studying get me my dream car?” Aiden asked. His father explained that he could study a trade like welding or carpentry. He could also take more classes to get a degree. People who had a trade or a degree could make a lot of money. Aiden needed to think over what his father had told him. It would take longer to study, but in the end, Aiden would be able to get his dream car and more. After days of thinking, Aiden chose to take more classes. This would help him reach this goal and his next one, whatever that might be. Aiden’s father was almost always right.",,17,UFLI,6,"digraph, blend, final_e, vowel_team, r_controlled, l_controlled, diphthong, multisyllabic","multisyllabic words, vowel teams, consonant blends","consonant digraphs, consonant blends, final-e words, vowel teams, r-controlled vowels, l-controlled vowels, multisyllabic words"
Brooklyn’s Reading Nook,"Brooklyn got a new book. For weeks, Brooklyn had been looking for this book in every bookshop. She put it at the top of her list because she was confident that this story would be a good one. Brooklyn loved her reading time on the weekends. Each Saturday, she was able to sit in her reading nook and dive into a good book. Last weekend, she finished a story of a famed football star. This weekend she would be starting Little Red Riding Hood. But this story is not the classic she remembers from her childhood. In that book, Little Red Riding Hood is a small child. This modern story is a twisted tale. Little Red Riding Hood is a grown- up when she goes for a walk in the woods. Brooklyn could not wait to pull on her cozy hooded blanket and curl up in her nook with her book.",,12,UFLI,5,"digraph, blend, final_e, vowel_team, r_controlled, l_controlled, diphthong, multisyllabic","multisyllabic words, vowel teams, consonant digraphs","consonant digraphs, consonant blends, final-e words, vowel teams, r-controlled vowels, l-controlled vowels, multisyllabic words"
The Groom is Late!,"The flustered groom rushed into the church. He was very late. Not only was he late, but he had not even finished dressing. He was still pulling on his boots. He ran to his best man and said, “I slept in! My alarm did not go off!” “Keep your cool! Better late than never,” said the best man. The groom smoothed his shirt as best as he could and finished pulling on his boots. “All set!” said the groom. “Time to see my bride.” Just then, booming music started to play, and the church doors swung open. The bride was so graceful as she entered the room, she seemed to be floating. As she reached the groom, she whispered, “Better late than never.” The groom blushed and said, “my alarm did not go off!” With a smile, the bride took her groom’s hand and said, “Next time I will put the alarm on for you.”",,17,UFLI,6,"digraph, blend, final_e, vowel_team, r_controlled, l_controlled, multisyllabic","consonant blends, multisyllabic words, consonant digraphs","consonant digraphs, consonant blends, final-e words, vowel teams, r-controlled vowels, l-controlled vowels, multisyllabic words"
Cruise Ship Trip,"Drew and Marley were thrilled as they walked onto their first cruise ship. They had been packing for this trip for months. Their suitcases were so full they almost did not close. When they got to their cabin, they looked out their window and saw the vast blue sea. It was very pretty! They left their suitcases in the cabin and went to grab a bite to eat by the pool. Yes, the new cruise ship had a pool! How cool! Drew drank apple juice while Marley chewed on some fruit. They watched the crew greeting everyone as they came onto the ship. “This is going to be a fantastic trip!” said Marley. “Yes, I think when we get back on Tuesday, I will feel relaxed and renewed!” Drew said as the ship’s horn blew. Honk! Honk! “And off we go!” Marley squealed. It was a dream come true.",,19,UFLI,6,"digraph, blend, final_e, vowel_team, r_controlled, l_controlled, diphthong, multisyllabic","consonant blends, vowel teams, multisyllabic words","consonant digraphs, consonant blends, final-e words, vowel teams, r-controlled vowels, l-controlled vowels, diphthongs, multisyllabic words"
Classroom Clean Up,"Miss Booker had so many things to do. Classes would be starting next week. She wanted the classroom to be perfect for the children’s first day! On Tuesday, she needed to clean the floors and closets. They were filled with dust and grime from the summer months. On Thursday, she would need to unpack all the boxes. The boxes contained her books, games, and puzzles. On Friday, she would decorate the door and create a display in the hallway. She also wanted to put up a new welcome banner. Then on the weekend, she was going to plan the cool games and projects they would do during their first week. Miss Booker was so excited for her new class!",,11,UFLI,6,"digraph, blend, final_e, vowel_team, r_controlled, l_controlled, diphthong, multisyllabic","multisyllabic words, vowel teams, consonant blends","consonant digraphs, consonant blends, final-e words, vowel teams, r-controlled vowels, l-controlled vowels, multisyllabic words"
Trip to the Zoo,"Audrey and Willow could not wait to see all the animals at the zoo. As they reached the entrance, Audrey paused and asked, “did you bring the tickets?” “Yes! I have them right here,” said Willow. The first display they visited was full of birds. “Look at that pretty macaw! Its wings are like a rainbow,” exclaimed Audrey. “I see the macaw,” responded Willow, “but look at this hawk! It caught a fish in its claws.” Willow could have spent hours at the bird display, but Audrey said she wanted to see more animals. The next display contained a lion sleeping on a large lawn. The lion woke up for five minutes, but then yawned and fell back asleep. “He seems to have day and night mixed up,” snickered Audrey. “Well, it’s not his fault. If I had to hunt for my food, I would want a nap too,” Willow commented. Audrey smirked and said, “That reminds me, I am hungry. Can we go hunt for some food at the snack stand?”",,17,UFLI,7,"digraph, blend, final_e, vowel_team, r_controlled, l_controlled, diphthong, multisyllabic","multisyllabic words, vowel teams, diphthongs","consonant digraphs, consonant blends, final-e words, vowel teams, r-controlled vowels, l-controlled vowels, diphthongs, multisyllabic words"
Surprise on the Track,"“Ready, set, go!” yelled the track coach. The first race of the fourth-grade track meet had begun. Heather had been waiting for this track meet for months. She was ready to win. At first, Heather took the lead. But, as she sprinted to the finish line, she saw some other fourth graders catching up to her. She did not want to give up her lead. She worked on keeping her breath steady as she ran and leaped over the hurdles. Heather was almost to the finish line when, all of a sudden, she saw something white wander onto the track. “A swan!” yelled a child in the stands. A swan wandered onto the track from the swamp up the road. The swan began to waddle to the finish line. Heather crossed the finish line at the same exact time as the swan. “So, who won the race?” asked the class. “It’s a tie! Heather and the swan both won!” exclaimed the track coach.",,20,UFLI,6,"digraph, blend, final_e, vowel_team, r_controlled, l_controlled, diphthong, multisyllabic","consonant digraphs, multisyllabic words, consonant blends","consonant digraphs, consonant blends, final-e words, vowel teams, r-controlled vowels, l-controlled vowels, diphthongs, multisyllabic words"
The Right Choice,"In February, Boyd and James had a choice to make. Their mother said they could get a new pet, but they had to agree on which pet to get. As the boys entered the pet store, their mother’s voice rang in their heads. “Boys, you need to pick a pet that is cute, sweet, and spirited.” The boys looked at all the choices of pets. Boyd saw a small kitten. “This kitten is cute,” said Boyd. James pointed to a spunky puppy. “This puppy looks sweet,” said James. Crash! Just then, the boys heard a big noise. They turned to see a bin of dog toys spilled on the floor. Right in the middle of this mess was a tiny yellow bird. The bird must have gotten free from its cage and flew into the bin. When the yellow bird saw the boys, she joined them and sat in Boyd’s hands. “I think we have our new pet,” Boyd said. “Yes, she is cute, sweet, and spirited,” said James. “And she made the choice for us!”",,18,UFLI,6,"digraph, blend, final_e, vowel_team, r_controlled, l_controlled, diphthong, multisyllabic","consonant blends, multisyllabic words, consonant digraphs","consonant digraphs, consonant blends, final-e words, vowel teams, r-controlled vowels, l-controlled vowels, diphthongs, multisyllabic words"
Summer at the Farmhouse,"Joey is staying with his grandmother for the summer. His grandmother owns a farmhouse close to town. Joey likes to help his grandmother around the farm. However, he most enjoys watching the animals who live outdoors. On Monday, he saw a brown owl hunting a small mouse. The mouse found its way back underground just before the owl swooped down. On Wednesday, he walked down to the stream south of the farm. This stream is full of trout and Joey likes to watch them swim. Then on Friday, he went to the meadow where the cows graze. He picked some wildflowers for his grandmother. Joey hopes to return to his grandmother’s farmhouse each summer.",,11,UFLI,8,"digraph, blend, final_e, vowel_team, r_controlled, l_controlled, diphthong, multisyllabic","multisyllabic words, consonant blends, diphthongs","consonant digraphs, consonant blends, final-e words, vowel teams, r-controlled vowels, l-controlled vowels, diphthongs, multisyllabic words"
A New Coin,"While walking home from work, Carson saw a coin laying on the ground. “This is my lucky day! I found a coin,” said Carson. But as Carson inspected the coin, he began to notice that he had never seen a coin quite like this before. This coin had a hole in the middle of it, and Carson did not recognize the markings on it. Carson wanted to find out where this coin came from. When he got home, he went online to see what he could find out. He looked for any coins with holes in the middle. He found that there are several kinds of these coins around the world. Japan, Norway, and Spain all have coins with holes in the middle. However, as Carson looked at the coins on his computer screen in more detail, he found one that was an exact match. He ran into the family room and shouted to his father and sister, “My newfound coin is from Japan! Japanese coins are called yen. Who could have lost it?” Carson’s father considered for a minute, and then said, “I remember the mailman telling me he had taken a trip to Japan last month. It could be his. I will ask him on Wednesday!”",,17,UFLI,8,"digraph, blend, final_e, vowel_team, r_controlled, l_controlled, diphthong, multisyllabic","multisyllabic words, r-controlled vowels, diphthongs","consonant digraphs, consonant blends, final-e words, vowel teams, r-controlled vowels, l-controlled vowels, diphthongs, multisyllabic words"
Birdwatching,"With her notebook in hand, Cassie walked into the forest ready to study some birds. She loved birdwatching, and she had a knack for finding birds in new places. As she walked, she wrote down the names of the different birds she saw. She would even sketch a drawing of each bird in her notebook. About one hour into her hike, Cassie knelt to rest and eat a snack. As she ate, large crumbs fell to the ground. Snap! Cassie heard a noise very close to her. When she turned around, she saw a small brown bird pecking at her leftover crumbs. It was a wren! Cassie had never seen a wren in real life, but she knows about them from reading her books. Cassie knows that wrens have short wings and hold their tails upright. Wrens are also known for singing loud, complex songs. This little wren seemed to love Cassie’s snack. When all the crumbs were gone, the wren lifted its wings. Cassie watched it fly away into the forest. Cassie was so thrilled with her wren sighting that she sang a long tune all the way home.",,17,UFLI,8,"digraph, blend, final_e, vowel_team, r_controlled, l_controlled, diphthong, multisyllabic","multisyllabic words, consonant digraphs, consonant blends","consonant digraphs, consonant blends, final-e words, vowel teams, r-controlled vowels, l-controlled vowels, diphthongs, multisyllabic words"
Trip to the Baseball Park,"The boys and girls of Miss Brown’s third grade class are jumping up and down with delight when the buses pull up in front of them. All the third grade classes are going on a trip to see a baseball game today. After the teachers check who is present, the students and teachers make their way onto the buses and sit down. As they drive to the baseball park, the students look out the windows and sing silly songs. Once inside the park, they look at the numbers on the benches to find their seats. The game starts a few minutes later. The students cheer as they watch the home team score the first points. The home team makes some impressive runs, passes, and pitches. As the game is about to end, the classes scream with joy. They see themselves on the big screen! On the ride back home, the students and teachers talk about the thrilling events of the day. They all agree they should take a trip to the baseball park again soon.",,12,UFLI,7,"digraph, blend, final_e, vowel_team, r_controlled, l_controlled, diphthong, multisyllabic","multisyllabic words, consonant blends, consonant digraphs","consonant digraphs, consonant blends, final-e words, vowel teams, r-controlled vowels, l-controlled vowels, diphthongs, multisyllabic words"
Growth Spurt,"Akeem woke up one morning feeling quite strange. His arms stretched longer than they ever have before. When he stood up, he hit his head on a shelf! He felt like he had a brand new body. When Akeem got dressed, none of his clothes fit. His arms were longer than his shirt sleeves. His shoes were smaller than his feet. Even his longest pants were now too short. What was he going to do? Akeem walked into the kitchen with his too big body in his too small outfit. “Wow,” grandma exclaimed, “you had a growth spurt! You got taller overnight! Now you may be the tallest kid in your class!” Akeem’s big brother got up from the table and stood next to him. The top of Akeem’s head only reached his brother’s elbows. “Well, you’re still shorter than me,” he said with a grin.",,16,UFLI,6,"digraph, blend, final_e, vowel_team, r_controlled, l_controlled, diphthong, multisyllabic","multisyllabic words, consonant digraphs, consonant blends","consonant digraphs, consonant blends, final-e words, vowel teams, r-controlled vowels, l-controlled vowels, diphthongs, multisyllabic words"
Rollercoaster,"When Kenzer and Sidney got to the front of the line, they finally saw the cars rushing past them. Up close, they seemed a lot faster. As the kids sat in their seats, they double checked that their seatbelts were firmly locked in. Then, they breathed deeply and closed their eyes. The rollercoaster inched up the tracks so slowly it hardly felt like they were moving. When it got to the top, Kenzer timidly peered over the edge. Just when it felt like they got stuck, the car fell quickly. Instantly, they screamed loudly. Kenzer’s belly was doing backflips. Sidney’s curls were blowing in the wind. Their arms and legs were flailing in the sky. Then, just as quickly as the ride started, it was finished. They sat silently for a moment, hardly understanding what just happened. As Kenzer and Sidney took off their seatbelts, they looked at each other and yelled, “that was awesome!” Then they got back in line to take another ride on the roller coaster.",,15,UFLI,8,"digraph, blend, final_e, vowel_team, r_controlled, l_controlled, diphthong, multisyllabic","multisyllabic words, consonant digraphs, consonant blends","consonant digraphs, consonant blends, final-e words, vowel teams, r-controlled vowels, diphthongs, multisyllabic words"
"A Dreadful, Stormy Day","Today Hailey was feeling restless. She wanted so badly to go outside and play but there was a huge storm. The wind was blowing powerfully, and the rain was extremely heavy. It was not safe for Hailey to go outside. She was clueless about how to have fun inside and started to become hopeless. As she was searching her room for something to play with, she found an old box hidden deep under her bed. She assumed it was full of useless junk, but when she opened it, she found one of her old games. Hailey lost the game a long time ago and was thankful to find it. At last, she was feeling hopeful. She showed the game to her sister, and they played for countless hours. It was delightful. They didn’t even realize the storm had passed. What Hailey assumed would be a pointless day turned out to be delightful!",,13,UFLI,8,"digraph, blend, final_e, vowel_team, r_controlled, l_controlled, diphthong, multisyllabic","multisyllabic words, consonant blends, vowel teams","consonant digraphs, consonant blends, final-e words, vowel teams, r-controlled vowels, diphthongs, multisyllabic words"
Unlucky,"Something very unlucky happened to Lee last week. As he was walking into his classroom, he did not see the puddle on the floor. He slid and fell in front of his entire class. That’s not even the worst part! Lee was holding a jar of marbles with the lid unscrewed. When he fell, the marbles flew everywhere. Lee laid on the floor, covered his face, and wanted to cry. But then, all of a sudden, his best friend, Jayvon, sat down next to him. Jayvon uncovered Lee’s face and helped him up. “Don’t worry,” Jayvon said, “people fall all the time.” At first, Lee felt uneasy. When he looked around at his classmates, nobody made fun of him for falling. Instead, Lee’s classmates began picking up all the marbles that spilled. Some of them even told him about times when mistakes like this happened to them. It turns out, it is not that unusual to slip and fall. “I am thankful to have such nice friends,” Lee said.",,16,UFLI,6,"digraph, blend, final_e, vowel_team, r_controlled, l_controlled, diphthong, multisyllabic","multisyllabic words, consonant blends, vowel teams","consonant digraphs, consonant blends, final-e words, vowel teams, r-controlled vowels, l-controlled vowels, diphthongs, multisyllabic words"
Dinner at Grandma’s,"Every Sunday David and Alexis go to Grandma’s house for dinner. This Sunday, they got to help Grandma cook. “Here, put these aprons on,” Grandma said as she greeted the kids at the door. David and Alexis helped each other untie and retie the aprons so they fit just right. “First, we must preheat the oven,” said Grandma. “Next, we wash the potatoes and use a knife to remove the skin. David, that can be your job.” David began cutting the potatoes. “Now we need to boil some water. Alexis, this will be your job. Dump this cup of water into the pot then refill it and add more until the pot is full.” Alexis began filling the pot. “Grandma, this potato still has a bit of skin. Should I redo it?” asked David. “No, that is perfect,” Grandma responded. As the kids cooked, they retold jokes their friends told them and showed Grandma a preview of the new show they were watching. When the meal was ready, David and Alexis sat down to eat. Grandma got a cake from the fridge and placed it on the table. “I premade this as a surprise for dessert!” she said. David and Alexis can’t wait to return to Grandma’s next week to cook some more.",,22,UFLI,6,"digraph, blend, final_e, vowel_team, r_controlled, l_controlled, diphthong, multisyllabic","multisyllabic words, consonant blends, vowel teams","consonant digraphs, consonant blends, final-e words, vowel teams, r-controlled vowels, l-controlled vowels, diphthongs, multisyllabic words"
Poppy the Gamer,"Poppy enjoys playing video games. She is so talented that she plays in events against other gamers and wins quite a bit. The only problem is that her video game console is old. She needs a replacement. Her mom disagrees. Mom thinks the old console works just fine. “You don’t understand,” explained Poppy, “it is so old that it will disqualify me from playing in some events. I am at a huge disadvantage with this console.” Mom understood, but the truth was that a new console was just too expensive. Poppy was so disappointed. A few weeks later, Mom had a surprise for Poppy. “What is this?” Poppy asked, looking at a big bag. “Open it and find out,” said Mom with a smirk. It was the new console! And a brand-new game. “It was on sale,” Mom explained. “At the discounted price, we could afford it. Plus, I told the clerk that you compete, so he threw in this new game for free.” Poppy was elated. She gave mom a huge hug and rushed up to her room with the bag. She disconnected her old console and connected the new one. It was amazing! The graphics were so much better, and the new game was more of a challenge. Poppy now had everything she needed to compete with the best players around.",,25,UFLI,6,"digraph, blend, final_e, vowel_team, r_controlled, l_controlled, diphthong, multisyllabic","multisyllabic words, consonant blends, consonant digraphs","consonant digraphs, consonant blends, final-e words, vowel teams, r-controlled vowels, l-controlled vowels, diphthongs, multisyllabic words"
Words Matter,"It is important to remember that words matter. The words we say can impact how we feel and how we make other people feel. Kind words are powerful. We are more likely to get what we need when we ask nicely. We can also use kind words to express our feelings and share what we are thankful for. Think of a time someone gave you a compliment. It probably made you feel cheerful. Unkind words are powerful too. They can be deeply painful and disrespectful. Has anyone ever said something unkind to you? It probably made you feel dreadful. Nobody is flawless, we all make mistakes. If we say something hurtful, we can stop, reflect, and retry. Hopefully, we can all think deeply about the words we say to make everyone’s day a bit more delightful.",,14,UFLI,8,"digraph, blend, final_e, vowel_team, r_controlled, l_controlled, diphthong, multisyllabic","multisyllabic words, r-controlled vowels, consonant blends","consonant digraphs, consonant blends, final-e words, vowel teams, r-controlled vowels, l-controlled vowels, diphthongs, multisyllabic words"
The Busy Day,"When Edwin got home from work, he dropped his bag on the floor and plopped on the couch. What a busy day I had,” he sighed. “I am exhausted.” Edwin’s roommate walked in. “What made your day so busy?” he asked. Edwin explained. “It started this morning when I dropped off some letters at the post office. The line was so long that I ended up running late for work. Then, at work, I had so many meetings. It felt like they were never going to end. I planned to come home for lunch, but I was so busy I skipped that trip. I grabbed a sandwich and a drink from the diner on the corner. As I was jogging back to the office, I tripped and dropped my drink. But I was too busy to go back and get a new one. When my day was finally over, I hopped in my car and drove home.” “What are you planning to do this evening?” Edwin’s roommate asked. “Nothing!” Edwin responded, “I will be sitting right here on this couch, resting.”",,20,UFLI,8,"digraph, blend, final_e, vowel_team, r_controlled, l_controlled, diphthong, multisyllabic","multisyllabic words, consonant digraphs, consonant blends","consonant digraphs, consonant blends, final-e words, vowel teams, r-controlled vowels, l-controlled vowels, diphthongs, multisyllabic words"
The Hottest Day,"One August day, Tyler went outside to play tag with his friends. The sun was high in the sky. It felt like the hottest day of the year. As Tyler was running around, his face got redder and redder and he felt hotter and hotter. “It’s too hot outside to play tag,” Tyler called to his friends, “let’s go swimming instead.” Tyler and his friends hopped on their bikes and rode to the pool. At the pool, they had a contest to see who could make the biggest splash in the water. Tyler made a pretty big splash, but his friends made bigger ones. The friends had lots of fun at the pool. The saddest part of the day was when they had to stop playing and go back home.",,10,UFLI,7,"digraph, blend, final_e, vowel_team, r_controlled, l_controlled, diphthong, multisyllabic","consonant blends, multisyllabic words, vowel teams","consonant digraphs, consonant blends, final-e words, vowel teams, r-controlled vowels, diphthongs, multisyllabic words"
The Baker,"Rashawn is a world class baker. He has been baking since he was a little boy. Every day you can find him dancing around the kitchen while making yummy treats. He also loves trading tips with other bakers about how to make their dishes even better. One day, Rashawn’s friend, Payton, came over to visit. Payton was hoping to taste some of Rashawn’s newest treats. “You’re right on time!” Rashawn called. “I was just taking a fresh pie out of the oven.” He cut two slices of pie and handed the larger slice to Payton. “I am sure you’re going to love it,” Rashawn said smiling. “Yuck!” Payton yelled as she tasted the pie. “What do you mean, yuck?” asked Rashawn, his smile fading, “You don’t like it?” “Just joking!” Payton said with a grin. “This is the best pie I have ever tasted!” “Oh good,” Rashawn sighed as he sliced the rest of the pie up. “But next time, it would be nicer to say you liked it from the start.”",,20,UFLI,7,"digraph, blend, final_e, vowel_team, r_controlled, l_controlled, diphthong, multisyllabic","multisyllabic words, consonant digraphs, consonant blends","consonant digraphs, consonant blends, final-e words, vowel teams, r-controlled vowels, l-controlled vowels, diphthongs, multisyllabic words"
Puppies,"Violet loves helping animals. Her favorite animals to look after are puppies. Violet thinks puppies are the best because they are so cute and cuddly. The way they run around and play always makes her laugh. But looking after puppies isn’t always easy. Puppies need a lot of help. The tiniest puppies need to be fed constantly. It seems like their little bellies are never full. When a puppy cries, Violet tries her best to find out what they need. When the puppies need a bath, Violet scrubs them clean then dries them off. When the puppies are sleepy, Violet lays them on the fluffiest blankets for a nap. When the puppies need to go potty, Violet hurries to get them outside before they make a mess. Most of the time, the puppies just want their tummies rubbed, which Violet is perfectly happy to do for them.",,13,UFLI,6,"digraph, blend, final_e, vowel_team, r_controlled, l_controlled, diphthong, multisyllabic","multisyllabic words, vowel teams, consonant blends","consonant digraphs, consonant blends, final-e words, vowel teams, r-controlled vowels, l-controlled vowels, diphthongs, multisyllabic words"
A Pet Lizard,"Have you ever considered getting a pet lizard? They may seem like an unusual choice, but they can be lovely pets. Lizards are reptiles. They can be big or small and many different colors. You can create a nice habitat for your lizard to live in. Start with a big cage so your lizard has room to roam. You will also need some food for your lizard. Lizards eat bugs and worms and plants. Some even like to eat flowers. Perhaps they like the flavor of the nectar inside the flowers. Unlike dogs and cats, lizards do not need collars and do not need to be taken on walks. Just remember, if they ever get sick, take them to a doctor who can help them get better. So, what do you think? Would you want to have a pet lizard?",,14,UFLI,6,"digraph, blend, final_e, vowel_team, r_controlled, l_controlled, diphthong, multisyllabic","multisyllabic words, r-controlled vowels, consonant blends","consonant digraphs, consonant blends, final-e words, vowel teams, r-controlled vowels, l-controlled vowels, diphthongs, multisyllabic words"
A New Pair of Pants,"Clare went shopping for a new pair of pants. After going to five stores, she could not find the pair she wanted. Then, at the sixth store, she found them. The pair she picked flared out at the bottom. They were light as air and so comfortable. When she put them on, she stared at herself in the mirror. Clare felt so fantastic in these pants that she twirled around and tossed her hair. She wanted to purchase two pairs so she would have a spare pair to wear. She brought the pants to the checkout counter. “Those are nice pairs of pants,” said the clerk, “if you take good care of them, they will last forever.” “Thank you,” answered Clare with a big smile, “I sure will.”",,11,UFLI,6,"digraph, blend, final_e, vowel_team, r_controlled, diphthong, multisyllabic","r-controlled vowels, consonant digraphs, consonant blends","consonant digraphs, consonant blends, final-e words, vowel teams, r-controlled vowels, diphthongs, multisyllabic words"
The Yearly Strawberry Festival,"Did you hear? The Strawberry Festival is nearly here! Toward the beginning of each year, our town hosts this event to honor the strawberry farmers. It is always a blast to attend. You can eat all the yummiest strawberry treats including ice cream, cake, cookies, and milkshakes. There are also rides and games. The most interesting game is hosted by the man with the long beard. He will guess your birthday. Somehow, he is always right, but nobody knows how he does it. There is also a person who does amazing card tricks. If you give them a card, they will make it disappear! What if the weather is bad, you ask? Never fear! Even on a dreary day, there is fun to be had under the big tent. Music, dancing, and crafts are sure to delight. There are also clowns and comics to give you a good laugh. Remember, the Strawberry Festival is only in town once a year. Get your tickets now so you do not miss out on the fun!",,18,UFLI,6,"digraph, blend, final_e, vowel_team, r_controlled, l_controlled, diphthong, multisyllabic","multisyllabic words, r-controlled vowels, vowel teams","consonant digraphs, consonant blends, final-e words, vowel teams, r-controlled vowels, l-controlled vowels, diphthongs, multisyllabic words"
Greyson’s Neighborhood,"Greyson lives in a beige house on the corner of Eighth Street and Great Lake Road. He has lived there for eighteen years. Greyson loves his neighborhood because he has great neighbors. Any time he passes someone on his street they always wave and say hey. Greyson’s next-door neighbor is Stewart. Stewart loves to cook and has a huge grill in his backyard. Every Friday, Stewart hosts a dinner party for Greyson and some other neighbors. Last Friday, Stewart grilled steak and corn. It was quite tasty! Greyson’s neighbors across the street are Cosmo and Wanda. They have three dogs, four cats, and one fish. That’s eight pets! Sometimes, Greyson walks the dogs for Cosmo and Wanda if they need a break. When Greyson walks the dogs, they always go straight to the park to play fetch. Greyson loves his beige house, his nice neighborhood, and his friendly neighbors. He thinks he just might stay there for another eighteen years.",,16,UFLI,7,"digraph, blend, final_e, vowel_team, r_controlled, l_controlled, diphthong, multisyllabic","multisyllabic words, vowel teams, consonant blends","consonant digraphs, consonant blends, final-e words, vowel teams, r-controlled vowels, l-controlled vowels, multisyllabic words"
It’s No Fun to Argue,"Corey lives down the street from his nephew, Louis. They love to spend time together. Corey calls Louis the best nephew on earth and Louis calls Corey the best uncle on earth. Last Saturday, Corey took Louis to the park to play. Louis played a new game with a group of his friends. The game was going well, but then a few of the kids started to argue about the rules. The game could not continue while the kids were arguing. This made the rest of the group angry. After a few minutes, Corey came to the rescue. He said, “if you all continue to argue, you will not have any time left to play.” This made everyone stop and think. The kids agreed that they wanted to spend their time playing instead of arguing. “See,” Louis yelled, “this is why Corey is the best uncle on earth!”",,13,UFLI,7,"digraph, blend, final_e, vowel_team, r_controlled, l_controlled, diphthong, multisyllabic","multisyllabic words, vowel teams, consonant blends","consonant digraphs, consonant blends, final-e words, vowel teams, r-controlled vowels, l-controlled vowels, diphthongs, multisyllabic words"
The Dough Guy,"Stanley was preparing dinner one night when he thought to himself, “I would love to learn how to make fresh bread.” He looked down at the loaf of crusty bread he bought from the store. “I bet I can make better bread than this.” The next morning, Stanley went to the store. He wanted to buy all the ingredients to make fresh bread. He needed flour and yeast to make the dough. He picked those up and brought his basket to the counter. “Are you making bread?” asked the guy behind the counter. “Well, I’m going to try,” replied Stanley, although he still wasn’t quite sure what he was doing. “You ought to buy a few more supplies,” said the guy. “Wait here.” A few minutes later, the guy returned with salt, oil and a few different seasonings. “This is what you need.” he said, “I also wrote down some tips to make your dough rise perfectly.” “Wow!” replied Stanley, “that is so kind, thank you.” “No problem,” said the guy, “I love making bread. Everyone calls me Dough Guy. If your bread turns out well, would you bring back a slice for me to try?” “I’ll bring you a whole loaf!” chuckled Stanley. “Thanks, Dough Guy!”",,23,UFLI,7,"digraph, blend, final_e, vowel_team, r_controlled, l_controlled, diphthong, multisyllabic","consonant blends, multisyllabic words, consonant digraphs","consonant digraphs, consonant blends, final-e words, vowel teams, r-controlled vowels, l-controlled vowels, diphthongs, multisyllabic words"
A Trip to the City,"Reginald took a train trip to New York City to visit his Uncle Quincy. When he arrived, Uncle Quincy was there to greet him at the station. “Welcome!” called Uncle Quincy with glee, “I am so excited to have you as my guest for the week. I can’t wait to be your city guide.” “I’m excited too!” replied Reginald, “I have been imagining this trip for a long time.” Their first excursion was to a fancy ice cream parlor. Reginald got a giant scoop of cinnamon ice cream. “This is incredible,” exclaimed Reginald between bites. Next, the pair walked back to Uncle Quincy’s apartment. When they got there, they saw a letter taped to the door. It was marked urgent. “I wonder what that could be,” said Uncle Quincy with a sly smile, “open it up and see if there is a message inside.” Reginald opened the letter and two tickets fell into his hands. “Surprise! I managed to get us tickets to a concert at Madison Square Garden. It was sold out, but my friend is a ticket agent. She got us the last two general admission seats.” “Wow,” gasped Reginald, “I never would have guessed I’d get to see a real concert. Thank you, Uncle Quincy. This is the best trip ever!”",,22,UFLI,6,"digraph, blend, final_e, vowel_team, r_controlled, l_controlled, diphthong, multisyllabic","multisyllabic words, consonant blends, vowel teams","consonant digraphs, consonant blends, final-e words, vowel teams, r-controlled vowels, l-controlled vowels, diphthongs, multisyllabic words"
The School Chorus,"Chris is in the school chorus. The chorus is a group of students who sing together. Chris goes to chorus practice every day after school. At chorus practice, the students learn how to sing new songs. First, everyone listens to their teacher sing the song. Next, they hum the song. Then, they whistle the tune. Finally, they all sing together. After many weeks of practice, the chorus learned eight new songs. They were now ready to sing with the orchestra. The orchestra is a group of students who play instruments together. The chorus and the orchestra met in the auditorium to perform. The music they made was beautiful. It echoed through the halls and brought joy to all who could hear it.",,14,UFLI,8,"digraph, blend, final_e, vowel_team, r_controlled, l_controlled, diphthong, multisyllabic","multisyllabic words, consonant digraphs, r-controlled vowels","consonant digraphs, consonant blends, final-e words, vowel teams, r-controlled vowels, l-controlled vowels, diphthongs, multisyllabic words"
The Audition,"Today is a big day for Ricardo. The theater club is holding auditions for the school play. Acting is Ricardo’s passion. He is auditioning for the lead role. This year’s play is about a mission to outer space. It is packed with action and ends with a real explosion! Ricardo walked into the theater club meeting. He excitedly handed his permission slip to the director and found a seat. He listened as the director explained how the audition would work. “Remember to be creative and use your imaginations. Any questions before we begin?” No questions. Everyone was ready to begin. The students took turns auditioning for the director. There was a lot of competition, but Ricardo did a great job! Once the auditions were finished, the director announced the parts. “This was a tough decision,” she said. “You each made a great impression. The lead role goes to...Ricardo!” Ricardo leaped out of his seat with joy. His friends clapped for him. He could not wait to run home and start memorizing his lines.",,25,UFLI,8,"digraph, blend, final_e, vowel_team, r_controlled, l_controlled, diphthong, multisyllabic","multisyllabic words, r-controlled vowels, vowel teams","consonant digraphs, consonant blends, final-e words, vowel teams, r-controlled vowels, l-controlled vowels, diphthongs, multisyllabic words"
We’re Going on an Adventure,"Every Sunday, Lucy spends the afternoon with her babysitter, Kaylen. Lucy loves Kaylen because Kaylen always takes Lucy on fun and exciting adventures. Today, Kaylen was holding a magnifying glass in one hand and a notebook in the other. “Are you ready to go on an adventure?” Kaylen asked Lucy. “Yes!” Lucy cried. “On today’s adventure, we are going to become nature explorers,” explained Kaylen, “our mission is to discover new creatures.” Kaylen led Lucy into the backyard and helped her use the magnifying glass to look closely at the plants in the garden. Lucy found a worm digging in the dirt and a ladybug resting on a leaf. She saw a butterfly land on a flower and a lizard scurry under a rock. She captured a frog. She even discovered a mother bird making a nest in a tree. Kaylen helped Lucy draw pictures in her notebook of all the creatures she observed. “This was one of our best adventures yet,” Lucy beamed.",,15,UFLI,8,"digraph, blend, final_e, vowel_team, r_controlled, l_controlled, diphthong, multisyllabic","multisyllabic words, r-controlled vowels, vowel teams","consonant digraphs, consonant blends, final-e words, vowel teams, r-controlled vowels, l-controlled vowels, diphthongs, multisyllabic words"
Chris Joins a Club,"Chris wants to join a club. She wants to learn a new skill and make new friends. The only problem is that Chris has no idea what club to join! Luckily, there is a showcase after school where Chris can learn about all the clubs. The club showcase is in the gym. There are rows and rows of tables with members of all the different clubs. First, Chris visits the table for Art Club. The Art Club members are sculptors, painters, and cartoonists. Chris thought the art they created was nice, but she does not want to be an artist. Next, Chris visits the table for Sports Club. In Sports Club, you work with athletic trainers. You can learn to be a basketball player or even a baseball catcher. Chris thought of herself as more of a sports watcher than a sports player. This is not the club for her. Finally, Chris stops at the table for Garden Club. In Garden Club, you learn how to grow and care for plants from real botanists. A botanist is someone who studies plants. You even work with real farmers to learn how to grow your own food. Chris has always wanted to learn to garden. This is the perfect club for her. She may even become a botanist or a farmer one day.",,21,UFLI,6,"digraph, blend, final_e, vowel_team, r_controlled, l_controlled, diphthong, multisyllabic","multisyllabic words, r-controlled vowels, consonant blends","consonant digraphs, consonant blends, final-e words, vowel teams, r-controlled vowels, l-controlled vowels, diphthongs, multisyllabic words"
Stella the Chemist,"Today at school, Miss Chang’s students talked about the jobs they wanted to have when they grow up. Kenya, Wendy, and Gavin wanted to be artists. Hugo and Seema wanted to be farmers. Taylor wanted to be a dentist. Each student seemed excited, except for Stella. Ever since she could remember, Stella has always wanted to be a doctor so she could help people. However, Stella is quite squeamish. If she sees needles or blood, her face turns a palish color, and she does not feel well. “Have you ever thought about being a chemist instead?” Miss Chang asked Stella. “What does a chemist do?” Stella asked. Miss Chang explained that chemists conduct experiments, learn, and solve problems. “Stella, you are bookish, so you love to read and learn. You are a hard worker, who is not foolish. You like to use your imagination and discover new things. All these features will make you a great chemist.” Even though this was a newish idea, Stella was already getting excited. “Being a chemist seems like the best decision for me!"" exclaimed Stella.",,20,UFLI,8,"digraph, blend, final_e, vowel_team, r_controlled, l_controlled, diphthong, multisyllabic","multisyllabic words, consonant blends, vowel teams","consonant digraphs, consonant blends, final-e words, vowel teams, r-controlled vowels, l-controlled vowels, diphthongs, multisyllabic words"
The Haunted House,"There is a spooky two-story house at the end of Eighth Street. Nobody knows who lives there, and nobody ever goes in or comes out. Most of the kids in the neighborhood think this house is haunted. Sammy, a fifth grader with curly brown hair, always wondered what would happen if she knocked on the door of that spooky old house. One stormy night, Sammy and her younger brother walked over to the spooky house and crept up to the front porch. The dusty wood floor creaked under their feet. Sammy raised her shaky arm and knocked on the door. All of a sudden, the siblings heard a loud noise. They were too scared to wait to find out what it was. They made a speedy exit across the muddy yard and ran all the way home. By the time they got home, they were messy and sweaty and ready for a bath. Sammy and her brother knew they would never go back to the spooky old house again, particularly on such a dark and stormy night. They may never find out if the house was truly haunted.",,13,UFLI,7,"digraph, blend, final_e, vowel_team, r_controlled, l_controlled, diphthong, multisyllabic","multisyllabic words, consonant blends, r-controlled vowels","consonant digraphs, consonant blends, final-e words, vowel teams, r-controlled vowels, l-controlled vowels, diphthongs, multisyllabic words"
Spreading Kindness,"We all have good days and bad days. Good days are filled with brightness and happiness. On good days it is easy to be nice to our friends and everything seems fun. On good days annoying things don’t really bother us, and we feel a sense of calmness in our bodies. Bad days, on the other hand, are not so great. On bad days we may be filled with sadness or loneliness. Bad days can feel dark and scary. On bad days, it can be hard to be nice. On bad days lots of things might bother us, and we might not be in the mood for silliness. When we are having a good day, we have the energy we need to spread kindness to the people around us. We can lend a smile or a helping hand and share our brightness with others. In return, when we are having a bad day, we can lean on those kindness spreaders for the extra help we need. Because if everyone shares a little extra kindness on their good days, we can all help each other get through our bad days.",,13,UFLI,7,"digraph, blend, final_e, vowel_team, r_controlled, l_controlled, diphthong, multisyllabic","multisyllabic words, vowel teams, consonant blends","consonant digraphs, consonant blends, final-e words, vowel teams, r-controlled vowels, l-controlled vowels, diphthongs, multisyllabic words"
Grandma’s Retirement Party,"Mom knocked on Trey’s bedroom door early one Saturday morning. “Time to get up,” she exclaimed, “we have a lot to do to get ready for Grandma’s retirement party!” Trey yawned and stretched and made his way downstairs. He could feel the excitement in the air. All of his aunts and uncles were already here. He watched in amazement as everyone worked together cooking, cleaning, and setting up games and music for entertainment. “What is a retirement party?” Trey asked his older sister. “It’s a celebration that Grandma has finished her employment,” she replied, “Grandma is now finished with her job as a doctor.” When Grandma got there, Trey ran out the door and across the pavement to give her a hug. “Grandma! Now that you are done being a doctor, what will you do all day?” Grandma chuckled. “Well, I am going to take lots of exciting trips, read my books, and spend more time with you and your sister.” “Wow! That sounds like fun. When does my retirement start?” asked Trey.",,18,UFLI,8,"digraph, blend, final_e, vowel_team, r_controlled, l_controlled, diphthong, multisyllabic","multisyllabic words, consonant blends, r-controlled vowels","consonant digraphs, consonant blends, final-e words, vowel teams, r-controlled vowels, l-controlled vowels, diphthongs, multisyllabic words"
The Indestructible Dog Toy,"Cesar’s dog, Cooper, loves to play with toys. Chew toys are his favorite. The only problem is that Cooper treats his toys like they are disposable. You see, Cooper has super strong teeth and he likes to chew and tug on his toys until they are destroyed. Cooper’s toys tend to last about a week. Once he pulled a toy apart in less than an hour! One day, Cesar brought home a gift for Cooper. “I think I finally found an indestructible dog toy,” he proclaimed. His family examined the toy. It was a set of three rubber rings linked together. “These rings are extremely flexible and impossible to break,” Cesar explained. “They are washable so we can keep them clean. They even glow in the dark so they are visible at night!” Was it possible? Was this finally the perfect toy for Cooper? Cooper loved his new rings and chewed on them every day. Three months later, the rings had a few visible chew marks, but they were still useable. It was remarkable. This was the longest Cooper had ever kept a toy without tearing it apart. Cesar and his family were all thrilled that they finally found an indestructible toy for their goofy, lovable pup.",,20,UFLI,8,"digraph, blend, final_e, vowel_team, r_controlled, l_controlled, diphthong, multisyllabic","multisyllabic words, vowel teams, r-controlled vowels","consonant digraphs, consonant blends, final-e words, vowel teams, r-controlled vowels, l-controlled vowels, diphthongs, multisyllabic words"
The Triplets Go to School,"Macy, Stacy, and Tracy are triplets. They do everything together. Each morning they wake up and put on matching uniforms. Then, they get on their bicycles and ride to school. At school, they take all the same classes. Their first class is French. The triplets are bilingual because they already speak English and Spanish. Once they learn French, they will be trilingual! Their next class is math. In math class, they learn all about different kinds of triangles. Then, in music class they practice a new song. They always sing in unison at the biweekly show. After lunch, they go to reading class. This is the triplets’ favorite class. Their teacher is reading the last book in a new trilogy to them. They can not wait to learn how this story ends. At the end of the day, the triplets get back on their bicycles and ride home together. They are an unbreakable trio.",,18,UFLI,8,"digraph, blend, final_e, vowel_team, r_controlled, l_controlled, diphthong, multisyllabic","multisyllabic words, consonant blends, consonant digraphs","consonant digraphs, consonant blends, final-e words, vowel teams, r-controlled vowels, l-controlled vowels, diphthongs, multisyllabic words"
The Carnival,"The carnival is in town! Get your tickets, grab a friend, and head on down to the fair grounds. With so many options for excitement and entertainment, everyone is bound to have a great day at the carnival. If you are seeking adventure, head over to the midway. This is where you will find the rides. Slide down the bumpy super slide, walk through the spooky haunted house, or buckle up for a ride on the speedy roller coaster. If you get hungry, wander over to the food trucks. Here you will find every treat imaginable. A giant corndog, a funnel cake, and an ice-cold lemonade are the perfect carnival combination. If you get too hot and sweaty outside, step into the expo hall. Here you will meet farmers who can teach you about animals like chickens, pigs, and goats. You may even get to hold a baby chick! Also, there may be a cartoonist who will draw your caricature and a band playing music. At the end of the day, everyone gathers to watch the firework display in the night sky. This part is never a disappointment. Spending the day at the carnival is always enjoyable.",,16,UFLI,8,"digraph, blend, final_e, vowel_team, r_controlled, l_controlled, diphthong, multisyllabic","multisyllabic words, consonant blends, r-controlled vowels","consonant digraphs, consonant blends, final-e words, vowel teams, r-controlled vowels, l-controlled vowels, diphthongs, multisyllabic words"
On the Ship,"Sam, Dad, and I take a trip on a ship. We take a cab to the ship and get on. The ship is big, and there is a lot to do. Sam and I shop for a hat. Dad and I sit on a cot and fish. I get three fish in a flash. One is too big, so my rod snaps. I can get a new rod if I dash to the shop. At the shop, I see Sam. We find Dad, and we all go eat. The hot ham dish is good! We have jam and figs too. The figs give Sam a rash. They go in the trash, and we go fish with my new rod. I will miss the ship when we get off.",,15,Really Great Reading,3,"digraph, blend, final_e, vowel_team, r_controlled, l_controlled","consonant digraphs, consonant blends, vowel teams","consonant digraphs, consonant blends, vowel teams"
The Rush to Camp,"Gus was in a rush to get to camp. He could take a bus. He could grab a cab. He had no cash, so he had to run fast! Gus ran, but he did trip and land in the mud. When he got to camp, his dad had a big grin, but his dad saw the mud on his hands. Gus said, “I had no cash, so I had to run in the hot sun. I did slip in a rut, so now I have mud on my hands.” His dad was not mad. He gave Gus a hug and said to hop in the tub. When Gus got rid of the mud, he had fun at camp. His dad gave him cash, so Gus could take a cab when he must go .",,12,Really Great Reading,3,"digraph, blend, final_e, diphthong","consonant blends, consonant digraphs, final-e words","consonant digraphs, consonant blends, final-e words, diphthongs"
A New Dog,"Thad has a wish for a dog. He saw a slim tan dog at the shop. His mom said that a dog can be fun for a kid, but Thad will have to do a lot with the dog. Thad must walk him on the path and take him to the vet. Thad will have to give the dog a hot bath in the tub, but not too hot. Then, Thad must brush the dog. Thad will have to fill the dog dish with mush. If not, the dog will get too thin. The dog will rush and dash, and then he will take a nap. He will want a bed to nap on. Dogs can just nap on the rug, but a soft pad is best. Thad still has a wish for a dog. He will go to the shop with his mom to get the tan dog.",,13,Really Great Reading,3,"digraph, blend, final_e, vowel_team, r_controlled, diphthong","consonant digraphs, consonant blends","consonant digraphs, consonant blends"
Hens and Pigs,"Jed has pigs and hens on his land. Jed’s hens live in a big pen. The hens yak and strut in the pen. The pen has a shed in it. This is where the hens have beds. They can go in the shed to nap and to get out of the sun. Hens like to eat pests like grubs and bugs. Yum! The pig pen is just to the west of the hen shed. The pig pen has a pit of mud at one end. The pigs like to play, jump, and jog in the wet mud. They like to eat slop out of a vat, but they beg Jed for figs and yams. Jed’s hens and pigs are not pets. He can pat them, but they do nip. Jed’s pet is his cat. The cat is his pal and will go to the hen shed and the pig pen with Jed. Then she sits in the sun with Jed, and they rest.",,17,Really Great Reading,3,"digraph, blend, final_e, vowel_team, r_controlled, l_controlled, diphthong","consonant blends, consonant digraphs, vowel teams","consonant digraphs, consonant blends, vowel teams"
The Chimp,"Chip the chimp sits on a branch in an elm. For lunch, he will munch and crunch on bugs. Then he will chat with his sis. They will have so much fun that Chip’s chum will stop by too. The pals will jump from branch to branch. Chip will thump his chest and so will his sis and his pal. Next, the chimps will whip up a bit to eat and chit-chat. They will chat and say which bugs are best to munch on and which branch is best to rest on when the sun sets. Chip’s sis will see a dot on Chip’s chin and ask Chip if it is a bug. Chip will say it is a bit of mud and brush it off. On a whim, the chimps will go for a dip in the pond. When the sun sets, they will get a chill and find the best branch to rest on. It is such fun to be a chimp!",,13,Really Great Reading,3,"digraph, blend, vowel_team, r_controlled, l_controlled","consonant digraphs, consonant blends, vowel teams","consonant digraphs, consonant blends, vowel teams, l-controlled vowels"
Tick Tock,"Nick must take the duck and the chick to the vet at ten. Tick tock. Nick must pack a quick snack to take with him. He runs to the shack to find the duck. The duck quacks so much that Nick must give him a stick from his snack pack to lick. Then he must check the truck. The truck is stuck in the muck. Nick can see Rick by the shed. Can Rick help? Yes, Rick can help tug the truck out of the muck! They tug the truck back to the shack. Now, Nick must put the duck in the truck bed. Then they go down the track to pick up the chick. He tucks the chick in a box. Tick tock. It is ten! Nick and Rick bring the duck and the chick to the vet.",,17,Really Great Reading,3,"digraph, blend, final_e, vowel_team, diphthong","consonant digraphs, consonant blends, diphthongs","consonant digraphs, consonant blends, vowel teams, diphthongs"
Fudge,"Madge made a batch of fudge in the big Dutch pot. She put in a pinch of this and a dash of that. I had a wedge of it to judge if it was good. It was good! The fudge was soft, but it did not melt in my hand. Then the fudge made the edge of my hand itch. I got a red patch on my neck and it did itch. The fudge was good, but it had nuts! I went to fetch mom. Mom would give me a shot so I would not get sick. I said to Madge, “The fudge is good, but it has nuts.” Madge put the fudge up on the ledge, and I sat down for a bit. When the itch and the red patch left, I felt top notch. Madge and I made a new batch of fudge with no nuts for me to eat. Yum!",,15,Really Great Reading,3,"digraph, blend, final_e, vowel_team, r_controlled, diphthong","consonant digraphs, consonant blends, vowel teams","consonant digraphs, consonant blends, vowel teams"
The Fall,"When I went to play ball, my mom did tell me not to run too fast. She did not want me to miss a step and trip. I did trip when I went to catch a pass from a pal in class. I fell down in the tall grass. My leg had a cut, and I had grass stuck in the cuff of my pants. I did not want to call for my mom. I did not want her to fuss and say, “What a mess!” My pal did pull me up and help me to the wall. I sat down to let my leg rest. Then, my mom came and saw me on the wall. She gave my leg a kiss and said the mess was not bad. She did dab the cut with a cloth and brush the grass from the cuff. Then, we went down the hill and got new pants at the mall.",,13,Really Great Reading,3,"digraph, blend, final_e, vowel_team, r_controlled, l_controlled, diphthong","consonant blends, consonant digraphs, l-controlled vowels","consonant digraphs, consonant blends, final-e words, vowel teams, r-controlled vowels, l-controlled vowels, diphthongs"
A Ball,"A ball can be fun. You can toss a ball. You can pitch a ball. You can kick a ball. You can catch a ball, too. You can catch a small ball with one hand and a big ball with two hands. Try not to miss the ball. You may have to budge from one spot to catch it. Duck if the ball is too fast for you. Then, just pick up the ball from the grass. If you have a dog, the dog can fetch the ball from the grass. You can hit the ball with a bat. If you do not have a bat, you can hit the ball with the edge of a thick stick. It is best to ask a pal to play. A pal can toss the ball to you, and you can pass the ball back. You can play a match of kick ball or dodge ball with a pal too. Pick a good round ball, and all will be well!",,17,Really Great Reading,6,"digraph, blend, vowel_team, r_controlled, l_controlled, diphthong","l-controlled vowels, consonant digraphs, consonant blends","consonant digraphs, consonant blends, vowel teams, r-controlled vowels, l-controlled vowels"
Our Plants,"When it is hot and the sun is up, I find lush plants on our plot of land. Some are soft like moss and some are stiff. The plants on the edge of the pond like to be kept damp. They look like thin twigs in the wet sand. Frogs jump and catch the bugs that land on the stems. To the left of the pond is a hill with a grand shrub. There is a nest with six eggs on one branch. In the fall, the shrub has red and brown specks. Next to the shrub is a tall plant. We like to camp in a tent by that plant. We pack a lamp to see past dusk and fresh grub to snack on. The plants are lush when it is hot and there is a lot of sun, but the plants do not like frost. Some plants are lost when there is a chill. Then new plants come back as soon as the frost ends.",,14,Really Great Reading,3,"digraph, blend, final_e, vowel_team, l_controlled, diphthong","consonant blends, consonant digraphs, vowel teams","consonant digraphs, consonant blends, vowel teams, l-controlled vowels"
The Potluck,"Our class will have a potluck after the math test. Robin will make ham and eggs. Edwin will make a catfish sandwich. I think I will make a pumpkin dish. The setup will be quick. We will put down plastic cups and fabric napkins. When we finish, we will toss the cups in the trashcan and set the napkins back in the picnic box. After we eat, we will play catch on the blacktop. Then, we will take the path to the hilltop to see the sunset. We can have a contest to run to the tiptop of the hill. At the top, there is a windmill we can sit by to rest. Edwin will insist that we stop to see the sun dip down. We will not panic if we must run back at dusk. Then we will pack up. What a splendid potluck picnic it will be!",,15,Really Great Reading,3,"digraph, blend, final_e, vowel_team, r_controlled, diphthong, multisyllabic","multisyllabic words, consonant digraphs, consonant blends","consonant digraphs, consonant blends, final-e words, vowel teams, multisyllabic words"
The Attic,"Calvin went up to the cabin’s attic to find his mom’s old comics. What would you expect him to find up there? Not just comics! He saw a chipmunk run by him in a flash. This made Calvin panic, and he got the hiccups. He fell into a plastic trashcan with lots of tennis balls. When he got out, he saw a plastic rabbit on top of an old laptop. He had to brush away a cobweb in disgust. At last, he saw ten classic comics in a red fabric handbag under a small bathtub. He came down from the attic and sat with the comics and a snack. He went to flip a comic open and hit his glass. What luck! The milk did not spill on the comics. His mom would be upset if they got wet. He said he would just read them at his desk. Calvin ate his sandwich and then went down the hall to his desk with the comics. He will read them all!",,17,Really Great Reading,3,"digraph, blend, final_e, vowel_team, r_controlled, l_controlled, diphthong, multisyllabic","multisyllabic words, consonant blends, consonant digraphs","consonant digraphs, consonant blends, final-e words, vowel teams, l-controlled vowels, diphthongs, multisyllabic words"
The Picnic,"Patrick and Flo went on a picnic. First, they had to unpack. Patrick said, “Please go get the plastic cloth and the backpack from the pickup truck. I will try to find a good spot for us.” Patrick did inspect the grass and got a spot with no rocks. Flo set the cloth down. They had lunch under the blue sky. First, they had some eggnog from a can. The top was stuck, so they had to pry it off. Then, they had a fish fry and split a relish and pumpkin sandwich. Flo said that the sandwich was so good that Patrick could be a pro. After lunch, Patrick did panic when a big insect with six legs sat in a cobweb next to him. With a little jump and a yell, he put a napkin on top of it and ran! Patrick did try not to cry. Flo said, “Why are you upset, Patrick?” “There was a bug with six legs by me,” Patrick said with a shy grin. Flo put the insect in the public trashcan. It was funny, but she did not laugh at him. They sat back down by the cloth to see the sunset.",,19,Really Great Reading,6,"digraph, blend, final_e, vowel_team, r_controlled, diphthong, multisyllabic","consonant blends, consonant digraphs, multisyllabic words","consonant digraphs, consonant blends, vowel teams, r-controlled vowels, diphthongs, multisyllabic words"
Robots,"You can program robots to do many things. Robots can do basic things like say “hello.” They can take a photo and play music. Robots could be good at making a snack as you are taking a bath. Robots can add and subtract to find a result. They can even do complex math. You can program robots to protect a secret camp or to plan a trip to Fresno. Some robots are silent, but some will respond if you chat with them. You can program robots to tell you about things like new events or the lunch menu. Robots can do many things, but there is a limit to what they can do. Robots cannot relax. They cannot be in a hotdog tasting event. They will not use napkins. Robots cannot get sick with a virus and cannot hiccup. Insects cannot sting them. Robots will not have a tantrum or get upset if they get a zero on a test. They will not brag about winning a math contest. You can program a robot to do many things, but they cannot think or act with no help.",,18,Really Great Reading,6,"digraph, blend, final_e, vowel_team, r_controlled, diphthong, multisyllabic","multisyllabic words, consonant blends, consonant digraphs","consonant digraphs, consonant blends, final-e words, vowel teams, r-controlled vowels, multisyllabic words"
The Puppet Show,"There is a puppet show at six in the local children’s hall across the canal. You may want to see it. I even have extra tickets for the second show at seven if you would like to go. I went to the latest show, so I can tell you about it. First, you will see a chimp puppet on a canvas hammock. He will be munching on some bacon. Then, a cricket puppet will come hopping across the grass to a picnic blanket. It will pick at the spinach salad that the humans put down. You will see a panda puppet in the branches chomping on stems and a piglet puppet hunting for bugs. The piglet thinks the cricket would be good to eat. He is about to chomp down, but at that instant, the panda falls off the branch and happens to land in the spinach salad! The puppets all laugh and the children all clap. At the end, the panel is taken down and the humans who pretend to be the puppets say hello. There is so much talent in this show. You will not regret it if you happen to go.",,15,Really Great Reading,6,"digraph, blend, final_e, vowel_team, r_controlled, l_controlled, diphthong, multisyllabic","multisyllabic words, consonant digraphs, consonant blends","consonant digraphs, consonant blends, vowel teams, r-controlled vowels, l-controlled vowels, diphthongs, multisyllabic words"
Take a Trip,"If you do not want to be stuck at home this fall, plan a trip. Pick a date, select a spot, and go. You can stick close to home or travel the globe to a distant land. If you stick close, you could drive. If you go far, you could ride a bus, take a plane, or even fly in a blimp. You could visit a new state like Texas or a spot like the Grand Canyon. You could attend an event in your home state too. Hit the blacktop and plan for a nonstop trip. Safe travels! Make a note of things you want to do on your quest. It can be fun to branch out and try new things, not the same things you do at home. You may want to see a local ball game or a play about a brave robot. If you want to have a picnic, you could make a snack or a sandwich and take it with you. You could be brave and try a new plate for lunch. If you want some milk or punch on the go, take time to bring a thermos. You do not have to spend a lot. You and your pal could ride a bike to the lake and fly a kite in the blue sky or just bring a blanket and laze for a moment. You could go for a swim, catch a wave, or run in a zigzag on the white sand. If you go on a hike, bring your compass so you do not get lost. You may even find a cave, canyon, or tunnel to inspect. So, save your extra nickels in a can, and then fetch them and make it happen. I hope you rave about your trip when you come back.",,22,Really Great Reading,4,"digraph, blend, final_e, vowel_team, r_controlled, l_controlled, diphthong, multisyllabic","consonant blends, final-e words, multisyllabic words","consonant digraphs, consonant blends, final-e words, vowel teams, r-controlled vowels, l-controlled vowels, diphthongs, multisyllabic words"
Camping,"Jolene and Blake want to take a camping trip to escape for a while. They get the tent out of the basement and pack the van. They invite Jake to come with them, but he has plans to see the parade. When Jolene and Blake get there, they locate a good spot to pitch the tent and complete the campsite setup. Jolene brings a mattress to inflate inside the tent. It is better if she puts the mattress on the grass and not on concrete. After the campsite is set, they go on a hike to see the landscape. They find a path on the map and begin. It is good to be out in the sunshine! At lunchtime, they have a homemade sandwich and a pancake made over an open flame. On the path back to camp, they have a small debate about where to go left, but Jolene has a compass and they find the campsite. It is late when they get back. They ignite a log with a match and grill hotdogs on sticks. At bedtime, they are careful to put out the flame and zip up the tent to keep safe. When it is time to go home, they are polite and pick up their trash. They take down the tent and pile into the van. Then, they drive home.",,17,Really Great Reading,4,"digraph, blend, final_e, vowel_team, r_controlled, l_controlled, diphthong, multisyllabic","final-e words, multisyllabic words, consonant blends","consonant digraphs, consonant blends, final-e words, vowel teams, r-controlled vowels, diphthongs, multisyllabic words"
The Beach,"Do not wait. On the next sunny day, go to a beach. The beach could be at the lake or at the sea. There are many ways to spend a day at the beach. If you just want to relax, set up a chair and read. You could read an essay or a novel. It can be good to just feel the wind in your hair and the sand beneath your feet. Please be careful not to fall asleep in the sun and always have sunscreen on. If you want to have a playful day, there are plenty of things to do at the beach. Go for a walk and get your feet messy with grains of sand. Go for a swim where it is clear from seaweed. Jump in and leap over a tall wave. Play frisbee with a pal in the sunshine. You can finish by eating your meal on a blanket. You will find that there is a lot to do and see at the beach. You may see snails in shells or catch a peek at fish in the reef. If the sea is clean and clear and you are lucky, you may see eels deep down. At a lake, you may run into some crayfish or catfish. If you just need to get away, find a beach nearby and go. You will be happy you went!",,20,Really Great Reading,5,"digraph, blend, final_e, vowel_team, r_controlled, l_controlled, diphthong, multisyllabic","vowel teams, consonant blends, multisyllabic words","consonant digraphs, consonant blends, final-e words, vowel teams, r-controlled vowels, l-controlled vowels, diphthongs, multisyllabic words"
Trick or Treat,"While some kids like to trick-or-treat, Randy does not. His pal Betsy squeals with delight at white sheets that float in the trees and black bats that swing from the branches, but these things give Randy a fright. He does not like how frightful the streets look when daylight ends, but he does like the free candy he gets. So, he grabs a flashlight and goes down the road to trick-or-treat with Betsy. Betsy tells Randy his light will reveal that there is no need to be afraid. The thing Randy sees might look like a pile of bones, but in the beam of the flashlight, it is just a pile of sticks. Randy thinks there is moaning and groaning to the right, but in the light, it is just a swing swaying in the wind. Randy and Betsy get to a driveway and walk up the steps. A tall man in a raincoat with a cloak and a top hat hands them some candy. This brightens their night, and they go on. Next, they approach a lady in a green dress and tight socks with a toad made of foam in her right hand. She hands them a pack of gum. Randy is feeling brave. “No sight can frighten me,” he boasts. He stands upright and puts the flashlight away in his coat pocket. Wait, where did Betsy go? “Hi!” she yells as she jumps out from the oak tree. Randy goes stiff with fright. Then, he grabs his flashlight and sees it is just Betsy. They laugh. They take their load of candy home and have hot cocoa. Randy is glad to be toasty and safe inside.",,23,Really Great Reading,5,"digraph, blend, final_e, vowel_team, r_controlled, l_controlled, diphthong, multisyllabic","vowel teams, consonant blends, multisyllabic words","consonant digraphs, consonant blends, final-e words, vowel teams, r-controlled vowels, l-controlled vowels, diphthongs, multisyllabic words"
Ted’s Bad Day,"Friday was not a good day for Ted. He woke up with the sun, checked the clock, and saw that it was nine. He was late! Ted landed on a plastic game token as he jumped out of bed, so he limped down the hall. Ted wanted eggs. He opened the fridge to find them, whisked them in a dish, and then dumped them into a hot pan. While he waited, he made toast. Then Ted brushed his teeth, packed his backpack, and left for class. Ted missed the math test and had to take it at lunch. He munched on his sandwich while he added seven and three. He was just about done when he bumped his glass and spilled milk on the test. Ted was lucky. Miss Best could still read the test and he passed. Ted leaped away from his desk and ran. He made it before the kickball game ended. He played for one inning. Ted kicked the ball far but stained his pants when he slid into home plate. Ted painted in the next class. He mixed red and blue paint. As he squished the paint out, it sprayed on his smock and in his hair. His pal fetched a napkin and helped Ted clean up. What a day! Ted could not wait to go home. On his walk home, Ted dented his lunchbox when it fell on a rock. By now, Ted was fed up. He jumped up the steps and went inside. His mom had left a cupcake as a snack with a note that said, “I hope you had a good day. From, Mom.” That made Ted smile. He ate the cupcake and felt much better.",,30,Really Great Reading,6,"digraph, blend, final_e, vowel_team, r_controlled, l_controlled, diphthong, multisyllabic","consonant blends, consonant digraphs, multisyllabic words","consonant digraphs, consonant blends, final-e words, vowel teams, r-controlled vowels, l-controlled vowels, diphthongs, multisyllabic words"
Ruby’s Dreams,"Steve’s dog Ruby twitched in her sleep. Steve wanted to know what Ruby was dreaming about. Was she dreaming about the cats they had seen on their walk? While Steve and Ruby rested on the bench, three cats across the street had flicked their tails at Ruby. She had wanted to chase them, but Steve kept a tight grip on her leash. Maybe Ruby was chasing after them in her dream. “What do dogs dream about?” Steve asked himself. Steve often dreamed of things he wished he could do. In some dreams, Steve was a painter or a singer. In some dreams, Steve was a baseball player, winning the game as his coaches clapped. One time, Steve dreamed he could run faster than a speeding train and jump higher than the tallest wall. Not all of Steve’s dreams were good dreams. Once, in a bad dream, Steve was falling out of the sky while gripping a trumpet. He ended up landing in a soft pile of boxes, but it was frightful! Steve did not think Ruby had the same dreams. Ruby might dream of eating treats or catching a ball or chasing foxes around the trees. She did not dream of acting in a play or flying a plane like Steve might. Steve could not know what she was dreaming of, but he trusted Ruby was dreaming a good dream. When she woke up, she stretched and wagged her tail, begging Steve to take her on a walk.",,20,Really Great Reading,6,"digraph, blend, final_e, vowel_team, r_controlled, l_controlled, diphthong, multisyllabic","consonant blends, multisyllabic words, consonant digraphs","consonant digraphs, consonant blends, final-e words, vowel teams, r-controlled vowels, l-controlled vowels, diphthongs, multisyllabic words"
My Siblings,"I have five siblings and each one is taller than the next. Let’s begin with Tim. He is the tallest. He likes sailing and has no fear of the deep blue sea. When he takes me on the boat with him, it feels like we go faster than a speeding train. Sammy is not as tall as Tim, but he is still taller than the rest of us. Last week, Sammy wanted to make a frozen soda treat. He did not know that soda expands in the freezer until the can cracked open. The soda slush was a mess, but tasty! Next is Blake. He is the same size Tim was when Tim was ten. Mom adds patches to Tim’s old pants for Blake. I think Blake wishes he could shop for new pants, but he does not whine about it. He is silent unless he is cheering for his baseball team. My sis Beth is smaller than Tim, Sammy, and Blake, but she is taller than Gail. When Beth plans to spend time with her pals, Mom tells her it would be polite to invite Gail too. If Beth is going out, Gail always goes with her. I think it is funny because Beth and Gail are not alike. Beth likes to try new things and visit her pals. Gail likes to stay inside and read. They have one thing in common. They both like to play hide and seek with me. I always win because I can hide in tiny spots. I am the smallest one of the bunch. Last year, I was upset that I could not do the same things as my siblings. This year, I am older and wiser. My teacher tells me that when you are upset, you can try to find the bright side. Mom never asks me to put away the dishes because I cannot reach the shelf!",,28,Really Great Reading,6,"digraph, blend, final_e, vowel_team, r_controlled, l_controlled, diphthong, multisyllabic","multisyllabic words, consonant digraphs, consonant blends","consonant digraphs, consonant blends, final-e words, vowel teams, r-controlled vowels, l-controlled vowels, diphthongs, multisyllabic words"
A Box of Hats,"Bud and I got on a bus to go to The Hut for a sub.
We had to sit in the sun.
It was hot!
A man had a box of fun hats.
“If you are hot, get a hat!”
He had a hat for us!
Bud got me a bug cap.
He got him a top hat.
In the hat, the sun was not as bad.
We had the sub in a fun hat.",,10,Reading Universe,2,"blend, r_controlled",basic single-syllable words,basic single-syllable words
A Picnic with Pals,"My mom and her pals, Cathy and Vicky, are some fun gals.
Sometimes they plan picnics up on the hilltop. When they go, they
have to study the land to find a flat spot to sit on. If they are lucky, it
will be a pretty day that is not windy or foggy, and they will get to
see a pretty sunset.
They all have things they bring to the picnic. Cathy brings the
napkins, cups, and a fluffy mat for them to sit on. Vicky brings fizzy
drinks and the best sticky buns. Mom brings them a yummy
sandwich, some bags of carrots, and some fuzzy blankets for if it
gets chilly.
The picnic gives them a lot of time to chat and catch up. Mom says
it’s the best time with her pals.",Two-syllable words with a ‘y’ that spells the long ‘e’ sound,10,Reading Universe,6,"digraph, blend, final_e, vowel_team, r_controlled, l_controlled, multisyllabic","multisyllabic words, consonant blends, consonant digraphs","consonant digraphs, consonant blends, vowel teams, r-controlled vowels, l-controlled vowels, multisyllabic words"
A Rip in the Bag,"Pax has a bag as big as him.
Pax has an ax, a wig, and a tin can
in the bag. Pax has to zip the bag!
Rip! The bag has a rip. Pax has to fix it.
Pax is in his lab. He has a big pin.
Pax did it! The pin hid the rip.",Closed-syllable words with short ‘i’,10,Reading Universe,2,blend,basic single-syllable words,basic single-syllable words
A Trip to the Home Store,"When Omesh woke up, he went to the kitchen and saw a note his mom had left
him by the stove. It said,
Omesh,
The kettle broke. It has a crack in it. Will you go to the mall
and pick up one before lunch? There is cash on the table.
Kisses,
Mom
Omesh drove to the mall and parked next to a tall pole that said “North Park
Mall” in big letters. He walked in and spoke to the clerk.
“Can you tell me where in the mall I can find items for the kitchen?”
The clerk said, “Yes. A home store is close by. Go right up there and turn left. You
will pass a store that sells robes, socks, and things. The next one is the home store.”
Omesh thanked the clerk.
Omesh got to the store with no problem. He walked in and saw the kitchen zone. The
kettles were sitting on a shelf. There were many different ones to select from. He
chose the silver kettle with a dome lid because it was like the one his grandma had.
Mom was happy with the one he chose.",One-syllable words with the silent ‘e’ pattern: long ‘o’,20,Reading Universe,6,"digraph, blend, final_e, vowel_team, r_controlled, l_controlled, diphthong, multisyllabic","consonant blends, consonant digraphs, multisyllabic words","consonant digraphs, consonant blends, final-e words, r-controlled vowels, l-controlled vowels, multisyllabic words"
A Visit to the Pacific Northwest,"Grace and her family are going on a trip to see some interesting sites in a
city in the Pacific Northwest. The city is filled with exciting things to do and see.
There is a sentence on the travel website that describes it as a “must-see” spot!
Grace’s job was to plan their trip. She had a long list of what the family could do.
Grace said, “In the morning, we can go ice skating on the frozen lake. It faces
an iceberg. We could also walk to see the circle maze. There is a cedar totem
pole in the center.
“After lunch, we can race dog sleds! If we do that, we have to call and reserve
our spots. Only eight people can ride the sleds at one time,” Grace added.
“In the evening, we have to decide if we want to go to the dance or the palace
made of ice, ” she said. “We could also ice skate again,” Grace said with a smirk
on her face.
Her family was thrilled. She had picked something for everyone in the family.
That was a hard job.
Her mom said, “I think we will pass on skating twice. That would be a little
much. Everything else is just perfect. Thank you, Grace!”",Multisyllable words with hard and soft ‘c’,21,Reading Universe,6,"digraph, blend, final_e, vowel_team, r_controlled, l_controlled, diphthong, multisyllabic","multisyllabic words, consonant blends, consonant digraphs","consonant digraphs, consonant blends, final-e words, vowel teams, r-controlled vowels, l-controlled vowels, multisyllabic words"
A Wig in the Pit,"Kim is kin to Quin. Kim is mad at him.
Kim had a wig. Quin hid it!
Is it in the big tin bin?
Is the wig in the van?
Is it in the bag?
The wig is in the pit!
Kim can dig for the wig!
Dig, Kim, dig!
Did Kim quit? Did Kim sit?
Kim has the wig!",Closed-syllable words with short ‘i’,13,Reading Universe,2,"vowel_team, r_controlled",vowel teams,vowel teams
Caleb’s Cookbook,"For his birthday, Caleb asked for a new cookbook. He loved to fix meals with his
dad. They had been trying new dishes from different parts of the world.
His parents got him a cookbook from Italy. Caleb studied the cover. Under the
title, there was a picture of an open oven with big flames! Caleb was alarmed.
They did not have an oven like that! He asked his dad about this.
His dad laughed and explained, “Long ago, people in Italy used to cook bread in
wood-fired ovens. Today, many restaurants cook bread in brick ovens with a fire.
These are called wood-fired or brick ovens. And what do you think they cook the
most in them? Pizza!”
“That is so good,” said Caleb.
They first tried making plain flatbread, also known as pita. They measured flour,
milk, salt, and yogurt into a bowl.
Caleb and his dad stirred and kneaded the mixture. They rolled it into little balls
and flattened each ball with their hands. Dad explained that if they had a
wood-fired oven, they would slide the pieces of flatbread into the oven on a
wooden tray with a long handle. Instead, they placed them on a cookie sheet and
put them in their oven with a window in the door.
Caleb stood and watched through the window, and was surprised to see the
bread puff up while it cooked. It formed a pocket of air inside! When it was nice
and brown, Caleb gave Mom the first bite.
“Oh my goodness! This is wonderful,” she said.
Both Caleb and Dad had huge smiles on their faces. Caleb was surprised how
much he liked pita. “We should make pizza now, Dad!”","Vowel team that spells /oo/, as in cook: ‘oo’",29,Reading Universe,6,"digraph, blend, final_e, vowel_team, r_controlled, l_controlled, diphthong, multisyllabic","multisyllabic words, consonant blends, vowel teams","consonant digraphs, consonant blends, final-e words, vowel teams, r-controlled vowels, l-controlled vowels, diphthongs, multisyllabic words"
Caps and Bags,"Tan has to get a cap and a bag for his job.
He gets all of his caps and bags at the mall.
Bill is the man at the mall.
Tan said, “Bill, can I get a cap?”
Bill said, “Go to the wall. It has ten caps on it.”
Tan got a red cap.
Tan said, “Can I get a bag?”
Bill said, “Go to the hall. Its wall has bags on it.”
The wall had lots of bags.
The tags were not a lot.
Tan got the red cap and six bags.",Adding the suffix ‘s’ to closed-syllable words,13,Reading Universe,3,"blend, r_controlled, l_controlled",l-controlled vowels,l-controlled vowels
Chaos at the Castle Game,"There is a cool new game called “Chaos at the Castle.” I saw a sign that said it
was half price, so I asked my mom if I could get it! She is a school teacher, so of
course she gave me an assignment to write down why I think I need it. She said
she would give me an answer in a day or two.
Here are some of my reasons:
Every level has obstacles that I have to solve problems to overcome. One
example is I will have to figure out how to get past the gnomes that guard
the island and the castle.
You can only choose three tools to have with you. I will have to make smart
decisions about what I will most likely need. Some of the tools to choose
from are wrenches, swords, knives, and scissors
There are levels that require logic! One example is that there is a buffet full
of food like salmon, spaghetti, lamb chops, and raspberry pie. I will have to
use clues to solve the mystery of which food is making people sick.
The queen is in debt. I will look at all of her receipts and use my knowledge
of math to help her save money.
Other challenges require plumbing skills, removing a bomb, determining who
is being honest, wrestling with ghosts, and other cool things.
Look how much I will be using my brain! I doubt my mom can say no. What do
you think?",Silent consonant letters,22,Reading Universe,8,"digraph, blend, final_e, vowel_team, r_controlled, l_controlled, diphthong, multisyllabic","multisyllabic words, consonant digraphs, vowel teams","consonant digraphs, consonant blends, final-e words, vowel teams, r-controlled vowels, l-controlled vowels, diphthongs, multisyllabic words"
Checking on the Surf,"The girl burst into the kitchen. Her dad was washing the dishes. It was still
dark. The sun was just starting to come up.
Marla said, “I think the surf is big. Can we get into the car and go check
the swell? I can surf if it is not too strong.”
Dad said, “Marla, I still have so much to do. The porch is covered in dirt
from the storm.”
Marla turned on the charm. “Dad, if you let me go now, when I get back I
will do the porch, finish washing the dishes, and serve lunch! But the
perfect surf does not come very often, and it can get smaller fast. We
need to rush!”
Dad said, “Get your stuff. We can go check on it. But, if it is too big, you
cannot surf. I do not want you to get hurt.”
Marla turned with a twirl and said, “Yes! Thank you, Dad.”
They rushed to the cliffs to check the surf. It was not too big! The swell
was perfect.
Marla got her stuff and sprinted down the curved path to the surf. She
was one happy girl!",One-syllable words with all of the r-controlled vowels,24,Reading Universe,6,"digraph, blend, vowel_team, r_controlled, l_controlled, diphthong, multisyllabic","r-controlled vowels, consonant digraphs, multisyllabic words","consonant digraphs, consonant blends, vowel teams, r-controlled vowels, diphthongs, multisyllabic words"
Clams at the Pond,"Stan went to ask Pris to come to the pond with him.
“Yes, that will be fun!” said Pris.
When they got to the pond, they had a long swim.
Pris said, “Can we stop and dig for some black clams in the sand?”
Stan said, “Yes. If there are a lot of clams in a pond, it can be bad
for the fish and the grass by the pond. Plus, it is fun!”
“Are there crabs in the sand? They will pinch,” said Pris.
“There are no crabs. There is not much sand in this pond. It has more
grass, sticks, and mud,” said Stan.
The kids dug and dug. When they were done, they had lots of clams.
They had fun and were helpful.",Closed-syllable words with beginning and ending blends,16,Reading Universe,3,"digraph, blend, final_e, r_controlled, multisyllabic","consonant blends, consonant digraphs, r-controlled vowels","consonant digraphs, consonant blends, r-controlled vowels"
Dinner by the Fire,"One cold Friday night, Ty and Winnie got dropped off at home after
soccer practice. It was past dinner time, and they were hungry.
When they walked into the kitchen, there was nothing on the stove for
dinner. Also, they could not find their parents. They looked everywhere.
The kids wondered where their parents might be.
Then they heard their mom calling them: “Ty! Winnie! Come to the
backyard! Put your coat and hat on!”
This was very strange. They couldn’t think of why they wanted them in the
backyard. It was dark, cold, and time to eat!
Winnie said, “What is going on?”
Ty said, “I don’t know. Have they been hiding something from us?”
They went into the backyard. The light from the moon and stars shone
brightly from high in the sky. As they turned the corner, they saw
flickering blazes of fire. Ty and Winnie grinned with delight. Their parents
had made a huge bonfire!
Dad said, “We decided to do something different tonight. It is too cold
to go camping, but we’re going to have a family hot dog roast right
here in our backyard. Grab a chair. Get one of the roasting forks.
It’s dinner time!”
They all roasted hotdogs on long forks that had white rubber handles.
The hotdogs were so tasty that they each had two!
After dinner, the children wanted dessert. There was a warm s’mores
pie with ice cream. They had a bowl full. The bonfire dinner was a
fantastic surprise!","Long ‘i’ vowel teams: ‘y’, ‘igh’, ‘ie’",32,Reading Universe,6,"digraph, blend, final_e, vowel_team, r_controlled, l_controlled, diphthong, multisyllabic","multisyllabic words, r-controlled vowels, consonant digraphs","consonant digraphs, consonant blends, final-e words, vowel teams, r-controlled vowels, l-controlled vowels, diphthongs, multisyllabic words"
Duke,"Duke is a super cute dog! He has curly black fur, a wide white stripe on his back,
and white spots on his chest. Duke lives with Wade, who is his best buddy.
Duke is huge, but he thinks he is a baby. He likes to cuddle all the time and for
people to rub his belly. He is full of energy, too! He likes to chase rabbits and
play pull-the-rope with Wade. He is also very smart. He can respond to
commands like shake, sit, come, and roll over. He is such a cute animal.
Wade includes Duke in everything he does. When Wade gets in his truck, Duke rides, too.
Wade has a pet store. Duke goes to work with him. The store is an animal
kingdom! The shelves are fully stocked. They have kibble, stuffed animals, pet
beds, bones, and more. He even has costumes for animals!
One time Wade put a costume on Duke. The workers at the store were amused.
Duke was dressed up like a rubber ducky. He didn’t quack, but he did bark. It
was funny!
Duke has some quirks. One quirk of his is that he does not like strong smells,
such as perfume. He barks when he smells perfume! He is also funny about the
volume level. He will whine if it is too much for him.
Duke makes everyone smile. He is so unique and has the best attitude. There
isn’t another dog like him.",Multisyllable words with silent ‘e’ pattern: long ‘u’,31,Reading Universe,6,"digraph, blend, final_e, vowel_team, r_controlled, l_controlled, diphthong, multisyllabic","final-e words, multisyllabic words, consonant digraphs","consonant digraphs, consonant blends, final-e words, vowel teams, r-controlled vowels, l-controlled vowels, multisyllabic words"
Fay’s Birthday Party,"Fay’s birthday is the fifth of May. She could hardly wait for this great day because that is
the day she was having the party she always wanted! Fay’s dad and grandma made a
list of things to do on a page in her writing tablet.
Fay’s Party
Invite friends.
Plan the games.
Play pin the Tail on the Mermaid.
•
Make bracelets and necklaces.
•
Face paint
•
Things to eat
cupcakes
•
They got to work. Fay made eight cards telling the date, time, and theme of the party.
She mailed them to her friends. Fay’s dad was an artist. To play Pin the Tail on the
Mermaid, he painted a mermaid and made the tails. Fay and her grandma took a break
from planning, to go on the subway to buy a mask for the game, the beads, the charms,
elastic string, and face paint in the city. Then they went to the bakery to buy cupcakes.
In the display case, there was a whole tray of yellow cupcakes with different colored
sparkles. Those were the ones she wanted! Before heading home, they stopped by the
butcher to buy Dad a steak for the grill. On the day of the party, it was raining, but
nothing could mess up this day. Fay put on her favorite shirt and shorts, while Dad fired
up the grill in the rain! Her grandma braided her hair into a fishtail. All of her friends
arrived and the fun began. After the party, Fay said it was the best day she had ever had!","Long ‘a’ vowel teams: ‘ay’, ‘ai’, ‘eigh’, ‘ea’",25,Reading Universe,6,"digraph, blend, final_e, vowel_team, r_controlled, l_controlled, multisyllabic","multisyllabic words, vowel teams, r-controlled vowels","consonant digraphs, consonant blends, final-e words, vowel teams, r-controlled vowels, l-controlled vowels, multisyllabic words"
Ginger and the Gerbil,"Ms. Greta is our first grade teacher. She got us a gerbil to be our class pet.
We named her Ginger. Ms. Greta says she loves gerbils as much as she loves
gems. We must take good care of Ginger!
Ms. Greta has a huge chart above Ginger’s cage. It has a list of tips to
help us take care of Ginger. This is what the chart says:
Be gentle with Ginger.
You are a giant compared to Ginger. Sit while you play with her.
Wash your hands before and after you hold Ginger. We do not want
to share our germs.
Clean the gym in Ginger’s cage.
Feed Ginger the food from the gold box.
One day a week, we will feed Ginger cabbage. She thinks it is so good!
Be sure to close the gate to Ginger’s cage!
If Ginger is acting strange, tell Ms. Greta!
After spending time with Ginger, we all love her as much as gems, too!",Multisyllable words with hard and soft ‘g’,31,Reading Universe,6,"digraph, blend, final_e, vowel_team, r_controlled, l_controlled, multisyllabic","consonant digraphs, r-controlled vowels, multisyllabic words","consonant digraphs, consonant blends, final-e words, vowel teams, r-controlled vowels, multisyllabic words"
"Hike, Bike, Swim","Mike and Cate are doing a triathlon. In this triathlon, they will hike up a
hill for six miles, bike on a path for twenty-five miles, and swim across a
lake for one mile. They begin the event at six o’clock.
It starts with the hike. It is the hardest because it is uphill. There are many
stones and sharp branches that can poke them, so they watch for those
as they walk. When they get to the summit, they are tired. They take a sip
of the lime drink they packed to quench their thirst.
After a little while, they get their helmets on, strike the pedals on their
bike, and take off! They ride down the hill and over to the lake. They have
a map in case they get lost. The map has a white, curvy line on it to show
them the path.
At the lake, they jump in. Mike and Cate are hot. They are glad to get in
the water, but one mile is far to swim! They were not fast, but they
finished.
They are brimming with pride at the finish line. What a life!",One-syllable words with the silent ‘e’ pattern: Long ‘i’,18,Reading Universe,4,"digraph, blend, final_e, vowel_team, r_controlled, l_controlled, diphthong, multisyllabic","final-e words, consonant digraphs, consonant blends","consonant digraphs, consonant blends, final-e words, r-controlled vowels, diphthongs, multisyllabic words"
Hiking to the Falls,"Kevin was so happy. He rented a van to go on a trip with his son, Max.
They were off to see the Top Shock Falls!
The falls were up in the hills. The path was very muddy and slick. The van
skidded, but Kevin kept it on track. When they got there, they watched the
falls from the van. The falls crashed and thudded onto the jagged rocks.
Max wanted to get next to the falls.
Kevin said, “We can go, but get your jacket. You will want to have it.”
It was damp when they exited the van. They went up the rocks to get next
to the Top Shock Falls. Standing next to them, they got misted a lot. The
current going into the falls was very fast. Sometimes it splashed hard on
the rocks. When it did, Kevin and Max got drenched!
Max and his dad were very glad that they visited the falls. They crossed it
off the list of things they wanted to see.",Closed-syllable words with the suffix ‘-ed’ as a syllable,19,Reading Universe,3,"digraph, blend, vowel_team, r_controlled, l_controlled, diphthong, multisyllabic","multisyllabic words, consonant digraphs, consonant blends","consonant digraphs, consonant blends, r-controlled vowels, multisyllabic words"
Jack the Buck,"In the fall, I see this buck a lot.
I tell mom and dad that he is my buck.
I call him Jack.
When the sun is up, Jack will pick a path to go on.
He will pass by the ducks on the dock.
Quack! Quack! Quack!
Why do the ducks call to him?
They tell him to back up.
Jack will not mess with them.
Jack will check to see if men are at the shack on the hill.
He has to be quick! He tucks his neck and runs!
Then, Jack will pick a bush to sit by and lick its sap.
With luck, he will be back to me when the sun sets.",Closed-syllable words with the digraph ‘ck’‘,16,Reading Universe,3,"digraph, blend, vowel_team, l_controlled","consonant digraphs, l-controlled vowels, vowel teams","consonant digraphs, vowel teams, l-controlled vowels"
Jeans for Pru,"Pru and her Aunt Sue live in an apartment in a suburb of the city. Pru and
her friends loved to ride the bus into the city to shop.
One day, Pru came running into the kitchen.
“Aunt Sue, may I have a little money, please?” asked Pru. “I’ll pay you
back as soon as I get my paycheck. My friends and I want to go shopping
at The Vintage Closet. We have a dance this weekend, and we want to
find something cute to wear.”
Aunt Sue was kind and gave Pru a few bucks. She said, “This should do
the trick! Happy hunting.”
The Vintage Closet is a thrift store on Main Street. Pru loved shopping at
thrift stores because the clothes were valued at a fair price. They also had
one-of-a-kind things!
Today, Pru was hoping to find some new jeans for the dance. Luckily, they
had a large supply of jeans in every hue. Pru wanted to find black skinny
jeans. She checked each rack. On the last rack, Pru saw these darling
jeans in just her size. They had a colorful cube patch on all of the pockets.
Cute! Cute! Cute!
Pru went to pay. She had just enough money to buy the jeans. She smiled
knowing that she got a bargain for her jeans and that they were perfect
to wear to the dance.",Long ‘u’ vowel teams ‘ue’ and ‘ew’,26,Reading Universe,7,"digraph, blend, final_e, vowel_team, r_controlled, l_controlled, diphthong, multisyllabic","consonant blends, multisyllabic words, consonant digraphs","consonant digraphs, consonant blends, final-e words, vowel teams, r-controlled vowels, l-controlled vowels, diphthongs, multisyllabic words"
Jobs for Rose and Jake,"Mom has a notepad on the table every morning with the tasks for Rose
and Jake to do. She gives them the same wage, but they have different
jobs. The note this morning said,
Jobs for Jake:
Rake the yard.
Take the dishes from your room to the sink.
Make your bed.
Pick up your games.
Jobs for Rose:
Make your bed.
Carry the trash to the bin.
Take the chicken dish that is on the stove to the lady that lives
at the end of the lane. Her name is Jane (in case you forgot).
Fix lunch for you and Jake.
They did their jobs. Then, Rose asked Jake what he wanted for lunch. He
said he wanted a fudge cake.
“Cake for lunch?” she asked. Jake nodded.
Rose made the cake. She did not care. She wanted cake, too. When she
was done, she left it on the table. When she came back to the kitchen, she
saw that Jake ate the whole plate of cake! He was in a bad state. His
tummy was hurting. He had to sit on the sofa and rest. He felt so bad.",One-syllable words with silent ‘e’: long ‘a’,34,Reading Universe,4,"digraph, blend, final_e, vowel_team, r_controlled, diphthong, multisyllabic","final-e words, consonant digraphs, multisyllabic words","consonant digraphs, consonant blends, final-e words, vowel teams, r-controlled vowels, multisyllabic words"
Living on the Farm,"The farm has a big red barn at the edge of the yard. Our family of six
lives there with many pets. We have a dog, two cats, seven pigs, and a
flock of ducks.
There is a lot for us to do! We start at six.
Carla has to watch the flock and give them pellets for lunch.
Mark has to wash the pigs. The pigs dig far into the mud. Yuck! They
are such a mess!
Art has to cut the fallen branches into small chunks. He has a big saw
to help with this job.
Mom spins yarn into hats and scarves.
The dog thinks his job is to be the family’s alarm. When anyone comes
into the yard, he barks a warning.
The cats catch any rats that are in the barn.
Dad fills up the car with items and goes to the farmers market. He
sells eggs, ham, hats, and scarves.
Living on the farm can be hard, but we all do our part.",One-syllable words with r-controlled vowels: ‘ar’,19,Reading Universe,6,"digraph, blend, final_e, vowel_team, r_controlled, l_controlled, diphthong, multisyllabic","r-controlled vowels, consonant digraphs, multisyllabic words","consonant digraphs, consonant blends, r-controlled vowels, l-controlled vowels, multisyllabic words"
Lunch at the Fish Shack,"Chet got a job at The Fish Shack.
Tish will go to The Fish Shack for lunch.
The dish list for lunch is small.
It has fish and chips, shellfish, and catfish subs.
Tish cannot have shellfish, so she got the catfish sub.
Chet got Tish a bag of chips and a mug of punch, as well.
Chet and Tish sat on a bench and had lunch.
Tish said, “Can I get a pinch of your fish?”
“Yes,” said Chet, “but, do you not like yours?”
“I like this sub a lot!” said Tish.
She had all of her lunch!
“I had so much that I am full!” said Tish. Yum!",Closed-syllable words with the digraph ‘ch’,15,Reading Universe,3,"digraph, blend, final_e, r_controlled, l_controlled, diphthong, multisyllabic","consonant digraphs, consonant blends, multisyllabic words","consonant digraphs, consonant blends, r-controlled vowels, l-controlled vowels, multisyllabic words"
Lunch at the Shack,"West and Axl went to lunch at The Shack. It’s a thatch hut
on the sand. They had to run fast to get there by lunch.
When they got there, they had to check the list of dishes to
see what to get. The kids got two cold milks, chips with salt,
and two hot dogs. The hot dogs were the best! At the end
of lunch, they got a pack of gum to chomp on and left the
hut.
On the way back, they went to jump and hop on the rocks!
It was a fun lunch trip!",Closed-syllable words with ending blends,9,Reading Universe,3,"digraph, blend, vowel_team, l_controlled, multisyllabic","consonant blends, consonant digraphs, vowel teams","consonant digraphs, consonant blends, vowel teams"
Mac the Cat,"Cal had a cat. Mac was the cat.
Mac had a bad mat. The mat had a sag.
Mac had a bad nap. Mac was a tad sad.
Cal had a pad. The pad had a bad tag.
Mac had a bad nap. Mac was mad.
Cal had a lap. Mac can nap on the lap!",Closed-syllable words with short ‘a’,12,Reading Universe,2,l_controlled,basic single-syllable words,basic single-syllable words
Mudge and the Fudge,"Bridge and Shep had a batch of hot fudge.
They sat it on the edge of the sill to set.
Mudge, the dog, is on a path by the ranch.
He gets a big whiff of the fudge! “Ruff! Ruff!”
He runs up the ridge and back to the ranch.
He has to get that fudge!
Bridge and Shep are in the den.
They see Mudge and let him in.
He runs to the fridge and nudges the latch.
It will not budge.
Then he sees the fudge on the sill. Ruff! Ruff!
Bridge tells him, “No, Mudge. No fudge for dogs.”
They hug him and pat his back.",Closed-syllable words with the trigraph ‘-dge’,18,Reading Universe,3,"digraph, blend, vowel_team, r_controlled, multisyllabic","consonant digraphs, consonant blends, vowel teams","consonant digraphs, consonant blends, vowel teams"
One Big Bath,"Seth has two dogs.
Thad is his big lab. Chip is a small pup.
Seth led them to a path to let them run.
The pup sees two moths, and he has to get them!
Then, Thad sees the pup run, and he has to get him.
Seth yells, “No, Chip! No, Thad!!”
That did not get them to quit.
The two dogs ran and fell in the thick mud.
Seth said, “That is it! You two are a mess!
You will get one BIG bath!”
The dogs got in the tub with lots of suds.
Seth said, “I wish you two did not go in the mud,
but I bet you had so much fun.”",Closed-syllable words with the digraph ‘th’,15,Reading Universe,3,"digraph, blend, vowel_team, l_controlled","consonant digraphs, consonant blends, vowel teams","consonant digraphs, consonant blends, vowel teams"
Pals on the Bus,"Ted, Rex, and Ned got on the big bus. Ted had a box of gum in his big bag. Yum! Rex had a hot dog in his red bag. Yum! Ned had no gum or hot dog in his bag. He was so sad. Ted and Rex are a pal to Ned. Ted set gum on his lap. Rex let him get a bit of his hot dog. Yes! Ned is not sad. Ted, Rex, and Ned had fun on the bus!",Closed-syllable words with all short vowels,13,Reading Universe,2,"blend, r_controlled, l_controlled",basic single-syllable words,basic single-syllable words
Pitch and Catch,"Mitch and I will go up the hill to pitch and catch.
The hill has a big patch of sod.
We get the bag with the thick mitt and ball in it.
We go up the hill and set the bags on the bench.
Mitch will pitch, and I will catch.
Pitch. Catch. Pitch. Catch.
We are such a match!
Then, Mitch has a quick pitch!
The ball gets by my mitt.
It rolls into a ditch. I run and fetch it.
“What a pitch, Mitch!”
It is fun to pitch and catch.",Closed-syllable words with the trigraph ‘-tch’,16,Reading Universe,3,"digraph, blend, vowel_team, l_controlled, multisyllabic",consonant digraphs,consonant digraphs
Planning a Trip,"Eve and Pete have been stuck at home for quite some time. They long to
be able to take plane rides or even mere drives in the car to see and do
fun things. They often say to their mom, “I want to be anywhere but here!”
While they have been at home, they have spent a lot of time on their
laptops. There are travel websites that have photos of the best spots to
visit. On these sites, they find out so much from skimming the comments
and the answers people give others. Eve and Pete take notes so they do
not forget anything.
Eve wishes to go to spots that are by the water. She wants to watch
sunsets from the white sand shores of Mexico. She wants to hike around
Crater Lake. The water looks so pretty there.
Pete has hopes to go see the Grand Canyon and some huge waterfalls. He
saw some sand dunes that people surf on, and it looked like fun. That is at
the top of his list!
When they are able, Eve and Pete will travel, and they have lots of spots
to pick from for their next trip.",One-syllable words with silent ‘e’,15,Reading Universe,6,"digraph, blend, final_e, vowel_team, r_controlled, l_controlled, diphthong, multisyllabic","multisyllabic words, consonant blends, consonant digraphs","consonant digraphs, consonant blends, final-e words, vowel teams, r-controlled vowels, diphthongs, multisyllabic words"
Ports and Harbors,"Ports and harbors are both spots on the water where ships and vessels
go to dock, but they are different.
Ports are for ships that transport cargo and travelers. At ports that
transport cargo, men and women are often busy doing hard labor. It is
common to see them running forklifts. The forklifts help transfer big
boxes from the ship. They stack those boxes in an orderly manner on the
dock.
At ports that transport travelers, there are big ships and small ships for
travelers. The travelers are often going on trips that you cannot get to
by land.
At a harbor, you will see both big and small vessels. Men and women
often park there to get off and have some fun. Some also park the
vessels there to protect them in the winter. On some docks in a harbor,
you can see kids fishing or fishermen unpacking the catch from the day.
Both ports and harbors are important to folks who do work or have fun
on the water.",Multisyllable words with r-controlled vowels: ‘or’ and ‘er’,13,Reading Universe,6,"digraph, blend, final_e, vowel_team, r_controlled, l_controlled, diphthong, multisyllabic","multisyllabic words, r-controlled vowels, consonant blends","consonant digraphs, consonant blends, vowel teams, r-controlled vowels, l-controlled vowels, diphthongs, multisyllabic words"
Rowdy on Broadway,"Rowdy is an actor. Actors do more than just perform. They have to learn
the script and study the topic to understand the outlook of the character
they will play. Rowdy was cast as the lead in a Broadway show about the
challenges of a rancher. This role was very different from his real life.
Rowdy had a lot to learn about life on a ranch.
In the play, the rancher discovers some bad news. His prized brown cow
fell down and was found hurt in the field.
The hurt cow is a big problem for the rancher because the yearly roundup
is only a few weeks away. A roundup is an event where livestock is
brought together to be bought and sold. An injured animal has a lower
value than a healthy animal, so it will sell for less money.
In his role as the rancher, Rowdy will need to act completely stressed out!
He has to figure out a way to get that prized cow feeling better! Most of
the play is about the silly ways the rancher tried to help the cow.
By the end of the play, though, the rancher found a way to help the cow
recover. They travel to the crowded roundup, and he sells the brown cow
for a good amount.
Rowdy learned so much from his role in the play. He now knew more
about the difference between country life and city life. It is almost like
being on two separate planets!",Diphthongs /ow/ and /ou/,19,Reading Universe,7,"digraph, blend, final_e, vowel_team, r_controlled, l_controlled, diphthong, multisyllabic","multisyllabic words, consonant blends, diphthongs","consonant digraphs, consonant blends, final-e words, vowel teams, r-controlled vowels, l-controlled vowels, diphthongs, multisyllabic words"
Running Partners,"Bertha and her sister, Nora, have been running partners for as long as
they both can remember. They run together every morning. They try to
never miss a day.
One day after their run, the girls were hungry and very thirsty. Bertha
and Nora had a number of spots over by the river that they went to
often for lunch. The Fresh Farmer is the one next to the park and is a bit
further, but it is the best.
The menu has yogurt, tarts, salads, sandwiches, and burgers. Everything
they have is superb. Bertha ordered first. She got a salad to help give
her some energy. Nora ordered a sandwich to help fill her up. They both
felt so much better afterwards.
They went over to sit on soft, pretty chairs on the deck. The girls
watched furry squirrels run under the deck. They were glad they were
not the ones running.","Multisyllable words with r-controlled vowels: ‘er’, ‘ir’, and ‘ur’",15,Reading Universe,6,"digraph, blend, vowel_team, r_controlled, l_controlled, multisyllabic","multisyllabic words, r-controlled vowels, consonant digraphs","consonant digraphs, consonant blends, vowel teams, r-controlled vowels, l-controlled vowels, multisyllabic words"
Running and Watching,"It is sunny, so Jimmy is going for a run. While he is running, he is watching to
see what all the folks are doing to have fun.
Jimmy sees a daddy sitting on a bench rocking his baby. The dad is humming a
song.
On a patch of sod, a kid is catching softballs with his mom.
Jimmy runs by a pond and there is a dog swimming. A man is yelling to him,
“Come back, Buddy!” Jimmy thinks the man is mad at his dog.
At the end of the pond, a duck is hidden in the brush. Jimmy cannot see it, but it
is quacking so much. He thinks the duck may be stuck, so he goes to help. The
duck is not stuck. He is just splashing in the muck.
On the way back, he sees a bunny hopping along a hedge of shrubs.
Two gals are sitting on a blanket in the sun. One of them is being silly and one is
grinning so big!
When Jimmy was done with his run, he was so glad for getting out in the sun.",Closed-syllable words with the suffix ‘-ing’,17,Reading Universe,6,"digraph, blend, final_e, vowel_team, r_controlled, l_controlled, diphthong, multisyllabic","consonant digraphs, multisyllabic words, consonant blends","consonant digraphs, consonant blends, vowel teams, l-controlled vowels, diphthongs, multisyllabic words"
Sack Lunches,"Chuck runs, catches, pitches, and hops on the lot.
His mom, Jen, sat on a bench so she could see him.
The sun was up, and it was so hot!
“Chuck, come for lunch!” said Jen.
Jen had sack lunches and boxes of punch for them.
The sack for Chuck had two hot dogs, chips, and a muffin.
In the sack for Jen was a ham sub and a bag of nuts.
She had dishes and mats to set the lunches on.
Chuck had some of the nuts. Jen had some of the muffins.
When lunch was done, Jen got kisses and a hug from Chuck.
Then he got up and ran back on the lot.",Closed-syllable words with the suffixes ‘-s’ and ‘-es’,13,Reading Universe,3,"digraph, blend, vowel_team, r_controlled, multisyllabic","consonant digraphs, multisyllabic words","consonant digraphs, multisyllabic words"
Seeking Nuts for Winter,"hear feet tree leave please between really move
Every fall the squirrels begin their work to prepare for winter. This means
that they are really busy gathering nuts. The squirrels scamper and chirp
as they run quickly from place to place.
Most squirrels hunt for nuts in at least three different places. They seek
them hanging from green tree branches, in the leaves, and near the
trunks. Squirrels can leap many feet which helps them move from tree to
tree.
The squirrels get nuts and hold them briefly inside both of their cheeks.
Then they move them to their nest. Squirrels keep the same storage spots
for years. The animals use old hollow parts of tree trunks as a hiding
place. Sometimes they will even steal from another squirrel – a squirrel thief!
If the squirrels have nuts to eat, they can go for a week between each
meal. This yield is key when it is freezing. They can sleep when it is too cold
to be awake and do not have to find things to eat. What a relief!
If you happen to locate a stash of nuts, please leave it alone. Don’t take
them! A squirrel depends on the nuts for survival.","Long ‘e’ vowel teams: ‘ee’, ‘ea’, ‘ey’, ‘ie’, and ‘i’",18,Reading Universe,7,"digraph, blend, final_e, vowel_team, r_controlled, l_controlled, diphthong, multisyllabic","vowel teams, consonant blends, multisyllabic words","consonant digraphs, consonant blends, final-e words, vowel teams, r-controlled vowels, l-controlled vowels, diphthongs, multisyllabic words"
Stormy the Horse,"This is Thorn’s story of the morning Stormy was born.
“The horse was going to be born in the grassy yard, but we had to switch
plans. There was a bad storm, so the horse had to be birthed in a stall. The
walls of the barn were shuddering in the strong winds. The horse was
standing in her stall and she was not doing well. She was frantic.
I was thinking I needed some support to help this horse relax. All of a
sudden, Jamar and Ford ran into the barn. They had a carpet for her to
rest on. We quickly swept the stall and washed out the dirt. We put the
carpet in the corner of her stall. Her comfort was very important to us all.
Then we all gathered next to the horse and offered her support until the
baby was born.
That baby was strong! When he got here, he got up so fast. We call him
Stormy. He is our baby horse that was born in a storm.” Thorn grinned.",Multisyllable words with r-controlled vowel: ‘or’,18,Reading Universe,6,"digraph, blend, vowel_team, r_controlled, l_controlled, diphthong, multisyllabic","r-controlled vowels, multisyllabic words, consonant blends","consonant digraphs, consonant blends, vowel teams, r-controlled vowels, l-controlled vowels, diphthongs, multisyllabic words"
The Apple Puzzle,"There was a puzzle on the little desk in the kitchen. The example on the front
of the box was of a bunch of apples. Omar wanted to put it together, but it
was not going to be simple.
Uncle Marco was there visiting. He did puzzles a lot. He offered Omar a tip on
how to tackle the puzzle.
“Start from the edges and work to the middle,” Uncle Marco said.
Omar’s father gave him a snack to nibble on, and then he and Uncle Marco
left to go into the den to talk.
Omar got started. There were one hundred parts in the puzzle. Omar got the
parts that formed the edge of the puzzle first. He stuck them all together.
The hard part was going to be the middle. That was where all the apples were,
and there was a lot of red! Omar had to inspect the example on the box a lot.
It was a struggle. He turned, twisted, and wiggled parts until they all finally
fit together.
Omar did the puzzle all by himself. He was so happy!",Two-syllable words with closed and consonant ‘-le’ syllables,19,Reading Universe,6,"digraph, blend, final_e, r_controlled, l_controlled, diphthong, multisyllabic","multisyllabic words, r-controlled vowels, consonant blends","consonant digraphs, consonant blends, r-controlled vowels, l-controlled vowels, diphthongs, multisyllabic words"
The Art Party in the Garden,"Martin is an artist. He has pretty canvases of all kinds of subjects, like
animals and harvested crops. Once a lady told him his shark canvas was
“simply perfect.” That made him very happy.
Martin’s buddy, Lara, is going to host an art party by the garden in the
park for him. She will also give the crops she has picked from the garden
to anyone who comes. Martin thinks this is going to be the best spot to
begin selling his art!
At the party, Lara will serve tarts with jam and cartons of milk. She had to
go to the market to get the items. Shopping was the part of planning that
was hard for Lara. She had to rush to stay on track, so she set her alarm.
She filled her shopping cart quickly with the stuff and went to the park.
The party was a hit. Martin sold thirty canvases and was asked to do
more. Lara told lots of folks about the garden and how to help with it.
It was a fun party!",Multisyllable words with r-controlled vowels: ‘ar’,16,Reading Universe,6,"digraph, blend, final_e, vowel_team, r_controlled, l_controlled, diphthong, multisyllabic","multisyllabic words, r-controlled vowels, consonant digraphs","consonant digraphs, consonant blends, final-e words, vowel teams, r-controlled vowels, l-controlled vowels, diphthongs, multisyllabic words"
The Band,"At the end of camp, a band comes. Some of the kids get to help set up. Grant and Fran got the task to set up the drums. They went to the truck and got all the stuff for the drumset. When they were done, they did not see the drumsticks. Did they drop them? No. They were on a shelf in the truck. Next, Grant and Fran got to help the staff that were there to film the band. With all the folks that had plans to be there, they had to set up on a tall box to get good shots. At last, the band was on! The kids got to sing, clap, snap, and stomp to the songs. The band was a blast!",Closed-syllable words with beginning and ending blends.,13,Reading Universe,3,"digraph, blend, vowel_team, r_controlled, l_controlled, multisyllabic","consonant blends, consonant digraphs, l-controlled vowels","consonant digraphs, consonant blends, l-controlled vowels"
The Bent Tent,"there where still
The tent at camp was bent by the wind.
There was a rip left in the top. The tent got wet.
Kent and Colt did not rest in the damp tent.
They went to ask for help.
Mom and Dad lent a hand.
“We will bend the top back. Next, we must mend where
there is a rip. Last, we will set the tent on two big mats,”
they said.
It was a fast fix.
Kent and Colt went back in with a jump.
“It’s not wet!” said the kids. At last, they got to rest.",Closed-syllable words with ending blends,14,Reading Universe,3,"digraph, blend, r_controlled","consonant blends, consonant digraphs","consonant digraphs, consonant blends"
The Big Job,"The hog and the fox had a big job to do.
The job was to mop!
The hog did a lot. The fox did not.
The fox sat on top of a box.
The hog was mad.
“Are you on the job, fox? I am hot.”
The hog quit.
The fox got the mop. The hog sat on a cot.
The fox and the hog got a nod for the job.",Closed-syllable words with short ‘o’,12,Reading Universe,2,"blend, vowel_team, r_controlled",basic single-syllable words,basic single-syllable words
The Bunk Bed,"Dad got a red bunk bed for the twins, Hank and Hilda.
“What do you think?” Dad said.
The twins had a big grin. They sang, “We got a bunk bed! We got a bunk
bed!”
“Well, which one do you want?” dad asks.
Hank said, “I want the one on top!”
He got on the rungs at the end of the bed to go up.
“There is something black on the rungs,” Hank said
Dad got a wet rag to wash it off.
Hank said, “Watch me go up the rungs!”
When he got to the top he said, “This bed is so tall!
I do not want this bunk.”
Hilda said, “I will get up there!”
Dad said, “Well, it is done then. Hilda will take the top!
“There is just one thing. No drinks in your bunks!”
“O.K. Thank you so much, Dad!”","Closed-syllable words with -ank, -ink, and -unk",22,Reading Universe,3,"digraph, blend, final_e, r_controlled, l_controlled, multisyllabic","consonant digraphs, consonant blends","consonant digraphs, consonant blends"
The Class Trip,"We went on a bus to a museum for a class trip.
They had an art exhibit where everything was made from cubes. One
artist made a life-sized animal of just cubes!
There was a play zone with a huge tube slide. We got to go down it. It
went very fast and had twenty curves. We landed in a big ball pit.
In the discovery zone, we saw a demo of how a fuse works. A fuse
protects the things that are plugged in at our home. It stops electricity
that is too hot by melting the line before it comes into our home. The
fumes from the melting line smelled so bad.
We also got to see pure stones. Miss Jules told us how pure stones were
different from other stones. We got to take a stone home with us.
The last zone was the animal zone. We got to touch a mule. It was so cute!
They told us that mules are a mix of a donkey and a horse. They are hard
workers and live a long time!
We almost missed our bus because we were having so much fun.",One-syllable words with silent ‘e’: long ‘u’,20,Reading Universe,4,"digraph, blend, final_e, vowel_team, r_controlled, l_controlled, diphthong, multisyllabic","consonant blends, multisyllabic words, final-e words","consonant digraphs, consonant blends, final-e words, vowel teams, r-controlled vowels, l-controlled vowels, diphthongs, multisyllabic words"
The Extreme Race,"Petra is an athlete. She has a track race coming up. People from
many different states will compete.
It is a long race and will be very hard. She has to run up an extreme
incline. If she makes a mistake and stumbles, Petra won’t get to the
top first.
She is lucky. She will not be alone. Her sister Serene will be there to watch
her run. She is her good luck charm. Whenever Serene comes to watch
Petra race, she wins!
In order to do well, Petra runs every morning. It is useful for her to carry
a watch to time herself. Petra likes to see if she can run a little bit faster
and shave off some seconds every day.
Petra is hopeful that she will come in first. Even if she doesn’t win though,
Petra knows she has done everything possible to do her best. She is
prepared to compete!",One-syllable and multisyllable words with silent ‘e’,17,Reading Universe,6,"digraph, blend, final_e, vowel_team, r_controlled, l_controlled, diphthong, multisyllabic","multisyllabic words, consonant digraphs, r-controlled vowels","consonant digraphs, consonant blends, final-e words, vowel teams, r-controlled vowels, multisyllabic words"
The Field Trip to the Zoo,"Summer break was almost here, and the school had planned an
end-of-year trip for the students. Hugo’s first grade class was on their
way to the zoo. The students were ecstatic!
It was a cool June morning at the zoo, and very few people had arrived,
yet. Soon the zoo would be full of visitors. The class entered through the
gates bursting with energy.
Lulu the monkey was in the trees with her troop. The zoo keeper had just
dropped off food. They had fresh fruit for breakfast. Lulu was chewing on
a mango. She was slinging mango juice everywhere!
In the garden, the plants were covered in dew, making them sparkle. The
plants had not been pruned back, so they were covered in colorful
blooms, too! Hugo’s favorite was the Lily of the Nile. Its petals were a
pretty bright blue.
A group of pink flamingos were standing in the pond. It was filled with
troupes of shrimp. The flamingos wade through the water to find their meal.
After the flamingos, the students wandered through the tiger’s den. They
saw the elephants bathing themselves with mud. They got to feed the
giraffes! It was interesting to learn about all of these animals.
Then it was time to go.
The kids groaned, “No. Not yet. Please can we stay longer?”
Their teacher said, “Sorry, crew. It’s time to load up on the bus.”
The class had a great time on their zoo field trip. They couldn’t wait to go back.","Vowel teams ‘oo’, ‘ew’, ‘ue’, and ‘ou’",30,Reading Universe,7,"digraph, blend, final_e, vowel_team, r_controlled, l_controlled, diphthong, multisyllabic","multisyllabic words, consonant blends, vowel teams","consonant digraphs, consonant blends, final-e words, vowel teams, r-controlled vowels, l-controlled vowels, diphthongs, multisyllabic words"
The Forts,"Arno and Bart want to set up forts on the porch.
Arno picks the spot by the chairs. Bart gets thick pads, thin tarps, soft
blankets, and quilts.
It is a big project. They hang a string across one end of the porch. They
stretch quilts across the string. They set boxes of Dad’s corn on the
corners to prevent the quilts from falling or flying away.
When the kids finish with the fort, they honk a horn. Bart yells, “Who
wants to come and see our fort?”
The family all come to the porch. They study its form. Bart and Arno
have some skill!
When they finish with the fort, they jump on it. It crashes! The fort gets
torn up and smashed. Bart and Arno grin and start to think of what fort
to set up next. Will it be tall or short? Where will the next one be? We
will see!",One-syllable words with r-controlled vowels: ‘or’,19,Reading Universe,6,"digraph, blend, vowel_team, r_controlled, l_controlled, diphthong, multisyllabic","r-controlled vowels, consonant blends, consonant digraphs","consonant digraphs, consonant blends, vowel teams, r-controlled vowels, l-controlled vowels, multisyllabic words"
The Fun Gig,"Jen was up for a fun gig in the sun.
Gus and I got to the gig.
Jen ran to the hut. She got a wig for me.
She got a big top hat for Gus.
Gus did a hop. I did a dip, and Jen did a jig.
Jen can cut a rug and be a nut!
Jen had a hug for us. She is a fun bud.
We had to run, but the gig was a big hit!",Closed-syllable words with short ‘u’,11,Reading Universe,2,"digraph, blend, r_controlled",basic single-syllable words,basic single-syllable words
The Fun Run,"“The Fun Run” is when the kids at the lodge all pick a job to do for a
pal. Then they all run to do them together.
“We will get the thick moss off of the rocks on the path so no one
falls,” said Beth.
“We will whip up a batch of fudge for Josh and Whit. They are so
sad,” said Chet.
“We will check in on Ms. Bush and cut and edge her sod,” said Tess.
“She is sick.”
“We will go and yell for Jen at her match,” they said.
The kids ran to do the jobs. It is so much fun to help a pal.",Closed-syllable words with digraphs and trigraph,11,Reading Universe,3,"digraph, blend, r_controlled, l_controlled, multisyllabic","consonant digraphs, r-controlled vowels, l-controlled vowels","consonant digraphs, consonant blends, r-controlled vowels, l-controlled vowels"
The Homesick Pilot,"Collins was homesick. She missed her entire family and felt alone when
she was gone for work. She was a pilot and liked to fly, but she did not like
the hotel life. She was most alive when she was at home with her husband
and their children.
Collins sat inside the cockpit. The plane was flying north to the state of
Montana, where she lived. The expected time for the plane to arrive in
Bozeman was just after sunrise. They would land on time! She liked it
when she could see the alpine forests. She was close to home then!
The plane landed. Collins completed her checklist and grabbed her bags.
Despite being tired from nine days of travel combined with the six-hour
trip she just made, she still dashed from the plane and down the terminal.
She was polite as she stepped aside for people and zigzagged toward the exit.
The plan was that, if she was quick, she could get home before the
children got on the bus.
What she did not know was that her family had come to surprise her.
When Collins stepped outside to catch a ride share, she saw her whole
little family standing on the curb. Her children ran and gave her a long
hug. “We missed you, Mommy!” they yelled with excitement.
Thank goodness she was back on land and with her favorite people.",Multisyllable words with silent ‘e’: long ‘i’,21,Reading Universe,8,"digraph, blend, final_e, vowel_team, r_controlled, l_controlled, diphthong, multisyllabic","multisyllabic words, consonant digraphs, final-e words","consonant digraphs, consonant blends, final-e words, vowel teams, r-controlled vowels, l-controlled vowels, diphthongs, multisyllabic words"
The Hot Pot,"Dal is a kid. Min is his mom.
Min has a big, tin pot.
Ham, a yam, and a fig are in the pot.
Dal has the job to mix and mix and mix.
The pot is hot!
Are you hot, Dal?
Dal was hot!
Min has a lid for the pot.
Min fit the lid on top of the pot.
The pot is hot. Dal is not!",Closed-syllable words with short ‘o’,12,Reading Universe,2,"blend, r_controlled, l_controlled",basic single-syllable words,basic single-syllable words
The Insect Mascot,"Robin and Patrick are on the hunt to find an insect that is
common and has six legs. It also has to walk, not fly. This insect
will be the mascot for a class project. When they find it, they will also
sketch it.
Robin and Patrick go on a walk. They get next to bugs on stalks
of grass and on the stems of plants. They get on top of rocks to
see the insects. It is fun to see all kinds of bugs, but they must
finish by sunset.
Patrick said, “Can we talk and see if this black bug has all of the
things on our checklist? I think it is a stink bug. It can be the
mascot. It was at all of the spots we went to on our walk.”
“Yes,” said Robin. “It has six legs. It walks and does not fly. It is
common to us. It will be the mascot. Sketch it!”",Two-syllable words with the closed-syllable spelling pattern,18,Reading Universe,6,"digraph, blend, vowel_team, r_controlled, l_controlled, multisyllabic","consonant blends, multisyllabic words, consonant digraphs","consonant digraphs, consonant blends, l-controlled vowels, multisyllabic words"
The Jigsaw Puzzle,"Since it was August, Saul had not started back to school, yet, and he
spent his days with his dad at home. Every morning when mommy left for
work, Saul and his dad, Paul, had a routine. Dad would wake up Saul and
tell him to come say goodbye to mommy. Saul did not dawdle. He jumped
up, grabbed his dinosaur, and ran to the front door. They walked together
to the front lawn and waved as she pulled away from the driveway. They
watched until her shiny red auto turned off their street.
Every day, Saul would feel sad when his mom left. He liked when they
were all home together.
Dad knew how awful Saul felt about his mom leaving. He tried to distract
him with fun things to do.
“Do you want to draw something?” Dad asked.
Saul said, “No, Daddy, I don’t want to.”
“Would you like to play on the seesaw?” Dad asked.
“No, not really,” said Saul.
“Why don’t we do a jigsaw puzzle?” said Dad.
Saul smiled. He liked puzzles. “Yes! Let’s do a puzzle.”
Saul and Dad worked on the puzzle together. He forgot he was upset and
had fun with his father.",Vowel teams ‘aw’ and ‘au’,25,Reading Universe,7,"digraph, blend, final_e, vowel_team, r_controlled, l_controlled, diphthong, multisyllabic","multisyllabic words, diphthongs, consonant blends","consonant digraphs, consonant blends, final-e words, vowel teams, r-controlled vowels, l-controlled vowels, diphthongs, multisyllabic words"
The Junk Shop,"Magnus and Elsa went for a walk to find a gift for Grandad.
“There is a junk shop,” said Elsa. “There are all kinds of things in that
shop.”
They had a hunch that this was the spot to find something for him.
On one wall, there were things like a hubcap, a softball bat, and a plastic
chicken. In a box, there were lipsticks and lockets. In a closet, there were
jackets, a helmet, and a Turkish rug. Grandad did not want this stuff! The
children began to think this was a bad spot to find a gift until they saw
the albums!
Up on a shelf, there were a bunch of albums in a bin. Grandad was in a
rock band for a bit!
“We cannot get him two albums,” said Magnus. “We must find one we
think he will want.”
In the end, Magnus and Elsa got an album called “Fast on the Runway.”
“It will be the best gift,” Magnus said.",Two-syllable words with the closed-syllable spelling pattern,15,Reading Universe,6,"digraph, blend, final_e, vowel_team, r_controlled, l_controlled, diphthong, multisyllabic","multisyllabic words, consonant blends, consonant digraphs","consonant digraphs, consonant blends, r-controlled vowels, l-controlled vowels, multisyllabic words"
The Lambert Family Dinner,"The Lamberts had been planning a big dinner for over a month. They will
have a big dinner, and all of their extended family members are coming.
Everyone had jobs to do before six o’clock when the gathering began.
Blanche and Arthur set the long maple table with utensils, napkins,
glasses, and candles. They got out the gravy dish and ladle and set it in
the middle of the table.
Mannon was in the kitchen. He was fixing a sample platter with a French
dish — ham, butter, and pickle sandwiches. He had extra pickles, so he
turned them into a dip. Yum! He started the kettle of water to fix a tasty
drink they would serve.
Odet got the cradle from the attic for Uncle Simon’s baby girl to nap in.
Margo hung twinkle lights on the porch where the dinner would be held.
Zoe was strong. She was able to cut the logs that they will burn later.
The dinner was super! After they were done, they sat around the burning
logs and told one thing they were thankful for.",Two-syllable words with open and consonant ‘-le’ syllables,16,Reading Universe,6,"digraph, blend, final_e, vowel_team, r_controlled, l_controlled, diphthong, multisyllabic","multisyllabic words, r-controlled vowels, consonant digraphs","consonant digraphs, consonant blends, final-e words, vowel teams, r-controlled vowels, diphthongs, multisyllabic words"
The Lost Raft,"Brent’s raft is not in the shed. It is lost.
“Gram, can you tell me where my raft is?” said Brent.
Gram said, ""No, bud. Go ask your mom and dad.”
“Mom! Dad! Can you help me? My raft is lost,” said Brent.
Mom said, “Is your raft still in the tub from when you were in the
bath? Did you stick it in the black bins out back? Is it in the grass by
the shed?”
Brent went to see. It was not there. Brent felt sad.
Dad said, “Did you check the loft? You went up there with the kids.”
He went to check the loft.
There it was! He was so glad!",Closed-syllable words with beginning and ending blends,21,Reading Universe,3,"digraph, blend, vowel_team, diphthong","consonant blends, consonant digraphs","consonant digraphs, consonant blends"
The Man with the Velvet Hat,"Bennett came to model tricks for the kids. He had on a black velvet hat
and a red jacket. He had a box with lots of things in it to do his tricks.
“Do you think this baby rabbit can vanish?” said Bennett.
All the kids said, “No!
The baby rabbit went into the velvet hat.
Bennett said, “Kazam!”
All of a sudden, there was no rabbit. The hat was empty! Across from
Bennett, there was a basket. The rabbit was in it!
For the second trick, Bennett held up a big red box for the kids to see.
He said to the kids, “There is nothing in this box, you see. It is empty.”
The kids said, “Yes!”
Bennett put the lid on the box.
He said, “I will snap; and on my second snap, you all yell ‘Kazam!’”
Snap! Snap!
All of the kids said, “Kazam!”
Then Bennett got the lid off the box. In the box, there were seven long,
thick ribbons. We did not expect that!
Bennett did twenty tricks! There were lots of claps from all of the children.",Two-syllable words with schwa,26,Reading Universe,3,"digraph, blend, final_e, vowel_team, r_controlled, l_controlled, multisyllabic","multisyllabic words, consonant digraphs, consonant blends","consonant digraphs, consonant blends, multisyllabic words"
The Math Problem,"+ =
Dane was doing his math homework at the table while he ate some
grapes. He hates math, and word problems are very hard for him. He was
frustrated because he had all these mistakes, but he did not know why.
Dane yelled, “This is so hard. I want to quit and escape to somewhere that
has no math problems.”
His sister Katelin likes math. She came to help.
“Dane,” she said. “You are irate, and it is not helping. Inhale for three
seconds, and then exhale for three seconds. You need to get rid of all this
anger. You can solve this problem. You are smart!”
Dane did it. He could feel his body deflate.
“Now, erase your answer, and let’s do it together,” Katelin said.
The problem says, “The bakery had eight pancakes and four cupcakes in
the case. How many items are in the case?”
“We can use these grapes to help you answer the problem,” Katelin said. “Get
eight grapes from your plate for the number of pancakes in the case. Now, get four
more grapes for the number of cupcakes. How many total grapes do you have?”
Dane said, “Twelve.”
“That’s correct! You will be amazed at how well you can do math if you use
objects to help translate what the problem is asking,” said Katelin.
Dane smiled and embraced her.",Multisyllable words with silent ‘e’: long ‘a’,26,Reading Universe,7,"digraph, blend, final_e, vowel_team, r_controlled, l_controlled, diphthong, multisyllabic","multisyllabic words, consonant blends, r-controlled vowels","consonant digraphs, consonant blends, final-e words, vowel teams, r-controlled vowels, l-controlled vowels, diphthongs, multisyllabic words"
The Odd Plant,"Jeff had a job tending to plants. One day, he was checking on a small red one that was planted in a big black pot. The pot was sitting on a bench. Jeff went to pick up the pot, and the plant talked to him! Jeff was in shock. It was odd for a plant to talk! The red plant said, “Why am I all by myself? It bugs me. I wish to get off this bench and be set in the sun.” Jeff said, “I can set you next to the cactus or the shrub. Which one is best?” The plant said, “Stick me by the cactus. It is getting the best sun. That will help me get big. I am very small.” Jeff sat the odd red plant with the cactus. It is now getting tall, has big red blossoms, and is glad to be in the sun.",closed-syllable words with beginning and ending blends,17,Reading Universe,3,"digraph, blend, vowel_team, r_controlled, l_controlled, diphthong, multisyllabic","consonant blends, consonant digraphs, multisyllabic words","consonant digraphs, consonant blends, r-controlled vowels, l-controlled vowels, multisyllabic words"
The Paper Jet,"Grandma was sitting at her desk working hard on a plan for her job. Tao
and Drago were on the porch working on a paper jet that had a letter
inside for her. When they were done, they sent the paper jet flying over
her desk. It landed in her lap.
“What in the world are you two doing?” asked Grandma.
“Drago and I sent you a letter. Open it up. It has a secret in it,” said Tao.
Grandma opened up the letter. It said, “You are our hero! We are thankful
for all you do for us.”
Grandma grinned and said, “Thanks, Tao and Drago. This is the best secret!”
Tao and Drago blushed.
“I also saw that all the words are spelled correctly. You had no errors. You
even had correct grammar,” said Grandma.
She grabbed the children and gave them a big hug.
“Can I request a second paper jet?” she asked.
Tao and Drago said, “Yes! We will begin a second one later on.”",Multisyllable words with open syllables,23,Reading Universe,6,"digraph, blend, final_e, vowel_team, r_controlled, l_controlled, diphthong, multisyllabic","multisyllabic words, consonant blends, r-controlled vowels","consonant digraphs, consonant blends, final-e words, r-controlled vowels, l-controlled vowels, diphthongs, multisyllabic words"
The Pen Pal Project,"When I was in the third grade, Miss Smith gave me and the other kids in my
class a small, square-shaped box. Inside, there was the name of a person, a
note, nine white cards to write letters on, and a roll of tape.
Miss Smith told us that our new pen pal was the person whose name was in
our box. They were from another state. We could not trade pen pals with our
friends. The one that came in the box was the one we would get to know.
She gave us some rules.
You should not give your home address to your pen pal. That is not safe.
You cannot send any photos of people.
You can tape photos of spots you like to visit or art if you would like.
You have to use the rules of English as you write your letters. This will
help you develop your craft.
Miss Smith let us skim our notes and share things our pen pal wrote.
One student wrote about the skate ramps in the park. Another told a story
about how he had to slide into home base to win the big game. My pen pal,
Etta, rode her bike across two states.
I have never forgotten this project. Etta and I are still pen pals today.",One-syllable words with silent ‘e’,23,Reading Universe,6,"digraph, blend, final_e, vowel_team, r_controlled, l_controlled, diphthong, multisyllabic","final-e words, multisyllabic words, consonant blends","consonant digraphs, consonant blends, final-e words, vowel teams, r-controlled vowels, l-controlled vowels, diphthongs, multisyllabic words"
The Pen,"Jed let Meg be his pet hen.
Jed has a well lit pen for Meg. Meg can hop and run in the sun.
Jed has a bed in the pen for Meg. The bed is so big!
Meg can be fed in the pen.
“Go to the pen, Meg.”
Jed set a yam in a pan.
Meg can get it. YUM!
Meg can rub on the leg of Jed.
Jed can pet and hug Meg.
She can get on his lap.
Meg has a rad setup!",Closed-syllable words with short ‘e’,14,Reading Universe,2,"digraph, blend, r_controlled, multisyllabic",basic single-syllable words,basic single-syllable words
The Posh Ship,"Tish has a job. She cuts sod.
She gets cash for her job.
She sees a posh ship.
Tish has a wish to go on the ship!
The ship has fish as a dish.
She gets the fish. Yum!
The ship has a shell shop.
In the shop, Tish sees a red shell on the wall.
It is so big! Tish has to get it.
Tish still has her cash, so she gets the big shell.
The posh ship is so hip!",Closed-syllable words with the digraph ‘sh’,14,Reading Universe,3,"digraph, blend, vowel_team, r_controlled, l_controlled","consonant digraphs, r-controlled vowels","consonant digraphs, r-controlled vowels"
The Red Hen,"Jed, the vet, met Meg at the dam.
Meg was a red hen. The hen had a leg in a net.
The leg was so red! It was bad.
Jed was sad for Meg.
Meg let Jed rub and fix the leg.
“Can I get up to hop and run?”
“No, not yet, Meg.”
The leg is set, but she can not get up.
Meg has to go to bed for a bit.",Phonics Focus: Closed-syllable words with short ‘e’,11,Reading Universe,2,"digraph, blend, r_controlled",basic single-syllable words,basic single-syllable words
The Red Robin Rocket,"Bridget had a class project. She had to get a rocket to fly. She called her rocket
the Red Robin.
Bridget was happy to get to model her project for the public. Seven of the kids
from her class were sitting on soft blankets in the grass. The moms and dads sat
in the back. They were all there to watch.
She set up the Red Robin and lit the string. But there was a problem. The rocket
did not go up. Bridget was frantic! She did not expect that to happen!
She went to check the rocket. The string on the rocket was wet!
“That has to be the problem,” she said.
Bridget got a fresh packet of string from her bag and put it on the Red Robin.
She set it up for a second attempt. Then she lit the string.
10-9-8-7-6-5-4-3-2-1! Blast off!
The rocket went up!",Two-syllable words with schwa,21,Reading Universe,3,"digraph, blend, r_controlled, l_controlled, multisyllabic","multisyllabic words, consonant blends, consonant digraphs","consonant digraphs, consonant blends, r-controlled vowels, l-controlled vowels, multisyllabic words"
The Safety Rangers,"The school had helpers to take care of the students. The Safety Rangers were in
charge of rules on the blacktop. They had a huge gang of kids who watched for
danger during recess. There was an entire page of Safety Ranger names.
The Rangers were all different ages. They wore a vest with red edges and a star.
They had tickets in their large pockets. The tickets were for prizes.
If a first grader ran up the slide, they made him walk down and try again. If a
second grader was picking up the ball in four square, she had to exit the game.
If a fifth grader didn’t place his ball back in the cage after the whistle, he was
asked to do so.
The Safety Rangers handed prize tickets to kids who were being safe. The
Rangers wanted to help their school!",Multisyllable words with hard and soft ‘g’,13,Reading Universe,6,"digraph, blend, final_e, r_controlled, l_controlled, diphthong, multisyllabic","multisyllabic words, r-controlled vowels, consonant digraphs","consonant digraphs, consonant blends, final-e words, r-controlled vowels, l-controlled vowels, diphthongs, multisyllabic words"
The Sibling Squabble,"Owen and Koby were home alone while their dad was shopping at the store. He
went for items he would use to make dinner and would be back shortly.
Owen and Koby got into a squabble over the remote control. Koby wanted to watch
an episode of Planet Earth. Owen proposed they watch a program on antelopes.
Koby was so mad he could explode.
“I am going to call Dad,” whined Koby.
Owen warned, “Dad will be upset if you call him. He said he would be back shortly.”
Koby did not listen. He called his dad’s telephone.
When Dad answered, he was scared something happened. When he learned it
was over the remote, he was not happy.
“I just left,” he said. “Can you two solve this problem by yourself? Pick something
that will work for you both or I suppose the TV will be off limits.”
Koby said, “If we do not learn to get along, Dad said he will take the TV from us.
I will just go do my homework while you watch your program. Then when it’s over,
it’s my turn. What do you think?”
“Yes. I like that plan,” said Owen.
He jumped on the sofa and clicked the channel with the remote. Owen said to
himself, “Hello, antelopes!”",Multisyllable words with silent ‘e’: long ‘o’,24,Reading Universe,8,"digraph, blend, final_e, vowel_team, r_controlled, l_controlled, diphthong, multisyllabic","multisyllabic words, consonant digraphs, r-controlled vowels","consonant digraphs, consonant blends, final-e words, vowel teams, r-controlled vowels, l-controlled vowels, diphthongs, multisyllabic words"
The Soft Doll,"Kriss and Dad went to the doll shop. The dolls Kriss felt were all stiff. Plus, they cost so much! She did not get one. Kriss had a hunch. “I bet I can stitch a soft doll with felt and stuff it for less,” she said. Dad led Kriss to the next shop. Kriss went to the tall stacks of bins. She got some tan felt. Next, she got patches of cloth for the pants and shirt. When they were done at the shop, they went back and Kriss went up to her loft to stitch her doll. When she was done, it was so soft! She said to Dad, “This is the best doll of all!” She just kept clutching it.",Closed-syllable words with all short vowels,14,Reading Universe,3,"digraph, blend, r_controlled, l_controlled, multisyllabic","consonant blends, consonant digraphs, r-controlled vowels","consonant digraphs, consonant blends, r-controlled vowels, l-controlled vowels"
The Stampede,"It was an extremely hot evening. Jolene is an athlete, and her game
ended late. She was driving home hot and tired. She just wanted to go to
bed. All of a sudden, she had to stop. There were buffalo everywhere!
A stampede thundered on the pavement around her small car. The herd
was in a frantic run. Her little vehicle rattled and jiggled along with the
concrete under her. She felt like the size of a centipede compared to the
size of these massive buffalo!
The animals rushed by. Something must have startled them and made
them run. She could only see a sphere-shaped object to her left, but she
could not see what it was. It was so dark!
Jolene was a little scared. The buffalo merely had to brush the side and
the car would rock. They could crush her car! She had a string of things
going through her mind: “Am I safe here in my car? Should I try to drive?
I can’t think of who I can call to help! I don’t understand what is going on!”
Moments later, the dust began to settle. The last of the buffalo passed by
her. She had never felt like this in all of her life. How and why did that
happen? She would have this scene stuck in her mind forever. Jolene
would never forget the stampede.",Multisyllable words with silent ‘e’: long ‘e’,27,Reading Universe,8,"digraph, blend, final_e, vowel_team, r_controlled, l_controlled, diphthong, multisyllabic","multisyllabic words, consonant blends, consonant digraphs","consonant digraphs, consonant blends, final-e words, r-controlled vowels, l-controlled vowels, diphthongs, multisyllabic words"
The Swing,"Jill went to Nick’s with a big box in her hands. When she got there, Jill
rang the bell. It sang, “Ding! Dong!” Nick let Jill in.
“What is that in the box?” said Nick.
“I want Demp to get to have fun on this swing. It was such a fun thing,
but it is too small for us,” said Jill.
“Demp! Come see what Jill has for you!”
Demp ran to see.
“It’s a big black swing,” he said! He had a big hug for Jill.
Nick said, “What branch do you think I should hang it from?”
“The tall thick one,” Demp said.
Nick hung the swing. Demp ran and got up on it. It was long and swung so
well.
“Watch me,” Demp said! He was one glad kid.","Closed-syllable words with consonant ending blends -ang, -ing, -ong, and -ung",21,Reading Universe,3,"digraph, blend, vowel_team, r_controlled, l_controlled","consonant digraphs, consonant blends, r-controlled vowels","consonant digraphs, consonant blends, vowel teams, r-controlled vowels, l-controlled vowels"
The Tennis Match,"Destiny had a tennis match in Wisconsin. They were going to travel there
by bus.
She expected her family to come to her tennis match, but she was
astonished to see so many of her pals. They wanted to see her win the
match, and she wanted them to see her do her best!
Destiny had on her lucky socks and had her best racket. She was
pumped up!
At the beginning of the match, she was winning by two. Then she was
distracted by two animals that were yapping in the stands! She slipped
and fell.
Destiny got up and began, but she was finding it difficult to get her mind
back in the match. She missed some shots, and it was not going well.
Destiny wanted to finish strong! The last seconds of the match were
stressful! She did not have any moment to rest. She ended up hitting a
fantastic backhand shot. Her opponent hit it back to her, and Destiny
slammed the ball! Destiny ended up being the champ!",Three-syllable words with short vowels and schwa,17,Reading Universe,8,"digraph, blend, vowel_team, r_controlled, l_controlled, diphthong, multisyllabic","multisyllabic words, consonant digraphs, consonant blends","consonant digraphs, consonant blends, l-controlled vowels, multisyllabic words"
The Wish,"Ash and her pal Shad are at the mall.
The kids see a tall ship in a shop.
Ash said to Shad, “I wish to get this ship.
Its bell is big, and the ship has a red fish on it!”
Ash has to go get cash for the ship.
Ash and Shad get the cash and rush back to the shop.
The ship is not on the wall!
No! The ship is her big wish! She is so sad.
The man in the shop said, “The ship is in a box in the hall.”
Ash and Shad run to the hall to get the ship.
She got her wish!",Closed-syllable words with the digraph ‘sh’,13,Reading Universe,3,"digraph, blend, vowel_team, r_controlled, l_controlled","consonant digraphs, l-controlled vowels, r-controlled vowels","consonant digraphs, r-controlled vowels, l-controlled vowels"
The Yellow Boat,"cold laugh old
Brothers Moe and Ozzy had gone on a boat ride the other day. They left the boat
in the water below the dock. Now there was a forecast of an incoming snowstorm.
The boys went to the dock. The life jackets they had left were still soaked. Moe
said he would go and hang the jackets up to dry. He groaned when he picked
them up. They were quite a load!
Ozzy grabbed the oars and followed him up to the shed. He put the oars below
the window. Then they strode back to the boat.
Now they had to get the old boat onto the shore. Moe and Ozzy tugged hard on
the boat. No luck. They dug their toes into the cold sand and pulled again. It still
didn’t budge an inch!
Moe asked Ozzy, “Can we do this on our own?”
Ozzy said, “Yes! We are big and strong! We are just tired. We can do this.”
The brothers had a quick rest, and then they used all of their strength. They got
the boat onto the shore!
Afterwards, they were thirsty and hungry. They went home for a soda and pizza.
Dad had made homemade dough! They were so proud of themselves. They had
a big laugh retelling the story to their mom and dad.","Long ‘o’ vowel teams: ‘ow’, ‘oa’, and ‘oe’",28,Reading Universe,6,"digraph, blend, final_e, vowel_team, r_controlled, l_controlled, diphthong, multisyllabic","consonant blends, multisyllabic words, consonant digraphs","consonant digraphs, consonant blends, final-e words, vowel teams, r-controlled vowels, diphthongs, multisyllabic words"
Troy’s Pink Pig,"Floyd and Joy lived next door to Troy and his mom for years. They felt like
grandparents to Troy.
Troy’s mom planned a voyage to Mexico. She would be gone for five days.
Troy would stay with Floyd and Joy.
Every day leading up to the trip, Troy told his mom how much he was
going to miss her. To help with that, Troy’s mom gave him a new toy for
him to cuddle when he slept. It was a soft pink pig. When the nose of the
pig was squeezed, it made an oinking noise.
On the day of the trip, Troy went to stay with Floyd and Joy. One day
while napping, Troy dropped his pig on the floor. Floyd picked it up and
put it on the top shelf of the bookcase. Troy woke from his nap and was
looking for his new pig. He saw it on the shelf next to his picture books.
“Joy! I need you,” Troy called with his groggy voice.
“What’s going on Troy?” said Joy.
Troy pointed up and told Joy that he really needed his pig. She grabbed it
by the nose and handed it to him. The pig oinked.
Troy told Joy, “Don’t tell Mom this. I’m really glad she gave me a stuffed
animal, but did it have to be a pig? That oinking noise is annoying.”
Joy laughed so hard. Troy hugged his pig, and Joy hugged Troy. They
were both careful not to squeeze the nose.",Diphthongs ‘oi’ and ‘oy’,27,Reading Universe,8,"digraph, blend, final_e, vowel_team, r_controlled, l_controlled, diphthong, multisyllabic","consonant blends, diphthongs, consonant digraphs","consonant digraphs, consonant blends, final-e words, vowel teams, r-controlled vowels, l-controlled vowels, diphthongs, multisyllabic words"
Twins,"My name is Jude. My twin brother’s name is Duke. People tell us all the
time that we are just alike. This makes us grumpy.
We do have some things in common. We look alike. We prefer chicken
nuggets and grapes for lunch all the time. We both like card games. On
trips to see our grandma in Utah, we like to surf on sand dunes in a state
park. We were born in June, so people call us the “June Twins” to tell us
apart from other twins in our class. We both hate that! We think it’s very rude.
We like different things. I am in the band and play the flute. I like all kinds
of tunes. I am also into arts and crafts and like to spend time by myself.
Duke is more of a people person. He likes to be with our pals in the big
fort under the spruce tree in our yard. Duke likes soccer and other sports.
Every now and then, Duke and I get into battles. When we do, our rule is
that we have to end with a truce.
We are twins, but we are very different dudes!",One-syllable words with silent ‘e’: long ‘u’,22,Reading Universe,6,"digraph, blend, final_e, vowel_team, r_controlled, l_controlled, diphthong, multisyllabic","consonant blends, multisyllabic words, final-e words","consonant digraphs, consonant blends, final-e words, vowel teams, r-controlled vowels, l-controlled vowels, multisyllabic words"
Val and the Rat,"Val had a bag and a hat.
The bag had jam, ham, and a yam.
Val had the jam, ham, and yam.
Val ran to the mat to nap.
Nan is a rat. The rat had to nap.
Nan ran to the mat.
Val is on the mat!
Nan had to nap in the hat!",Closed-syllable words with short ‘a’,9,Reading Universe,2,"blend, l_controlled",basic single-syllable words,basic single-syllable words
Watching the Buffalo and Elk,"At dusk one evening, my family went to a vast grassy spot to watch the
animals that go there for dinner. The sun was just beginning to set. This
was the perfect moment to see the animals.
The buffalo were walking in the grass. They had shaggy thick fur, big
chests, short legs, and tall horns. They stopped often to get big clumps of
grass and to drink water from the river.
My mother whispered to my brothers and me, “Be silent. The animals are
shy. They will relax if we are quiet. They will not run from us if we respect
them.”
Just then, another herd of animals came to the river. What luck! They had
thick fur, tall antlers, but long legs. The herd of elk were just as pretty as
photos I saw on my computer.
My family sat silently and watched the herds until it was dark. Then the
buffalo and elk walked beside the river, far beyond the trees and brush, to
find a spot to nap.",Multisyllable words with open syllables,16,Reading Universe,8,"digraph, blend, final_e, vowel_team, r_controlled, l_controlled, diphthong, multisyllabic","multisyllabic words, consonant blends, consonant digraphs","consonant digraphs, consonant blends, final-e words, vowel teams, r-controlled vowels, l-controlled vowels, multisyllabic words"
Watching the Frog,"Elly and Chad are watching this big, green frog at the pond.
He called to the kids, “Ribbit. Ribbit.”
“Why is he ribbiting?” asked Chad.
“That is his way of telling us things,” said Elly.
“What is he telling us?” asked Chad.
“A ribbit can tell lots of things, but I think the frog is telling us that this is
his spot,” said Elly.
They watched him as he hopped onto the lily pad. Plop! Then the frog
jumped into the pond and went swimming.
“I didn’t think frogs swam. How is he doing that?” asked Chad.
“Frogs have strong back legs,” Elly said. “His strong back legs and
webbed feet help propel him in the pond,” said Elly.
They watched as the frog swam. He was going to the flat rocks. He was
not fast. The frog inched himself to the edge. When he got to the rocks, he
popped up.
Now the frog is sitting still and basking in the sun.",Closed-syllable words with the suffix ‘-ed’ spelling /d/ or /t/.,23,Reading Universe,3,"digraph, blend, vowel_team, l_controlled, diphthong, multisyllabic","consonant digraphs, consonant blends, multisyllabic words","consonant digraphs, consonant blends, vowel teams, diphthongs, multisyllabic words"
Whit’s Bad Luck,"Whit had a nap in his bed.
Wham! Whit fell off the bed.
When he did, he hit his chin.
He has a thin gash.
Whit was in a shop.
He was in a rush to go to the dam with his pals.
He hit a pot. It fell with a thud.
Mom is mad. She yells at Whit, which makes him sad.
Whit got to the dam.
He sat on a log.
Then he got a bad whiff.
“What is that?” he said.
Fish guts were on the log.
He got fish guts on his legs. Yuck!
Whit got back and said, “I have such bad luck!”",Closed-syllable words with digraph ‘wh’,20,Reading Universe,3,"digraph, blend, l_controlled",consonant digraphs,consonant digraphs
Youth Troop Soup!,"
Silas was excited about forming a cooking club in his neighborhood. This
new youth group would meet in his mom’s kitchen at ten o’clock on
Saturdays. Silas expected two other boys, plus a few girls who would be
in the troop. Silas asked his mom if they could make some soup. Mom
took a cookbook from the shelf that was all about soup!
“Should we let the group pick which soup to cook?” Silas asked his mom.
“Well,” said his mom, “Let’s pick the first one, since we will need to make
sure we have on-hand what we need.”
“Then I say we make split pea soup!” Silas yelled.
“Split pea soup should be nice and thick and more like a stew,” said Mom.
“In fact, the key to this soup is to make it so thick that you can stand a
wooden spoon in it!”
Silas and Mom headed for the store. Silas took notes while Mom listed a
few items they would choose: three onions, a bag of carrots, a jar of beef
bouillon cubes, and one bag of dried green peas. “We will use salt and
pepper,” Mom said, “but we have some in the pantry nook.”
When Silas’s friends arrived on Saturday, they gathered in the kitchen and
stood around the table. His mom had made a task list for each friend. The
troop got going! Mom reminded them that it would take awhile for the
peas to get soft to make the thick soup.
When it was done, they tried to stand the spoon in their soup. It was thick,
but not thick enough. They let it simmer a little longer. Then they used a
ladle to scoop the soup into bowls for each friend. Silas had the first taste.
“Oh my goodness! This is wonderful,” he said. “Let’s look at the cookbook
and choose what we will cook next Saturday, troop!”","Vowel teams ‘oo’, ‘ou’, ‘ew’, and ‘ue’",27,Reading Universe,7,"digraph, blend, final_e, vowel_team, r_controlled, l_controlled, diphthong, multisyllabic","multisyllabic words, vowel teams, consonant blends","consonant digraphs, consonant blends, final-e words, vowel teams, r-controlled vowels, l-controlled vowels, diphthongs, multisyllabic words"
Zed the Cat,"Rus had a pet cat. The cat was Zed. Rus fed Zed a mix. He got fed a lot! Zed was not a bad cat, but he did beg for his mix. He did bat at Rus and nip. Rus did not let Zed beg, nip, and bat. “No, Zed! Go get in the bed and sit. I can get the mix.” Rus fed Zed his mix in a tin cup. Rus pet Zed. Zed rubs on his leg. Zed is a fun cat if he has his mix!",Closed-syllable words with all short vowels,14,Reading Universe,2,"blend, r_controlled",basic single-syllable words,basic single-syllable words
Bo and Jo,"Bo and Jo can be pals.
Bo and Jo can hop.
Bo and Jo can run.
Bo and Jo go to sit on the rug.
Bo and Jo pet the cat.
Bo and Jo said, “We did it!”
“We got the cat to nap!”
Bo and Jo had fun.",Open Syllables,8,Reading Universe,2,"blend, l_controlled",basic single-syllable words,basic single-syllable words
Buzz and the Quill,"Buzz the cat ran up the hill.
Buzz got a quill in his leg.
Russ had to get the cat to the vet.
Jill is the vet.
Russ said, “Buzz has a red leg and is ill!
Can you tell if it is bad, Jill?”
“The leg is bad, but I will fix it,” said Jill.
Buzz sat still, and Jill got the quill off of his leg.
The cat had a kiss for Jill.
The vet got Buzz a pill.
“Russ, add the pill to his egg mix. The pill will get him well.”","Double Consonant Pattern with ‘f’, ‘l’, ‘s’, and ‘z’",12,Reading Universe,2,"blend, vowel_team, r_controlled",consonant blends,consonant blends
Chums,"Chad and Sam are chums.
They like to play.
Chad and Sam run and hop.
Chad and Sam hit a ball.
They play in the hut.
Chad hid in the hut and Sam had to look for him.
Sam saw Chad and said, “I see you!”
Sam’s mom had chips for the chums.
His mom said, “We have to go.”
The chums got in the van.
Chad and Sam had so much fun!",,11,Reading Universe,3,"digraph, blend, final_e, vowel_team, r_controlled, l_controlled, diphthong","consonant digraphs, consonant blends, vowel teams","consonant digraphs, consonant blends, vowel teams"
Hal and the Red Ball,"Nell has a pet. Hal is her pup.
Hal can run a lot.
Hal got up on the tall bed.
Nell had to call, “No, pup! You will fall!”
Hal did fall. He hit his leg on her bed.
Hal did not quit at all.
Hal ran! He got her bag in the hall.
“No, Hal! The bag is not for you!”
“See the red ball? Get it!”
A small, red ball was in his box. Hal got his red ball.
Yes! Hal sat for a bit.",Irregular Double Consonant Pattern ‘-all’,19,Reading Universe,6,"blend, vowel_team, r_controlled, l_controlled","l-controlled vowels, r-controlled vowels, vowel teams","vowel teams, r-controlled vowels, l-controlled vowels"
Josh and Pam Shop,"Josh and Pam go to shop at the mall.
Josh got a rod for his dad.
His dad likes to fish.
Pam got a red pen for her mom.
Her mom likes to jot on a pad.
Josh and Pam got chips and dip at the mall.
Josh and Pam saw pets at a shop in the mall.
A man said, “You have to go! I shut the shops at six.”
Josh and Pam go.
Josh and Pam jog to dad at the van.
“We had so much fun,” said Josh.
“Can I get in bed? We did a lot at the mall!” said Pam.",,15,Reading Universe,3,"digraph, blend, r_controlled, l_controlled, diphthong","consonant digraphs, r-controlled vowels","consonant digraphs, r-controlled vowels"
Nick and Jim Must Get Back!,"Nick and Jim went to the mall.
Mom said they had to be back by six.
Nick and Jim went into shops.
Nick saw a black backpack.
He had to get it because his red one had a rip.
Nick got the black backpack!
Nick and Jim went to the next shop.
Jim got pick-up sticks and a set of blocks for Nell.
He got a lock for the shed for dad.
He got a pack of gum for mom.
Then Nick and Jim went to the pet shop.
It had chicks and ducks.
Next they went to get a snack.
They had hot dogs and they split a pack of chips.
Nick and Jim left the mall.
Mom was in shock when Nick and Jim got back by six!",-ck' Spelling Rule,16,Reading Universe,3,"digraph, blend, r_controlled, l_controlled, diphthong, multisyllabic","consonant digraphs, consonant blends, multisyllabic words","consonant digraphs, consonant blends, multisyllabic words"
Pam and Sam,"Pam and Sam go in the van.
Pam and Sam go and get jam.
Pam got ham.
Sam is not a fan of ham.
Pam and Sam go sit by the dam.
Sam has jam.
Pam has jam and ham.
Pam and Sam swam by the dam.
Sam and Pam go in the van.
Sam and Pam get to mom by six.",Glued sound /am/,10,Reading Universe,2,blend,consonant blends,consonant blends
A Girl Named Shirl,"There was a girl named Shirl in the first grade.
Shirl had curls and dressed in skirts that twirled.
Shirl was good at surfing.
She spent a lot of time on the waves.
When she wasn't surfing, Shirl liked to look at birds in the trees.
Shirl liked it when the birds chirped.
One day, she saw a bird perched on a branch.
Shirl could tell that the bird was hurt.
Shirl took the bird to the vet.
The vet said the bird had hurt its wing.
The vet kept the bird and on the third day, he called Shirl.
He told Shirl the bird was better and that he let it go.
Shirl was glad the vet helped the bird.","er', 'ir', and 'ur'",13,Reading Universe,6,"digraph, blend, final_e, vowel_team, r_controlled, l_controlled, diphthong, multisyllabic","r-controlled vowels, consonant digraphs, consonant blends","consonant digraphs, consonant blends, final-e words, vowel teams, r-controlled vowels, multisyllabic words"
Thor and Greg,"Thor and Greg like to play sports.
They like to read on the porch. 26 Thor and Greg are twins.
They like to read about ships. 32 They were born on the same day.
One day, Thor and Greg took a trip up north to a port. 45 Thor and Greg like to play sports.
They sat and watched as a ship honked its horn and came into the port. 60 They like to read on the porch.
They had pork and corn for lunch. 67 They like to read about ships.
They saw two more ships come into the port. 76 One day, Thor and Greg took a trip up north to a port.
Then it looked like a storm was on the way. 86 They sat and watched as a ship honked its horn and came into the port.
The twins left and made it home just in time before the storm! 99 They had pork and corn for lunch.
They saw two more ships come into the port.
Then it looked like a storm was on the way.
The twins left and made it home just in time before the storm!",or',20,Reading Universe,6,"digraph, blend, final_e, vowel_team, r_controlled, diphthong, multisyllabic","consonant blends, r-controlled vowels, final-e words","consonant digraphs, consonant blends, final-e words, vowel teams, r-controlled vowels, diphthongs, multisyllabic words"
To the Farm,"Barb and Viv went for a ride in Barb's new car. They drove to Mark's farm. The farm was not far. They got to the farm and parked the car. It was hard to find Mark on the big farm. Mark came out of the barn and said, ""Here I am!"" Barb said, ""I was starting to think you had left the farm!"" Viv said, ""We came to see the harvest!"" Mark marched Barb and Viv all over the farm to see his harvest. He said he was going to take the harvest to the market. It was starting to get dark. Barb and Viv said it was time to go. Mark said, ""See you next time you come to the farm!""",Closed-syllable words with all short vowels,14,Reading Universe,6,"digraph, blend, final_e, vowel_team, r_controlled, l_controlled, diphthong, multisyllabic","r-controlled vowels, consonant blends, multisyllabic words","consonant digraphs, consonant blends, final-e words, vowel teams, r-controlled vowels, diphthongs, multisyllabic words"
The Party for Bunny,"Bunny was happy. Why? It was her party! She had plenty of pals.
Puppy came by. ""I am tardy! I am so sorry!"" said Puppy.
""Do not cry,"" said Bunny. ""You are here! Come inside.""
Bunny had a nifty plan. She had candy in the pantry.
She had fifty pink cupcakes. She had thirty cups.
Puppy was thirsty. He ran to get a drink.
But Puppy was clumsy! He bumped into the table and made the cups spill.
""Oh my!"" said Puppy. ""I am so clumsy!""
""Try not to cry,"" said Bunny. ""We can dry the table. It is fine.""
Bunny got a rag to dry the spot. Puppy did try to help, but he slipped
and fell.
The pals began to spy on a bird outside. ""Why is it here?"" asked Puppy.
""Birds like to fly by and say hello,"" said Bunny with a smile.
It was time to fry some hot dogs.
Bunny was not clumsy. She was quite handy in the kitchen!
The party was a blast. Bunny and Puppy were happy. It was the best day!","y' as a Vowel (Long 'e'), Multisyllabic Words",37,Reading Universe,3,"digraph, blend, final_e, vowel_team, r_controlled, l_controlled, diphthong, multisyllabic","multisyllabic words, consonant blends, final-e words","consonant digraphs, consonant blends, final-e words, vowel teams, r-controlled vowels, multisyllabic words"