title,story,phonics_focus,sentence_count,source
A Book of Animals,I see the bear. I see the alligator. I see the dog. I see the elephant. I see the jellyfish. I see the goose and the parrot.,,6,uprep
The Ham Sandwich,I see the cat in the hat. The cat can see the ham. He can see the rat. The rat can see the ham. The rat has the ham! I see a mad cat.,,6,uprep
The Milkshake,The rat can see the kid. The kid has a sip. The rat has a wish. Chip is up. Chip has a sip. The rat is mad.,,6,uprep
Fun With Gum,The sun is up. The rat can see the bus. He is in the bus. Chip is in the bus. The gum is fun! Chip and the rat run.,,6,uprep
The Mop is a Dog,is a Dog! The dog is not a mop! Chip and Josh can see the dog. Josh can not run. The dog is not big. The dog can wag and sit. And the dog can yip and yap!,,7,uprep
Josh's New Home,The rug is red. Ben can see a bed. Ben is by the bed. Josh and Ben sit and chat in the den. Josh fed Ben a nut and jam. The rug is wet!,,6,uprep
Chip Can't Nap!,Chip Can’t Nap! Chip has a bed by the shop. Thud! Bash! The cab will not hush! Chip can not nap. Chip will dash to the van. The van is shut! Will Chip get a nap?,,9,uprep
Josh Takes a Bath,Josh is in the mud. The tub is big. He can not get in. The cup is not a bath tub. He can not fit. Josh will get in the lid. He will have to sit in the sun. Josh is not wet. He can nap in the sun.,,9,uprep
Josh and Chip at the Farm,Josh and Chip get in a bus. Where are they? A cat is there. They chat with the cat. They see a pig in a pen. There is a lot of mud! They see a hen. And a rat! They get on the bus.,,9,uprep
The Bowling Alley,Josh can see a pin by the can. What is it for? Is it a jug? Chip can hit one pin. Josh can hit two. Will Josh win? Chip can hit four. Will he hit them all? The pin will tip. Will Chip win?,,10,uprep
Time to Bake,Jib and jab. Rub a dub. Bash and dash. And then a thud! Bam and jam. Chop and cut. The pot is big and the lid is shut. The ham is hot and the dog will fuss. Yip and yap and then a hush.,,9,uprep
The Mystery Moth,"Is it a jet? Or a bug? No, it is a moth. She can zip and dip. Will Chip get the moth? She is on top of the dog. She is off the dog. She is on the wig! Will she rip the web? Yes! Will Chip get to see her? Where is she?",,12,uprep
The Jazz Trio,"Josh has a tin lid. He will tap it. “Is that a bell?” said Chip. “What is it?” “It is jazz,” said Josh. Chip has a pan. “Tap, tap, thud, thud.” Chip and Josh can tap and thud. Ben can hum. “Jazz with you is such fun!” said Chip.",,12,uprep
Pat's Mess,,,0,uprep
Pat's Map,This is a map. Look at the map. Pat digs in the sand and looks at the kids. The kids dip and splash. This fish can flip. Pat sips a drink. Can this kid sip his drink? The kids sip drinks.,,8,uprep
Pat's Lunch,Is the sun up? Did the sun quit? The lamp is the sun! This is Pat’s bag. She zips up the bag. Pat naps on the rug.,,6,uprep
Sam's Box,"Sam sees a box. It is a gift from Dad. Sam lifts the lid from the box. Sam likes the gift! Sam sees a pot in the shop. Sam sees a wing. Now, he sees a man in a cab. Sam sees a dog. He wants to pet the dog. “Can I pet the dog?” says Sam. The man says the dog is a pug. Sam pets the pup. He hugs the pup. Sam says, “I wish I had a dog.”",,15,uprep
Sam Wants a Pet,"“I want a pet!” says Sam. Sam begs and begs for a pet. Dad grins at Sam. “I can get a pet,” says Sam. Sam has a plan. A cat is in the shed. The cat is fast. It can dash. The moth is gone. Dad says “No” to the red ant. Sam looks in the pond. Can Sam dunk his hand in to get the fish? The fish is fast. Sam sits on his bed. “I am sad,” says Sam. Dad has a plan.",,17,uprep
Dad's Plan,"Dad has a plan. “I will get my pen and pad,” says Sam. “I am a spy! Look, I am spying!” says Sam. Sam sees a sac in the web. Sam and Dad sit on a bench. Sam sees a robin. It is not shy. The robin has a red chest. Dad and Sam go to the pond. Sam saw lots of pets.",,12,uprep
Sam's rock,"Sam has a rock. The rock gives him luck. The rock is lost! Where is the rock? Who has the rock? “I want the rock back,” says Sam. Sam thinks back. “When did I have the rock?” he asks. Where did Sam look? He looked in the sack. He looked in the desk. Where is it? Sam thinks and thinks. “My sock! The rock is in my sock!” “I have my rock. What luck!” says Sam.",,19,uprep
Sam and Nell have a ball,"Have a Ball! Nell could spin the ball fast. Then the ball fell. “Toss the ball at the wall!” said Sam. “I said Nell. She hit will,” a small spot on the wall. Then Sam hit the spot. “When is the bell?” said Sam. The bell rang. Sam and Nell got all the stuff. Back to class!",,13,uprep
On the Pond,The pond is like glass. The sun slips up in the sky. The grass is wet. A drip drops from the plant. The frog hops from the pad to get the fly. The fly gets by. Splash! The fish swims by the frog. The clam is up from the mud. The day is long at the pond. The sun sets. There is a hush at dusk. The pond is like glass.,,13,uprep
I Look Out,The sound of the wind is loud. I get up from the couch and I look out. The sun is out with some clouds. I count the clouds as they go past. The wind gusts. The dust is up. The nest is on the branch. I think I see a string in the nest. The fox hunts by the pond. Ouch! A bug! The bug is a pest. I look out. A last gust of wind. The wind is at rest.,,15,uprep
A Sunset Picnic,"“Grab a picnic basket!” said Dad. “ Why?” asked Sam. “ You will said Dad. see,” “I got a big sandwich from the said market,” Dad. “We will split it.” Dad and Sam got to the hill.",,8,uprep
Pat's Backpack,"Pat has a red backpack. She got it from Granddad. She will not go out unless she has it. “Can I help you zip it?” I ask. She says, “No! I do it!” It still will not zip. She lifts out her blanket. “Can I help you zip it now?” I ask. She says, “No! I do it!” She lifts out her magnets. “Now can I help you zip it up?” I ask. she says. “Yes,” I zip it up a bit. I let Pat zip the rest.",,19,uprep
Pat's Donut,"I had a secret for Pat. I held Pat’s hand. “Let’s go!” I said. Pat was behind me. The secret was the donut shop. I got a muffin. “Do you want a bagel or a donut?” said the baker. Pat was silent for a moment. Then she said, “A donut!” Pat began to pick up the donut. Then it fell! Pat was sad. Then the baker was a hero! We said, “Thank you.” The baker had a big grin. So did Pat. I was glad.",,19,uprep
James and Sam Make a Flame,"Sam, James and Dad are camping. They see a snake! “Are we safe from the snake?” says James. “Yes. We are safe,” says Dad. Then they see a lake. “Is the lake safe?” says James. “Yes. We are safe,” says Dad. Then Dad says, “We will make a fire. And it will be safe!” James and Sam make a pile with sticks. Dad helps them make a flame. Then they make a fire! “We made a fire!” they say. James and Sam smile. “It is like home. I am says James. safe,”",,22,uprep
James and Sam Take a Hike,"Sam, James, and Dad are camping. Dad says, “Do you want to take a hike?” “Yes, we will take a hike,” says Sam. “We will hike for miles! It will take a lot of time,” says James. “I want to see a cave!” says James. “I want to see bones!” says Sam. At mile , they see pines. The pines are wide. “I can hide!” says James. At mile , they see a hole. “It is a home for a snake!” says Sam. At mile , they see a pile of stones. “Some of the stones shine! I will bring a stone home for Pat,” says James. “Will we hike for nine miles?” asks Sam. “No, it is time to go back,” says Dad. “I like to hike,” says James. “Next time I will bring Pat!”",,24,uprep
Cubes and Cones,,,0,uprep
Baseball,"is a fun game to play and watch. We call baseball a pastime. Do you like baseball? Baseball is played outside. It is nice to play in the sunshine, but baseball games can sometimes be played when it is late too. These players are from a long time ago. These players do not have a bat. So they use a stick. They are playing stickball! Here is a female player. She just hit the ball. I hope she can make it to all the bases. Let’s see if she can.",,13,uprep
Looking for Mars,"It is dark. There is no storm. It is time to see Mars! Pat and James start to go to the park. But it is not warm, so they get a scarf for Pat. It is a short way to the park. But it is a long way to the stars! It is still hard for Pat to see. She does not see Mars or the North Star. James and Pat go to the yard in the park. “We can see more stars in the dark,” says James. Then Pat grabs his arm. “Mars!” says Pat. “I knew you could see it!” says James. “I go to bed with stars?” asks Pat. “No, that would not be safe. But we will do it again,” says James with a smile. “I did it!” Pat says. “Bye, stars! Bye, Mars!” says Pat.",,25,uprep
Sam's Hammer,"Sam’s class will perform a play. The play will be about an old farmer and his farm. “That will be much better,” says Sam. “I will not be a performer, but I will still be a part of the play. I will make the set!” Sam and the kids work hard. Nell is working on her lines. James works, too. Sam hammers. He gathers parts for the set. He makes it look like a farm!",,11,uprep
Sam's Throat Hurts,"Hurts! Sam woke up and felt weak. He also had a pain in his throat. His throat hurt so much he could not speak. He could only squeak! Sam did not want his toast. He could not eat a meal. “You are burning up,” said Dad. “We should go to the doctor.” The doctor checked his throat. She said his tonsils were very red. “If we take them out of your throat, you will not be sick. After that, your pain should stop,” she said. Sam wanted to scream! He was scared. After his tonsils were gone, Sam woke up. “Where am I?” he asked. He felt like he was in a dream. “If this is a dream, it is a good dream! I get to have ice cream for my meal!” said Sam.",,22,uprep
Pat's Bithday,"Friday is Pat’s birthday. She will be three. On Monday she says, “Today?” “No not today. Friday,” I say. The next day, she asks again.“Today?” she says. “No, it will be on Friday,” I say. Will she ask again the next day, too? “What do you want for your birthday?” I ask. Pat says. “Snow.” “But it is May. It does not snow in May,” I laugh. “I make a snowman. I play in the snow,” she says. I take her to the window. We see the grass and the sun rays. No snow. But I have a plan. It is Friday! Time for Pat’s party. She gets gifts with bows. But no snow. Pat and I play in the snow. ”Snow for my birthday!” she says. We both laugh.",,29,uprep
A Little Seed,See the little seed under the tree? It is a windy day. The wind sweeps the tiny seed to the city. It lands on a roof. The wind is angry today. The seed speeds into the air. It lands in a park. The little seed will go deeper in the grass. It needs plenty of sun and rain. They are like food to the little seed. It is a sunny day. The afternoon sun will warm the seed. The next day is rainy. Every raindrop will help the little seed grow. The next day is cool and misty. The tiny seed is now a shoot. It has roots. The seed grows. Soon it has stem a and only one leaf. Soon it has three green leaves. See the pretty flower? It is not a weed. The bees buzz around it. The little seed is not really a seed anymore!,,24,uprep
Night Skies,"Have you ever looked up high into the night sky? Some nights, you will see bright stars shining. Some nights you might see a moon that looks like part of a pie. Have you ever tried to see the man on the moon? Sometimes, you can see the moon in the daylight. One night you might see these bright lights. And hear them pop! If you look hard, you might see the lights of a plane as it flies by. If you are really lucky, you might see a star shoot through the sky! What do you think you will see in the sky tonight?",,10,uprep
Reading Together,"Pat tries to read. James helps. They always sit on a beanbag chair together. They are reading about a girl named Daisy. Daisy sees shadows in the nighttime and she is afraid. “Again!’ says Pat. James repeats the story. Then James gets a book for himself. He is reading about trains on the railroad. Now Pat tries to read a book about a greedy beaver. The bell rings. It is Sam. “We are reading.” explains James. “It is rainy today. We cannot go to the playground. I will read, replies Sam. too,” Sam is reading about a baseball player and his team. He is eager to read more.",,20,uprep
Sam Rides the Subway Train,"Now there was a new subway train stop. It was very close to where Sam and Dad lived. Dad said, “Sam, do you want to ride the subway train alone?” Sam was afraid. He was afraid he would not know when to get off the train. But he wanted to try it anyway. He would be brave. Dad explained, “I will pay for a subway pass. Then you will get on the train. You will get off after two stops. I will walk to the train stop. You will wait for me. OK?” Sam was still a little afraid. But he would be brave. He said it all again to Dad. “We will get a pass. Then I will get on the train. I will get off after two stops. Then I will wait for you.” Sam was ready. Sam and Dad walked to the subway train stop. Dad paid for a subway pass for Sam. “Two stops. Then get off and wait for me.” “OK,” said Sam. Dad left. Sam looked down at the subway rails and waited. He felt like he was waiting for a long time. Then, the subway train came. He got on. One stop. Then at stop two, he got off. He walked up the stairs. He waited.",,35,uprep
Do Fish Eat Cheese?,"Cheese? James was happy to tell Sam some news. “We can catch fish in the creek now!” says James. “Really?” says Sam. “Yes. Before, we could only feed the fish in our park. Now we can use a fishing pole to catch fish. But we have to put them back in the creek.” James and Sam walk to the park. There is a big pond and some creeks and streams. “I have never been to that stream,” says James. James and Sam go to the stream. “What do fish eat?” asks Sam. “I think they will eat cheese. I will put it on our line,” says James. Do you think they will eat cheese? What do you think fish eat? Sam and James stand under a tree next to the stream. The green leaves give them shade from the heat. Sam has never been fishing before. James teaches him. James casts his fishing line. He does not catch a fish. Sam does not catch a fish. “Maybe they are asleep?” asks Sam. “Or maybe they are down really deep? So they can not see our cheese?” “It is not easy to catch fish!” says Sam. “Yes, but it is still really fun to try!” says James. “We will try again this weekend,” says James as they leave for home.",,36,uprep
Stuck Up High,"Chip the cat does not like to go up high. But tonight is the only night that he might. The sky is full of stars. Chip has never seen a shooting star. He thinks it will be easy to see once he is at the top of a tall tree. He starts to go up. He slips on a branch and almost falls. What a fright! But he still goes higher. Now he is at the top. The moonlight shines on the leaves. It shines on the ground below. Chip watches and watches. Then something bright in the night sky shoots by! A shooting star! What a sight! Now it is time to get down. But how? Chip cries for help. Nobody is there. He tries to fall asleep, but he can’t. He stays all night. The next day, he hears a boy in the park. He cries once for help. Pat and James hear him. They call for help. The firefighter brings her sup- plies to the park. She goes up to get Chip. She opens her arms. Chip jumps to her. Do you think Chip will ever go up into a tree again?",,31,uprep
Friends at School,"Today is the first day of school. “Are you ready for school?” asks Dad. Sam is unsure. “What if none of my friends are in my class? What if I do not know anybody?” Sam says. “You will meet new friends!” says Dad. “Eat your oatmeal. Then we will walk to school.” Sam eats his oats. Then Sam and Dad walk to school. Sam slowly walks into his new class. He looks around for friends that he knows. “Hi, Sam! I am Mr. Moats. I will be your teacher this year.” “Follow me to your new desk,” says Mr. Moats. Sam follows him. Then he sees Nell! Nell has been his friend for a long time. Sam smiles at Nell as he sits at his desk. It looks like Nell has grown taller over the summer. Then he feels somebody tap his elbow. “Hi! Can I borrow a pen? None of mine are in my bag,” says a boy sitting behind Sam. “Sure! You can borrow this one,” says Sam. He hands the boy a pen. “Thanks! My name is Owen. I am new in this school.” “My name is Sam,” says Sam. “I will show you around. I will help you meet new friends.”",,39,uprep
Fall Fest at the Park,"The leaves on the trees were starting to turn many colors. James and Pat could see red leaves, yellow leaves, brown and orange leaves. It was Fall! They wanted to go the Harvest Fest at the park. “Can we walk to the park this morning?” James asked Grandma. “Sure. Have fun and be safe,” she said. James and Pat walked to the park. The Harvest Fest was full of fun things to do and see. There were lots of people and colors and smells. Pat and James saw some friends from school there, too. Then they saw a farmer’s market. The market had fresh eggs, butter, and milk. They also had yellow corn and things that grow on a farm. Then they saw a big barn. Not a real barn, but a play barn. There was also a real farmer there. He had a goat, a pig and a rabbit. The kids could pet and feed them. “I will be a farmer when I grow up. Will you be a farmer with me?” said Pat to James. “I want to be a doctor. But I think you will be great a farmer,” he said as they walked home.",,25,uprep
A New Playground,"Playground! Sam look outside as soon as he got out of bed this morning. “Yes! It’s a sunny day! There isn’t a cloud in the sky!” he shouted to Dad. “May I go to the new playground with James?” “How about you come down and eat first?” Dad replied. Sam frowned, but went down the stairs to eat his eggs and toast. Sam finished eating quickly. As he ran to his room to get dressed Dad said, “Don’t forget to wear a warm coat. It is sunny outside, but it is still cold.” “I know,” said Sam. When Sam got to the playground, he could hear the loud noise of many voices. There was a big crowd of people there. It was mostly kids. They all had on their warm coats like Sam. Sam saw James at the playhouse. He joined him there. “Don’t you think you are too big for the playhouse?” asked Sam. “I am here with Pat. But it doesn’t matter how big I am. The playhouse is still fun!” said James. Sam and James played there for some time. Then they joined Pat in the sandbox. There was a big mound of sand with lots of sand toys. “I don’t think we are too big for the sandbox. Do you?” asked Sam. “No way. We can enjoy the sandbox if we are big or small!” said James. Lots of people made their way out to the playground that day. Sam, James and Pat went home for lunch. Then they went back and stayed until almost sundown. Sam and James didn’t care if they were bigger than lots of the kids there. They just enjoyed playing outside and hanging around at the new playground together.",,40,uprep
Where's Goldie?,"Sam and Nell walk to school together sometimes. The air is starting to get cold. It’s Sam’s job to feed the class goldfish, Goldie. But Goldie is gone. The tank that holds her is gone. Sam looks around. He looks behind the desk. He can’t find her! “Where’s Goldie?” Asks Sam. “She’s not in her tank. She’s gone!” Nell walks over. She looks for the goldfish. She can’t find her. “That’s so weird! Do you think a child in our class has her?” asks Nell. “Maybe we should make a poster. We can post it in the school and in the street. It will tell people that our goldfish has been stolen. Maybe she was stolen and then the robber sold her to another class.” Moats walks over. “OK,Mr. guys. There’s no reason to get upset. I am sure we will find her.” Just then, Owen walks in with his mom. His mom is holding something big. It is a fish tank! “Owen! You had Goldie?” Asks Sam. “Yes. I stayed late at school on Friday because my mom was late. Mr. Pack asked if I could take her home. The heat was broken and he was afraid Goldie would be too cold,” says Owen.",,38,uprep
The Spelling Bee,"James had not always been a good speller, but he worked hard to get better. He dreamed of winning the spelling bee. He was so happy when his teacher chose him to go to the City Spelling Bee. Tonight was the big night. Grandma made James wear a tie for the spelling bee. He tugged at the tie on his neck as he spelled words in his head. He was ready. He and the other kids walked out on the stage to begin the spelling bee. There were so many people there to watch them. They all clapped as the kids walked out on stage. The spelling bee began and James was getting all the words right. Other kids were spelling words wrong, so they had to leave the stage. Finally only James and his friend Nell were left. It was Nell’s turn. A teacher read the word to her. She spelled it wrong! James stopped to think about the word. Then he spelled it. He was right. James won the spelling bee! James almost tripped as he walked over to the teacher. She said, “James is the winner!” James grinned. He was sad for Nell, but still very happy he won. The people clapped and clapped. He went to where Grandma and Pat were sitting. Grandma patted his head then kissed his cheek. Pat hugged him very hard. They were all filled with joy. James had worked so hard and he had won!",,30,uprep
The Marching Band,"It was Friday night and Sam wanted to go to the high school football game. It started at o’clock. He did not know much about football. What he really wanted to see was the band. Sam liked to make music. He played the drum, horns, even a bell. He’d play just about anything! He wanted to hear the big marching band play music together. Sam and Dad walked to the high school. Sam asked if they could get a snack. The game was packed with people. After they grabbed a snack, Sam and Dad finally found a seat. Then the band marched out. One member banged the drum over and over. They all played music together as they marched. He’d never seen anything like it! Sam loved the band. The football game began. People cheered and chanted for the players. Then, at half time, music filled the air again. Sam cheered and clapped for the band as they marched back on the field. Then the band left and the game started again. Sam said, “I’d like to play in a band someday.” He dreamed about it while other people watched the football game.",,24,uprep
Baby Cougars at the Zoo,"“I can’t wait to see the new baby cougars! They’ll be so cute!” said Nell as she and Sam walked to school. It was finally Tuesday, the day they had been waiting for. Their class was going on a trip to the zoo. “I know. It’ll be so cool to see the cubs up close. Or do you think they’ll be shy and hide from us?” asked Sam. “I don’t know. I guess we’ll find out soon!” said Nell. A zoo worker met the class at the front of the zoo. “My name is Matt. I’ll be leading you on a tour of the zoo.” The class followed Matt. They walked out of the birdhouse. “Next, we’ll see Lou, the cougar, and her new cubs,” said Matt. Sam looked at Nell with a smile. The kids crowded around. They had a good view of the cougar den, but did not see anything at first. But then Sam said, “I see Lou, and her cubs, too!” The tiny cubs were next to Lou. They started to play. The boy cub chewed on the girl’s fur. They rolled around. “This is the cutest thing I have ever seen!” said Nell. “This is the best zoo tour ever,” said Sam.",,29,uprep
Too Many Choices,"Soup for You is a new place to eat. It just opened near Sam’s home. Sam and Dad want to go for lunch. Sam and Dad walk down the block. They bring their coupon for a free bag of chips. There is a large crowd there. Other people want to try the new place, too. They get in line and look at the list of soups and other lunch stuff. There are so many choices! Sam doesn’t know which soup he wants. He reads the list and thinks. He gets the clam chowder. Then they come to the drinks. More choices! Sam doesn’t know which one to get. “I don’t know what I want to drink,” says Sam. He thinks. Then he gets the orange soda. Sam and Dad get their food and pay. They sit down and to enjoy their meal. Sam takes a bite. The soup is boiling hot! He blows on it. Now it is OK to eat. After he takes a bite he says, “Yum, this is the best soup I have ever had! I made the right choice.” Dad smiles.",,27,uprep
No Food to be Found,"Josh, the rat, waddled through the alley. He was looking for an open trash can, but could not find even one! Just last week he had hit the jackpot. The cook from Soup for You had left a trash can wide open. Inside, Josh found noodle soup. He and his friend, Chip the alley cat, had gobbled it up. Tonight Josh’s tummy gurgled and grumbled. There was no trash or food to be found! He dreamed about nibbling on a hamburger, a sandwich, a popsicle... He saw one trash can with a tiny opening. He jumped on top of it and tried to wiggle his way into a little opening. But he stumbled, then tumbled from the top of the trash can. Then Josh saw Chip walking through the middle of the alley. “We’ve got a problem, friend. There are no open trash cans and no trash. Not even one bottle on the ground!” said Josh. “I’ve been struggling, too. I can’t seem to find a snack anywhere. I guess the rules are working,” said Chip. “Rules? What rules?” asked Josh. “Mayor Mack made new rules about cleaning up trash. No open trash cans and no trash on the streets. They’ve been trying to keep us away! They called us pests!” Josh was puzzled by this. “Pests? You’ve got to be kidding me! I can’t handle this! I’ve got to eat something. And soon!” said Josh. “Don’t worry,“ said Chip. “I’ve got a plan.”",,36,uprep
No Food to be Found Part 2,"“So, you’ve got a plan?” asked Josh. He was waiting for Chip to explain how they were going to find some food. Chip replied, “None of us will be able to open the dumpsters and the trash cans alone. We’ve got to work together.” “You’ve got a good point, Chip,” said Josh. “Let’s find some of our friends. They’ve all got to be as hungry, too. We can try to think of some ways to topple those trash cans together!” They waited until the middle of the night so none of the people would see them. Then, Chip and Josh found a group of their rat and cat friends. The group huddled together in the alley to discuss the plan. Chip said to the group, “We’ve got to be very quiet. If we make too much of a racket, the people will wake up. They don’t want us around, so if they hear us, we’ll be in trouble.” “Chip and I found this big pile of tangled cable. It took a long time, but we were able to untangle it. I am going to tie the cable to the handle at the top of the trash can next to the dumpster,” Josh explained. Chip said, “Then we will all get on top of the dumpster. We will all pull the cable together to take the top off the trash can. We will need to be gentle. When the top is off, we will need to hold it in the air so it doesn’t tumble and crash to the ground. Then I’ll jump down and get some food.” Josh tied the cable to the handle of the trash can. All the rats and cats hopped on the dumpster and put the cable in their mouths or in their paws. They pulled gently. The top came off! They were careful not to let the top rattle around and wake any of the people up. Chip hopped down. He found two apple cores, a bunch of noodles, some scrambled eggs, and a purple lollipop. He shared the food with the hungry rats and cats. They were so quiet. The people never even knew they had been there.",,33,uprep
Grandma's Magic Attic,"“Grandma, can Pat and I go up in the attic?” James asked his grandma. “I want to see if we have any old stuff we can donate to the high school.” “The door might be locked. Let me check,” said Grandma. “What kinds of things do they want?” she asked. “Old clothes and books. I think anything you can use in your house, too,” said James. Grandma unlocked the attic door. The stairs creaked as Grandma, James, and Pat walked up. “A clock! Tick tock, tick tock!” Pat pointed to an old clock in the corner of the attic. “I don’t think that clock ticks or tocks anymore, Pat,” Grandma said with a smile. They started to unpack some of the boxes of clothes. James and Pat played dress up. James wore an old cloak with a hood that covered his face. Pat wore many necklaces and a purple dress. “What’s that thing?” asked James. He pointed to a strange box. It had a black circle on top of it. And a stick that hung over the circle. The stick looked like it had a needle at the end. “That’s a record player! It plays music,” said Grandma. She picked up a thin square and blew dust off it. She pulled out a shiny black circle and put it on the record player. The circle started to spin and the needle came down. It began to play music! “A long time ago, this is how we played music! Grandpa and I used to dance to this song.” “Let’s dance like Grandma and Grandpa!” said James. They all laughed and danced together to the music. “I think your attic is magic, Grandma,” said Pat. Grandma smiled and gave Pat a peck on the cheek. “It’s not quite magic, but it does make me feel like I’ve gone back in time for a little while!” said Grandma.",,40,uprep
The Huge Package,"Sam was eager to get home after school today. It was Friday, which meant Sam and Dad would make dinner together tonight. He hoped they could make some fudge for after dinner, too. Sam unlocked the door. The package was too large to pick up, so he tried to nudge it into the apartment. It was so big, it barely budged! He put all his weight into it finally and pushed it through their front door. The receipt had Dad’s name on it. Sam didn’t want to open it if it was not meant for him. But he really wanted to know what was inside! He would be a sleuth and look for clues. Sam and Dad had never received such a large package. Sam had no knowledge of Dad ordering anything. So he looked around the apartment for clues. Sam went to the kitchen and got a beverage. He sat down on the edge of the couch and looked up at the ceiling as he thought. “Could it be new luggage? Could it be a large cage? Was Dad finally going to let Sam have a dog?” “And why didn’t Dad tell me about it? He has never deceived me before. Maybe it is supposed to be a surprise?” And just then Dad walked in the door. “Oh, I finally received my package!” Dad said as he looked at the package. What do you think it is?",,26,uprep
Watering Your Garden,"Growing plants in a garden can be so much fun. It can also be hard work! Plants need water to grow. So if you want to be a gardener, you must make sure to water plants properly. The weather is different every day. Sometimes the rain will drench the garden with water. And sometimes the rain doesn’t fall for days or weeks at a time. Most gardens do best with at least an inch of water per week. Keep watch on the weather. If there is not much rain for a few days, then you should water the garden yourself. It is best to water the garden slowly. Make sure each plant is watered. And make sure the soil is very moist. This will help the roots of the plant to grow deep into the soil. Do you know what type of soil is in your garden? If you have clay soil, it will hold water much better than sandy soil. Sandy soil dries out quickly and will need more frequent watering. It is best to water the garden early in the day. Plants should be dry before the sun goes down each day. This will help keep the plants healthy. It is a good idea to put mulch in your garden. Spreading mulch over the soil can help keep the soil moist. Then you won’t need to water the garden as frequently. You can use different things to water the garden. You can fill a pitcher full of water and pour it on the garden. Or you can use a hose or a sprinkler. Each will work if you do your best to cover the whole garden with water.",,27,uprep
Compost,"Did you know that old food can be usable in a garden? Compost is a mixture of garden scraps and kitchen vegetable scraps. When the scraps rot, they can be used in your garden to help vegetables and other plants grow. It is possible to make your own compost. To do this, you must first make a compost pile. The pile is made up of layers, sort of like a birthday cake. To make the layers, begin with scraps. Sprinkle the scraps with plant food (plant food can be bought at the store), and then soil. Repeat until there are a few layers. After a few weeks, use a shovel to mix up the pile. This will help the scraps to decay faster. You’ll know it’s ready when it becomes crumbly. It will probably start to smell bad, too. Some people say it smells horrible, but some people do not mind it as much. Although making your own compost is doable, it can take months for it to be ready. If you want to save time, compost is available to buy, too. Once it is ready, or once you have bought the compost, spread it through the soil in your garden. The rotting scraps may smell terrible, but they will help your plants and vegetables grow!",,18,uprep
My Garden Spot,"Dad walked into the kitchen. He saw Sam scribbling on some paper. “What are you drawing, Sam?”asked Dad. “A sun chart,” Sam replied. “We’ve been learning about gardens at school. I know it’s impossible for us to have a garden because we don’t have a yard. So I’m planning an indoor garden,” Sam explained. “Plants need sun to grow. So I made this chart to keep track of when the sun shines through each window throughout the day. That way, I’ll know the best place to put the garden.” Sam showed Dad the chart. “It looks like the kitchen will be the best spot. It gets sunshine in the morning and afternoon. And it faces south, which means it gets bright sunlight,” said Dad. Sam and Dad went to the local garden center to buy some plants, plant food, a watering can, and potting soil. They chose a lavender plant with little purple flowers and a spider plant with long, thin leaves. As soon as they got home, Sam carefully put the plants on the table next to the kitchen window. He filled the watering can and sprinkled them with water. He made sure they were sitting at the right angle so they would get plenty of sunshine. “Maybe we can grow some vegetables next! And a sunflower! And” Dad stopped Sam. “Let’s see how we do with just two. Then we’ll decide if we can handle any more plants in our wonderful little apartment garden,” said Dad with a smile.",,24,uprep
Babies,"Just like people, animals have babies. A human baby is called an infant. Monkey babies are also called infants. Monkeys carry their babies around just like people! Do you think they cry like human babies? A rabbit’s baby is called a bunny. Bunnies can also be called kittens. Does that remind you of another animal? That’s right! Cat babies are also called kittens. Female rabbits make a nest to keep the bunnies warm and safe. Female cats give birth to around four or five kittens at a time, but they can sometimes have as many as nine! A group of kittens is called a litter. You’ve probably seen a baby dog before. These babies are called puppies. Like kittens, group of puppies is called a a litter. A female dog may give birth to only one or maybe as many as seven or eight puppies in a litter. Like fish, baby birds come from an egg. The female bird lays eggs in a nest. She takes care of the eggs until they hatch. When they are first born, they’re called hatchlings. Which baby is your favorite? The furry ones like puppies, bunnies, or kittens? Or do you like insect babies like a maggot or a caterpillar? Or do you like the fishy fry baby? Or a feathered baby like a hatchling?",,26,uprep
The Life Cycle of Moths and Butterflies,"The Lifecycle Do you think butterflies and moths are animals or insects? You’re right! Butterflies and moths are both insects. Butterflies and moths are similar to each other. They both have wings with pretty patterns. They can both fly. And they both have four stages of life. The first stage is the egg. A mother butterfly or moth lays an egg on a leaf, a stem, or on another object. The second stage is the larva. This is also called a caterpillar. A caterpillar is sort of like a worm with legs. It eats a lot and grows very quickly. The adult stage is the last stage. The caterpillar has turned into an adult butterfly or moth. The adult has wings. The wings usually have a pretty pattern on them. The adult is able to mate and lay eggs. Isn’t this process amazing? Can you think of any other insects that have a lifecycle that is similar to the moth and the butterfly?",,20,uprep
All About Maps,"Sam and Dad have a map of America hanging in the living room. Sam asks Dad, “How many of the states on the map have you been to?” “Well, I haven’t been to very many places. But I have been to Alabama. That is where your grandma was born. I also went to Florida when I was a kid, and I went to Kansas once.” Sam says, “I wonder if we can plan a trip to Alaska? Did you know the highest peak in America is in Alaska? I would love to see all the different animals there, too. Like a moose!” “Or, it would be really fun to travel to Nevada! The Grand Canyon is there. We could hike to the bottom.” “Both of those ideas sound great, Sam. I’ve always wanted to go to Maine or Vermont. I would like to go in the fall to see the leaves changing colors,” says Dad. “I’ve got an idea!” Sam says. “Let’s put stickers on our map of America. We’ll choose one color for the states we have already seen, and another color for the ones we want to visit.” “Great idea,” says Dad. He finds some shiny star stickers. They choose orange stars for the places they’ve been, and purple stars for the places they want to go. Sam and Dad look at the map. “Umm, Sam, I think we’ve covered the entire American map with stars!” “Yep,” says Sam. “I guess that means we’d better start planning our trip across America!” Sam and Dad laugh.",,28,uprep
Sam's Story The Tale of the Knight's Nose,"The king of the Land of Peace loved chocolate. For his birth- day, the queen had a huge chocolate bar made for him. It was so big that it took two men to carry it! It was covered with a pretty gold wrapper. It smelled so good that he almost ate the whole thing, but decided to wait until the next day. He was still full from his chocolate birthday cake (he had eaten eight pieces!). That night, pirates came and stole the whole chocolate bar! A brave knight heard about the fate of the chocolate bar. He told the king he would do his best to locate it and bring it back here to the Land of Peace. The knight was very strong. He could see far into the distance and hear every tiny sound. But he didn’t tell the king one thing: he couldn’t smell! His nose just didn’t work. The knight knew he would be able to see, hear, and fight the pirates. But how would he find the hidden chocolate if he couldn’t smell it? Then, his strong eyes saw a glint of gold, almost like the rays of sun. It was the chocolate bar wrapper! It was hidden in a hole in the ground. He snuck over to the hole. He was so strong he was able to drag it away. The pirates never saw him! The knight found the pirates. They were on the beach, by their ship. They would soon sail away into the sea with the chocolate. The knight hid in the night, watching the pirates. He couldn’t see the chocolate bar anywhere. If only he could smell it! Then he might be able to find it! The knight returned to the Land of Peace and brought the chocolate bar to the king. The king was so happy that he shared a piece of the chocolate with the knight. The king had a big piece, too.",,31,uprep
"Solid, Liquid, or Vapor","Everybody on earth uses water every day. We’re surrounded by it! People drink it, water plants with it; some people even swim underwater for fun! But does everybody know that water can change its shape? Water has been on the earth forever. But water does not always look like the water you drink from a glass. This type of water is called a liquid. A liquid is wet, like the water a firefighter uses to put out a fire. Or the water that crashes down a waterfall. Water can also be a solid. Solid water can be the ice cube you put in your drink in the summertime. Or it can be the snowflakes that softly fall on a winter afternoon. Or the hard hailstones that come down during a hailstorm. Water can also be a vapor. You cannot see or touch water vapor. Heat from the sun turns water from the earth into vapor. The vapor goes up into the sky. When the vapor gets cold again, it turns into rainfall. So, it changes back to a liquid! OK, listen up everyone! You’re going to take a little quiz. Listen to the examples in each of the next three pages. Say what kind of water you would see: liquid, solid, or vapor. Example # : A woman is making coffee with very hot water. There is steam rising from the coffee pot. Is this steam a liquid, a solid, or a vapor? Example # : A football team has a game on a very hot day. They buy a big bag of ice cubes to put in their cooler to keep the drinks cold. Is this bag full of a liquid, a solid, or a vapor? Example # : A girl has a garden with tall sunflowers. She takes a watering can out and waters the sunflowers. What would she use to water the plants? A liquid, solid, or vapor?",,33,uprep
Recycle,"What does it mean? Many materials that we use every- day, like plastic and metal, can be used again. When these materials are recycled, they are used again instead of be- ing thrown away. Materials can be recycled for the same purpose. For example, imagine that you grew inches over the summer. Now, your bicycle is too small for you. You can recycle the bicycle by giving it to your little sister instead of throwing it away. It would be used for the same purpose. Materials can also be recycled for a different purpose. Instead of throwing out food scraps, you can use them for plant food. This process recycles your food scraps for a different purpose: to grow plants in your home garden or your local community garden. Why should you do it? A typical person throws away . tons of solid waste per year! And did you know that Americans throw away enough plastic bottles each year to circle the world times! That’s a lot of trash. When you recycle, you reduce the trash. Also, making these materials uses up a lot of water and puts chemicals in the air. So, recycling helps to save water and keep the air clean, too. What can you do? First, you should know what can be recycled: paper, plastic, glass, metal, textiles, batteries, food, and electrical equipment. Then, separate these materials from your trash. The last step is to find out where these things can be recycled. Maybe your community has a local recycling program and will pick up some of these items. Or you might need to find a place to take them. We can all work together to recycle!",,26,uprep
Animals Big and Small,"There are numerous animals living on the earth. So numerous, it would be ridiculous to try to count them all! Some of the animals and plants are very small. Some are enormous. And some are sort of in between. Let’s learn about some of the smallest and the largest of each. One of the smallest animals is the gold frog. Are you curious how small it is? A gold frog is not even a centimeter long! That’s about the size of a fingernail! Have you ever heard of a slender blind snake? These reptiles are very skinny and only about centimeters long, and have very tiny eyes. They look and act more like a worm than a snake. They are not poisonous or dangerous. You learned about some of the biggest animals and some of the smallest. The earth is also full of many other animals in between! Like the fabulous octopus! Or the whiskery walrus. What is your favorite animal?",,19,uprep
Tad’s Cab,"Tad has a cab. The cab has lots of mud on it. The cab has lots of dust in it. “The cab looks bad!” said Tad. He got a bag of rags and a tin of wax. He dips a rag in the wax. The wax gets rid of the mud and dust. “The cab looks rad!” said Tad. Tad got in the cab. The cab did not go. “Oh no!” said Tad, “I have to get gas!”",Short A Review (CVC),11,ufli
A Can of Jam,"Vin must get a can of jam. He ran to his pal Tam. “Tam, do you have jam?” Tam had a pan of yams but no jam. Vin hops in his van. He stops at Nan’s. “Nan, do you have jam?” Nan has a fan and a pet ram but no jam. Next, Vin asks Gram. “Gram, do you have jam?” “Yes,” said Gram. At last! Vin got his can of jam","Nasalized A Review (an, am)",10,ufli
A Trip on the Tram,"Grant plans a trip to see his best pal, Skip. Grant gets a bag. He crams a hat, a book, and pants in the bag. Grant grabs his bag and skips to the tram stop. The tram is at the stop! Grant gets on the tram. It is six stops to get to Skip. Grant sits and grabs his book from his bag. The tram trip is fast. Grant sees Skip at stop six. The pals have a grand trip.",Short A Advanced Review,11,ufli
Quiz Sid,"Sid is a fun kid. He has lots of wit. His pals ask him for tips. “What is the best spot to dig?” asks Bim. “In the big pit,” said Sid. “What is the best spot to run?” asks Kit. “On flat land,” said Sid. His pals quiz him. “What is six plus ten?” asks Liz. “Hmm,” said Sid, “can I have a hint?”",Short I Review,10,ufli
Twin Gifts,"Trip has a gift for his twin, Prim. But the gift has a twist. “I hid the gift,” said Trip. “Can I have a hint?” asks Prim. “No!” Trip grins. Prim squints. “Is it next to you?” Prim asks. “Yes.” said Trip. Prim jumps and lifts up the gift. “A book!” yips Prim. Prim flips the book and hugs Trip. “I have the best twin!” said Prim. “No, I do!” said Trip as he grins.",Short I Advanced Review,13,ufli
The Fox and the Frog,"The fox went to the pond to hunt frogs. As the fox ran to the pond, the frogs hid a log. The frogs see the fox, but the fox can not see the frogs. The fox jumps on top of the log. The frogs do not hop. The fox looks next to the log. The frogs do not hop. The fox jogs to the next log. Pop! The frogs hop from the log. Plop! The frogs hop into the pond. The fox did not get the frogs. He sobs.",Short O Review,14,ufli
Rob and His Pond,"Rob is fond of his pond. His pond is big. It is the best spot to cast a rod. Rob stands next to the pond. He sees a blob. A blob can be bad if it clogs up the pond. Rob gets in his raft to look at the blob. Rob sees it is not a blob, it’s a frog! The frog is big and wet. The wet frog looks at Rob and hops on his raft. Rob gasps! He tilts the raft to get the frog to drop in the pond. The frog flips and flops. At last, the frog plops in the pond. Rob is glad. He is fond of his pond, but he is not fond of frogs.",Short O Advanced Review,16,ufli
Dug the Pug,"Dug is a pug. He runs and has fun in the sun. But his bud, Rux, is in a rut. Rux got a cut on his leg. Dug sees his bud is sad. Dug wags at Rux. “Let’s run in the sun.” Dug and Rux run in the sun. “I am not in a rut,” said Rux. “I am glad,” said Dug. The pals had fun on the run.",Short U Review,10,ufli
The Mom and Cubs,"Mom and the cubs sit in the den. At dusk, Mom gets up to hunt. The cubs look glum as Mom hunts. What did Mom hunt? Mom just hunts bugs and slugs. What did Mom do? Mom dug to get the bugs and slugs. Mom gets a big lump of bugs. Mom is in the den. The cubs run to Mom. Gulp! The bugs and slugs are yum to the cubs!",Short U Advanced Review,12,ufli
Ten Men on a Jet,"Hal has a big red jet. He met ten men. The ten men ask to look at the big red jet. Hal lets the ten men get on the jet. The men get to sit on the jet. The men get fed on the jet. Yet, the jet did not run. The ten men beg, but Hal can not get the jet to run. He must see if it has gas!",Short U Review,9,ufli
The Sled,"Fred and Ben have big red sleds. The kids are on a quest to see if the sleds are fast. Fred sits on his sled. The sled is not fast. Ben jumps on his sled. The sled is not fast. The kids cannot get the sleds to be fast. “I got it!” yelps Fred. “What is it?” asks Ben. Fred runs to the sled and jumps on. The sled is fast as can be! Fred had to be fast to get the sled to be fast. The kids run and sled, run and sled. Ben looks up and sees the sun set. The kids have to go rest.",Short E Advanced Review,15,ufli
Nic Runs to the Book,"Nic did not run a lot. If he ran, he got hot. It was not fun to be hot. Nic just sits. If he sits, he is not hot. Nic sits on the bus. He has a book to look at on the bus. Nic gets to his bus stop. “Oh!” Nic left his book on the bus. Nic has to run to the bus to get his book. The sun was hot as Nic ran. At the next stop, Nic got on the bus and got his book. It was not fun to run but he was glad to get his book.",Short Vowel Review (all),13,ufli
Mom Has Lots of Jobs,"Mom has lots of jobs. At 7 a.m., Mom jumps on the bed. “Get up, Liv and Vic!” said Mom. “Can you get us OJ and hot buns?” asks Liv. “Yes!” said Mom. Next, Mom runs the kids to the YMCA. “Look at me! I can hop on the mats,” said Vic. “Look at me! I can run six laps,” said Liv. At 12 p.m., Mom, the kids, and the pups went to the vet. “The pups are fit,” said the vet. The kids and the pups have fun in the sun and mom looks at the plants. As the sun sets, mom said, “No jobs are left, kids and pups must go to bed.”",Short Vowel Review (all),14,ufli
Lost on a Run,"West was at camp. He left his tent to run. He runs his best in the sand at camp. He runs and runs. In a bit, he stops next to a big log to rest. He looks up and sees he is lost. West ran fast and lost his camp spot. “I have to get to the tent,” he said. He looks at his steps in the sand. Next, he sees the bend he ran past. In the end, he gets to his tent at camp and did not have to get help.",Short Vowels Advanced 1,11,ufli
Pet Land,"Jan and Tom are the best of pals. “Let’s go to Pet Land!” said Jan to Tom. “Pet Land has a lot of pets. It is the best pet spot to get dogs, cats, frogs, and slugs,” said Jan. The kids step into Pet Land. “What do you see?” asks Jan. “Look! The frogs jump from pad to pad! The frogs are fast!” said Tom. “Look! The dogs do flips! The dogs are fast!” said Jan. “Look! The cats spin and run! The cats are as fast as the dogs!” said Tom. “Look! Can you spot the slug?” asks Jan. “I see the slug! The slug bends and rests on the log, but the slug is not fast,” said Tom. Pet Land is fun!",Short Vowels Advanced 1,20,ufli
Fun on the Mat,"Kat and Grant are best pals. “Look at that big, red mat!”, said Kat. “I can do splits and flips.” Kat steps on the mat to do a split. “Look at me, Grant!” Kat got up and did a grand flip. Grant gasps and claps at Kat. Kat asks Grant, “What can you do on the mat?” Grant clasps his hands, jumps up, and flips. Kat claps at Grant. “Let’s do a stunt!”, said Kat. Grant grabs Kat’s left hand to help do swift flips. Kat lands on the mat. Kat and Grant did it! The pals clap and have a blast on the mat!",Short Vowels Advanced 2,12,ufli
The Hunt,"Jen and Bronx went on a hunt. “Look at the map”, said Bronx. “Stomp on the end of the log,” said Jen. “I see the top of a bag! Let’s dig it up!” said Bronx. The bag had six gum drops. Next, the kids went to the pond. “Look past the plant, Bronx. Can you see a bag?” asks Jen. “I see it! A bag is in the nest. It has ten mints!” said Bronx. Last, the kids went to the big stump. In a snap, Jen said, “I see a plump bag!” Bronx ran a sprint to the bag. It had lots of red hots. “Let’s split the bags,” said Jen. “It’s a grand plan!” said Bronx.",Short Vowels Advanced 2,17,ufli
The Jazz Class,"“Jill, do you want to go to a tap class or a jazz class?” asks Bess. “I want to go to a jazz class to do jumps and box steps!” said Jill. Bess adds Jill to Miss Bell’s jazz class. “Tell your mom the class is at ten,” said Bess, “I will help you stuff your jazz bag.” Jill grabs her red bag. “What do I put in the bag?” asks Jill. Put in a dress, but no frills. It must fit well. Next, toss in pins for your bun. Last, add your jazz book,” said Bess. “This class will be swell!” said Jill. “The best!” said Bess.",FLSZ Spelling Rule,11,ufli
The Dress Mess,"Steff ran in the grass and fell. “I am OK,” yells Steff. Miss Puff looks at Steff. “You are OK, but your dress is a mess!” “No!” Steff frets, “Mom will fuss if the dress is a mess.” “Do not fret,” said Miss Puff, “I will buff your dress and your mom will not see the mess.” Miss Puff rubs suds on the dress to get the mess off. Steff looks at the dress and huffs, “You can still see the mess.” “It is not bad,” said Miss Puff, “just a bit of mess left on the cuff.” Steff sees mom. Mom sees Steff. “What is it?” asks Mom. “The dress!” sniffs Steff, “it is a mess.” Mom looks at the dress. “Do not stress. I can fix the mess. Do you want to help me?” Steff nods. Mom hugs Steff.",FLSZ Spelling Rule,12,ufli
Cliff the Bull,"Cliff is a small bull. All Cliff wants to do is go run in the grass on the hills. But in the fall, he must be in a stall. You see, Cliff stomps on the grass and it gets small. He must be in a stall for a bit, so the grass can get tall. Cliff wants to be in the hills, but I must tell him no. Cliff is mad, so he rolls to hit the stall wall. The wall falls! Cliff runs to the hill. I call to him, but he will not go in the stall. What can I do?","-all, -oll, -ull",11,ufli
The Bull Frog and Troll,"A bull frog sits on a big pad in a pond. The bull frog is sad and wants a pal. A troll sits on a hill next to the pond. The troll is sad and wants a pal. Can the bull frog and the troll be pals? The troll pulls bugs from the tall grass on the hill. The bull frog sees the troll and hops up to him. “Can I see your bugs?” asks the bull frog. The troll grins. “Yes, I have lots of bugs you can look at.” The troll and the bull frog go up the hill to pull bugs from the tall grass. “You are so fun,” said the troll. “Do you want to be my pal?” “You bet!” said the bull frog. So, the troll and the bull frog got to be pals.","-all, -oll, -ull",13,ufli
Zack’s Trick,"Zack has a black bag. “Do you want to see a trick?” Zack asks his pal Brock. Brock nods. Zack picks up the bag. “Look in the bag and tell me what you see.” Zack looks in the bag but can not see well. “Quack, quack!” Brock jumps back. “Is it a duck?” Brock asks. “No! It’s not a duck,” says Zack. Brock looks back in the bag. He still can not see well. “Cluck, Cluck!” Brock jumps back. “Is it a chick?” Brock asks. “No! It’s not a chick,” says Zack. Zack flips the bag and a rock falls in his hand. Brock looks at Zack. “What? It’s just a rock? But what was the quack and the cluck from?” Zack grins and yells, “Quack, quack, cluck, cluck, my trick got you!”",ck /k/,20,ufli
Fish in Trash,"Shep and I go to the pond to skip rocks. As we get to the pond, we are in shock. The pond is full of trash! “What a mess!” I gag. I see a fish is stuck in mesh from the trash. “We have to help the fish!” I yell. “We will!” Shep yells back. We dash to the pond in a flash. Shep gets the mesh off the fish. “You are fast!” I gush. The fish swims on and we wish it well. Next, we stash the rest of the trash from the pond in a bag. We pull the bag shut. “Not bad!” Shep grins at me and we go back to skip rocks.",sh /sh/,14,ufli
Clams,"Dad put a bag of fresh clams on the shelf. “Do you want to help me shuck the clams?” Dad asks. “That will be fun! Where do you get them from?” asks Nash. “Get your iPad. Let’s look that up on the web,” Dad said. Nash sees a man dig and dig in the wet sand. The man pulls up six small clams. “You find them in the sand!” said Dell. “You got it!” Dad said. Dad hands Nash a stiff brush. He scrubs the grit off the clam shells. Then, dad helps Nash shuck the clams. Next, Dad drops them in a hot pot. Last, Dad and Nash gulp them up. “Yum! Yum!” they said.",Voiced th /th/,17,ufli
My Sloth Smells!,"I have a pet sloth. He is as soft as cloth, but he smells of filth. I have him sit in a lot of baths. But he still smells of filth! If I do the math, this next bath will be his tenth. As he goes in the tub, I add thick suds to help the smell. It did the trick! He smells of fresh grass, not filth. With the bath in the past, we sit and grab snacks. I had a small plum, and my pet sloth had twigs with buds on them. We were so glad the bad smell left!",Unvoiced th /th/,11,ufli
Chimps,"Chad met up with Chip to go on a walk and talk. As they walk, Chad says, “I just got a book on chimps. It says they munch on ants and plants.” “Do they run fast?” asks Chad. “Yes, they can run fast in the grass. And they can jump from branch to branch.” “Do they nap?” asks Chad. “Yes! They nap in nests of twigs.” Chip yells, “I wish I had a chimp! I want a chimp! It can be such fun!” Chad said, “No! Chimps are not pets. They get big and can snap at you.” Chip was sad. “Get a dog!” Chad said with a grin. “Yes, a dog will be a fun pet,” said Chip and he was glad.",ch /ch/,13,ufli
The Brick Shop,"Thad and Dell walk in to the brick shop. In the brick shop, bricks can be lots of stuff, not just bricks. “Look at all of the bricks in the bins!” says Dell, “The big red bricks can be a ship.” “The small tan bricks can be a cat. The small black bricks can be a rat. The cat can run with the rat.” says Thad. Dell and Thad pick their bricks from the bins. Then, the kids look up at the clock. The hands are at 12. “Grab your bricks and your cash, Thad. We do not want to miss lunch at the crab shack!” said Dell. “This was fun!” said Thad. “The best!” said Dell.",Digraphs Review 1,12,ufli
We Like to Shop,"“Chet, do you want to go to the mall?” asks Trish. “Yes! The mall has the best shops. We can chit-chat as we walk,” said Chet. Trish and Chet stop at the clock shop. Tick- tock go the clocks. Chet looks at the black clock on the wall. Next, they stop at the Snack Shack for lunch. They split fish sticks and chips. “What do you want to do next?” asks Chet. “We can walk to the book shop,” says Trish. Chet picks a book on shells and Trish goes with a book on trucks. Trish and Chet sit on a bench with their books. What fun it is to shop at the mall with a pal!",Digraphs Review 1,14,ufli
The Test,"“We have a math test!” said Miss Phan. “I had the book with me, but I did not look at it!” I tell Cass. “You are a whiz! You will do well!” Cass says as she whacks me on the back with a grin. I shrug at Cass. “I will have to do the test on a whim!” Miss Phan drops the test on the desk and says, “Do not talk when you have a test.” I grab the test and look at it. I see a graph. I see which box I should check. I can see what I must do next. All in all, I should do well. I am a whiz at math. Cass said so!","wh /w/, ph /f/",12,ufli
Ping-Pong,"Bing is a big fan of Ping-Pong. He brings a Ping-Pong set to hang with Cliff. Bing swung at the Ping-Pong ball. He did not miss. He hit the ball with a whack. Cliff did not have that luck. Cliff swung at the ball, but it was a swing and a miss. Bing has a tip for Cliff, “you should pull your hand back when you swing.” Cliff pulls his hand back. He hits the ball, but it goes long. The ball hits the wall with a crash. “I can swing a golf club, but I cannot swing this thing!” said Cliff. “Then let’s golf!” says Bing.",ng /ŋ/,12,ufli
The Prank,"Link sees Gronk’s cup of milk on his desk. Link thinks, “I want to pull a prank on Gronk.” So Link adds a bit of broth to Gronk’s cup. When Gronk gets back to his desk he drinks a big gulp from his cup. Gronk blinks. He looks a bit pink. “This milk stinks!” he thinks. Link winks at Gronk. “What did you do, Link?” yells Gronk. “It’s a broth milk mix,” says Link as he cracks up! Gronk huffs then cracks a grin. “I could be mad but that was a fun prank.” “Thanks!” says Link, “let me get your cup, I will grab you a fresh drink. No broth!”",ng /ŋ/ (as in nk),12,ufli
Thrift Thrills,"Rich wants to shop at the mall. Rich picks up the phone to call his mom. “Mom, can we go to the mall?”, asks Rich. “Yes, I think we can go to the mall and thrift for stuff!”, said his mom. “What is thrift?”, asks Rich. “We can shop for lots of things but not spend lots of funds!”, said Mom. “That would be fun!” said Rich. His mom picks him up at home and they go to the mall. They walk into the thrift spot. They see a stack of pants and a rack of belts. Rich asks his mom, “Do you want this?”. His mom nods, “Yes! Thank you, Rich!”. Rich and his mom fill up the bags with the things they thrift. “I did not think we could get this much!”, said Rich. “You can when you thrift!” said Mom. “It is a thrill to get a lot of stuff!”, said Rich.",Digraphs Review 2,17,ufli
Ping and Tink,"Ping and Tink are in Miss Lang’s class. “What would you like to do, Ping?” asks Tink. “Let me think. I want to do stamps. Can you bring them to me?” asks Ping. Tink gets the stamps with the ink pads. “I have the stamps plus a tub of felt tip pens,” says Tink. “I will get the blank books from the shelf,” says Ping. “What should we stamp in our books?” asks Tink. “Let’s stamp what we wish for. I wish I had six dogs,” says Ping. “I wish I could go to a brick shop. I would get bins and bins of bricks,” says Tink. The kids stamp and stamp. Then, Ping looks sad. “This is a big mess! The dogs look mad! Can you help me, Tink?” Tink stamps on Ping’s book. “There you go! The dogs are glad.” “Thank you so much! You are the best pal!” says Ping.",Digraphs Review 2,21,ufli
The Lost Case,"Chase has a gift from his dad. It is a black case with a red lock. He can lock his things in the case so they are safe. He drops the case by the gate in the sun. Then he goes to snack on his grapes. When Chase goes back to the gate, he can not find the case. “Who would take this case?” says Chase. His sis, Mave, waves from the path to the gate. “Did you take the case Dad gave me?” Chase asks Mave. “No!” Mave said with a shake. “This is not a game!” Chase states. “I did not take the case!” Mave yells. Mom walks up to them. “What is it?” “Mave hid the case dad gave me, and she will not tell me where it is.” said Chase. “I did not take the case! This is just a tale from Chase!” said Mave. Mom takes a look at Chase and grins. “Chase, what Mave said is not fake. I have the case. It is in the shade so it would not fade in the sun.” “See!” says Mave, “I would not take your case.” “I made a mess of this,” said Chase. Mave hugs Chase. Chase hugs Mave back. Mom, Chase, and Mave go sit in the shade with Chase’s case.",a_e /ā/,23,ufli
Let’s Go on a Bike Ride,"Blake and Mike plan to go on a long bike ride. They want to go fast to save time. “We could bring my kite and have fun with it”, said Blake. “I like that!” said Mike. They bike up the wide hill. “Let’s ride up fast!” said Blake. “Yes, we have a mile left to go,” said Mike. “Look!” said Blake. Blake and Mike pass by five kids on bikes. They are on a bike ride up the same hill. “Fast, fast, fast! We want to save time for fun with the kite!” said Blake. Oh no! They crash into a shrub. “Help!” whines Mike. Blake helps Mike get back on his bike. “Thanks. You are such a pal!” said Mike. “This is quite a bike ride!” said Blake. “What a thrill!” said Mike. Blake and Mike ride to the top of the hill with their kite in hand. Blake and Mike had lots of fun!",i_e,22,ufli
The Bone,"The phone rang. Cole woke in bed and sat up. “Who is it?” asks Cole. “It’s mom. Can you help me?” “With what?” asks Cole. “I went to get the bone for Stone, the pup, but it fell in a hole!” said Mom. “I can help!” said Cole. Cole drove to Mom’s home as quick as he could to get the bone for Stone. “The bone is white. It got stuck in there!” said Mom. Cole dove in the hole to get the bone. Mom froze. Did Cole save Stone’s bone? Yes! Cole got the bone for Stone. “Thank you so much, Cole!” said Mom.",o_e /ō/,16,ufli
Make and Take,"Blaze and Slone are in a make and take class. Blaze looks at the list of things to make. “I would like to glitz up a frame. What do you want to do, Slone?” Slone looks at the list. “I would like to glaze a cake,” she says, “Do we have time to do these things?” “I think we do. Let’s sit here on this bench,” Blaze adds. Slone grabs the cake kit. She goes with a white and pink theme. She frosts the cake white. Then she pipes pink roses on the top. Blaze grabs the frame kit. They stick glass stones on the frame. Then they add shells. “The frame looks fab!” said Slone. “The cake looks grand!” said Blaze. Slone hands the cake to Blaze. “A gift for you,” she says with a smile. Blaze grins back and gifts Slone the frame.",VCe Review 1; e_e /ē/,18,ufli
Bash with a Theme,"Steve wants to have a big bash with a theme. He asks his pal Cade to do it with him. Steve said, “Let’s use this twine to make nine spheres.” “Yes! We can make them look like globes.” says Cade. “Do you think we have time to make a dome cake?” ask Steve. “Yes! We can make it shine like the sun!” Cade states. “My, my, that would be quite a fine cake for the theme!” “Would you like it if Mike came?” asks Steve. “I could call him on the phone.” “Yes, tell him the date. He likes a fun theme” says Cade. On the date of the bash, Mike got on his bike and rode to Steve’s home. The mates had quite the time at the bash with the theme! What do you think the theme was?",VCe Review 1; e_e /ē/,13,ufli
Dane the Duke,"Once there was a fine duke. His name was Dane. Dane was not the same as the rest of the dukes in his land. Dane was the one duke that was a bit odd. Dane chose to ride a mule. The rest of the dukes did not ride mules. When Dane sat on his throne, he would hum tunes. The rest of the dukes did not hum tunes on their thrones. The dukes were all rude to Dane for his mules and his tunes. Yet, Dane was not rude to them. Once, a duke fell off his bike in a sand dune. Dane was the one who gave the duke a hand. When the duke got up, he said thank you to Dane. “I can see what a brave pal you are,” said the duke. We should not be so rude to you. “Thanks,” said Dane, “would you like a ride home on my mule?”","u_e /ū/, /yū/",16,ufli
Shane and Tate Hike,"Shane and Tate like to go for hikes in the grove. They like to hike as the sun sets. Once, they went for a hike and came back with quite the tale. They were a mile into the hike when Shane said they should take a rest. “If we stop, we will be home late,” said Tate with a wise tone. “It is not that late yet,” said Shane with a wave. “I vote we rest.” “Fine,” said Tate, “but just for a bit.” Shane and Tate sat on a pine log. Just then, Shane felt a poke on his leg. He rose with a shock. The poke was a sting! “Get up,” yells Shane, “we sat in a hive!” Tate and Shane sprint from the hive. They did not stop til they got to the end of the hike. Tate and Shane huff and puff as they walk back home from their hike. Shane lifts his pant leg and looks at his sting. “So much for a nice rest.”",VCe Review 2,15,ufli
"My Wife, Suze","My wife, Suze, was once a cute bride. On the eve we wed, Suze chose to standby my side as my date for life. We ate lime cake with my best mates. We got nine gifts. One mate gave us a rose vase. We had quite a fine time! At the end of the bash, we gave one last wave to the mates. Next, we rode home in a fine white truck. We sat close while we spoke of the fun time we had. We still have that white truck. When I ride in it, I smile and think of that time with pride. I was wise to make Suze my bride for life!",VCe Review 2,12,ufli
Dove Love,"I have some doves that live by my home. I love to give the doves some white rice as a snack. I sit on the bench and toss rice in the grass. Some have come close to me as they munch on their rice. They like to come close when I sit still. Once, one of the doves sat by my side while he ate. When they are done with their snacks, they take their place back on the line by my home. Then they flock to the nests where they live. If they could talk, I think they would thank me. I just love those doves!","VCe Review 3, VCe Exceptions",10,ufli
Benches for the Shop,Chase and Kate have skills with axes. They can use their axes to chop and slice and make nice things. Their bosses ask them to use their axes to make two benches for their shop. Chase and Kate grab their glasses to be safe. Chase slashes up a slab of pine with his ax. Kate makes frames for the benches and then they add the legs. Kate brushes the dust off the benches and Chase rushes to bag up the trash. They are all done. Kate does not think the benches look bad at all. Their bosses love the benches and ask if they can make a shelf next.,-es,10,ufli
The Boxes,"“Brice, can you help me?” calls dad. Brice looks up. He sees two boxes. “What can I help you with?” asks Brice. “We have to look at the stuff in these boxes to see what we can get rid of.” Dad hands a box to Brice. “You look in this one and I will look in that one.” Brice looks in his box. He sees some of his mom’s dresses. “Dad, does mom still want these dresses?” “Let’s ask. Set those dresses to the side.” Brice looks back in the box. He sees a set of dishes. “Dad, should we toss these dishes?” “No, I like those.” said dad, “Set them to the side.” Brice sees one last thing in the box. It’s a set of glasses. “Dad, should we get rid of these glasses?” “No, we can’t get rid of those, they match the dishes. Set them to the side.” Brice taps his hand to his face and grins. “Dad, we did not get rid of one thing!”",-es,15,ufli
Brent’s Snacks,"Brent loves snacks. His dad packed him many things that filled up his lunch bag. Brent crunched and chomped on his snacks at lunch. As he munched, Brent looked at his mates. They did not have any snacks. They looked like they wanted some of his snacks. Brent does not like to give up his snacks. His dad hinted that he should check to see if his mates wanted any. Brent just grunted at his dad. Brent’s dad added two snacks to his bag just in case. Brent looked at the two snacks and called to his mates. He asked if they wanted any. The mates said “YES!” Brent handed them the frosted snacks. They chanted, “Many thanks, Brent!” Brent was shocked that it felt so nice to give his snacks to his mates.",-ed,14,ufli
A Get Well Note,"Miss Hall called the names on the class list, “Jane.” “Here!” “Quin.” “Here!” “Hope, Hope?” “She is still at home sick. She has a stuffed up nose, and a flushed face,” said Tate. Quin asked, “Can we make Hope a get well note?” Luke added, “Let’s bring Hope a stuffed dog as a get well gift.” “That is a fine plan,” said Miss Hall. “What should we write in the note?” asked Jane. The kids looked at Miss Hall for help. Miss Hall said, “To Hope. We want you to get well fast. We send you lots of hugs. We miss you. Best wishes. From, Miss Hall’s class.” Tate said, “You rocked it, Miss Hall!” The kids all missed Hope. They were pumped to send the note and gift.",-ed,12,ufli
The Best Job For Me,"I have a job selling plants, but I do not like it much. I have been thinking of looking for a job in singing and acting. I have been selling plants a long time, but it is not my calling. I want to sing and act on a stage. I do a fine job selling plants, but it does not make me glad. I could be bad at singing and acting, but I must give it a shot. I will stop wishing for what I want and make a change. The stage is calling my name.",-ing,8,ufli
Packing for the Trip,"We are going on a trip to the Gulf. Dad rented an RV for the five of us. We were all helping to pack. I was stuffing the sun hats in a bag. We would use those for our ride on the shrimp ship. Jace was looking for the rake and dip net so we could dig for clams. Kim was packing the mesh bag and sifting pans for shelling. Mom was checking the list. “We missed some stuff. Jace, bring the rods for fishing. Kim, grab the snacks for camping.” Dad came into the RV and said, “We did a nice job packing, kids. This trip will be smashing!”",-ing,12,ufli
Camping in the Grove,"“Hi! Jan! Do you want to go on a camping trip with me?” Luke asks his friend. “What do you do when you go camping?” asks Jan. “We can bring a tent to camp in, nap sacks for resting, and snacks for snacking. We can ride bikes, go swim in the lake, and look for bugs,” said Luke. “Hmm,” Jan thinks. “I like to ride bikes, but I cannot swim, and I do not like bugs. What else can we do?” “Hmm,” Luke thinks. “We can take a walk next to the lake and look for rocks not bugs.” “Yes, I like that plan,” said Jan. Let’s go camping! The two friends have a blast on the camping trip. They ride bikes and spot rocks in the tall grass. They snack on chips, then get in the nap sacks to chat and rest. When the sun sets, they get in their tents and go to bed.",Closed & Open Syllables,15,ufli
My Pet Po,"I have a cute dog. His name is Po. We met when he was one. We have been best friends since then. Po is not a fan of walks and does not like runs. If it was up to him, he would just nap all the time. It is my job to make Po go for a walk. I can get him to come when the sun is up. We walk for a bit but then he stops. He sniffs the grass and then sits. I call him but he will not come to me. He just looks up at me and smiles. I can’t help but smile back at him. He is just so cute. In fact, the sun is quite nice. I sit on the grass next to Po. We can take a walk in a bit.",Closed & Open Syllables,17,ufli
Sage and Stepmom Pack Lunch,"“Sage, would you like to bring a friend with us to the pond?” Stepmom asked. Sage said, “Yes, I will ask Jane to come.” Stepmom said, “OK, we must make a list of things to take in the backpack for lunch. Can you help me do that?” Sage said, “Yes, when I am done looking for my laptop login.” “Are you all set to help me, Sage?” asked Stepmom. “Here I am! What do you have on the list?” “I have milkshakes, hotdogs, and chips. Is there something else you would like to add?” asked Stepmom. “Jane likes cupcakes. I love drumsticks!” said Sage. Stepmom smiled and said, “I will add those things because I love you.” Sage grinned and gave Stepmom a big hug. When Sage, Jane, and Stepmom got to the pond, they ate their lunch and tossed the softball. Sometimes they stay at the pond til sunset, but this time they left at two because Jane had to get home. Sage and Jane thanked Stepmom for helping them have such a fun trip to the pond.",Compound Words,12,ufli
The Big Game,"I love softball. Once, many of my friends said they were going to the big softball game. I asked my mom to take me. My mom could not take me because she had to pick up my sis from kickball. I was upset. Then, mom made a phone call. “Your stepdad will take you to the game, my love.” I got my backpack and left for the game with my stepdad. When we got there, we went to the snack stand. My stepdad got a drumstick for himself and a hotdog for me. We walked uphill to the stands at sunset. The softball game is going. When they hit a home run, we all yelled. I felt like I hit the jackpot. My stepdad and I got a snapshot to send to mom. We had the best time at the softball game.",Compound Words,15,ufli
A Sunset Picnic,"Janet and Robin are best friends. They are planning a sunset picnic. “We can set up the picnic next to the sandbox,” said Janet. “We can pack a basket full of snacks and a big sandwich to munch on”, said Robin. Robin packs the basket with the snacks and a sandwich to split. Janet packs the drinks and a blanket. Robin adds plates. Janet adds napkins. “We are all set to have a picnic!” The friends walk to the sandbox and set up the blanket. Then, they grab the plates and napkins for the snacks. “Look at the sunset!” said Janet. The friends have fun at the picnic. “I want to do this often!”, said Robin. “That is a grand plan!”, said Janet.",Closed/Closed,14,ufli
The Game of Tennis,"Tennis is quite a fun game. It looks complex, but I can give you some tips. The game calls for a net, ball, and racket. You use the racket to hit the ball across the net. When your racket makes contact with the ball, swing fast. In a tennis contest, you must win six games to win a set. Then, you must win two sets to win it all. The game goes fast and can be a bit hectic. Do not panic, you will get the hang of it. I must admit, a rapid tennis game is fun to witness. So, grab a friend and give tennis a go!",Closed/Closed,11,ufli
Fun Moments with Noel and Keke,"Noel and Keke are done with class. The friends want to find something fun to do. Noel gives Keke a list of things they could do. Keke looks at the list. “I would like to go to the Bash and Splash! We can get a suntan and swim in the lake.” Noel nods at Keke. “Yes, Bash and Splash will be fun. I also want to do a U-Pick. We can pick lemons at Levi’s Ranch. I like a splash of fresh lemon in my drink.” Keke grins. “Yes, we can do the U-Pick. Last, I want to go to Swing Zone. The zip line is so fast!” “Okay,” said Noel, “We have to get going if we want to have time to do all of these fun things!” “Well then, let’s go!” said Keke. The friends had a blast at the Bash and Splash, the U- Pick, and the Swing Zone. They were so glad class was done so they could do these fun things!",Open/Closed,15,ufli
The Pumpkin Place,"Raven loves pumpkins. When it is Fall, Raven likes to go to The Pumpkin Place to get a pumpkin. This is where all the best pumpkins are. Raven gets in the truck and drives to The Pumpkin Place. She walks in and takes a moment to look at all the pumpkins. She sees they are lined up by size. Raven must find the best pumpkin to take home. It must be big, but not so big that she cannot pick it up. She spots one that looks nice. When she picks it up, she sees that it has a scratch on the side. “This is not my pumpkin,” she thinks. Then she spots it. The best pumpkin. She looks at it from all sides. No spots, no scratches. “This is it!” Raven yelps with pride. Raven puts the pumpkin in the truck. She stops to get a hot drink and a donut for a snack. As she munches on the donut, she thinks of where she will put her pumpkin when she gets home.",Open/Closed,19,ufli
Hide and Find,"Colt is a wild child. He likes to hide from his friends. Colt was at his old friend Keon’s home. When Keon was not looking, Colt hid behind a hutch. “Where did you go?” Keon yelled. Colt did not call back. When Keon walked past the hutch, Colt bolted and hid behind a gold desk. “Colt, I do not like this game. It’s time to stop!” Keon yelled. But Colt did not stop. He ran from the gold desk and hid in the tall hedge. Keon got a glimpse of Colt’s jacket behind the hedge. “There you are!” “Colt, I told you I do not like this game,” Keon scolds, “I do not like it when you hide or when I have to find you.” “I did not think you would be mad. I think the game is fun,” Colt said. “That is because you are a wild child and I am not,” Keon responds. Keon and Colt both felt bad. The two friends made up and switched to a game they both like.",Long VCC,17,ufli
Henry and the Sock,"Henry is a funny puppy. He is the only pet in the Tobinsky family. He does what he is told…most of the time. You see, Henry loves socks. If Henry finds a sock, he takes hold of it and will not let it go. The Tobinskys try to mind Henry all the time so he cannot snatch their socks. One day, the Tobinskys sat at the dining table to do a simple puzzle. Henry was on the rug next to the table. This was Henry’s lucky moment. At the edge of the rug, there was an old pink sock. Henry’s body wiggles and he jolts up to get the sock. All of a sudden, Poppa Tobinsky spots Henry and lifts him up with a giggle. The silly puppy did not get the sock, but he did get some belly rubs.",Ending Patterns Review,13,ufli
The Nurse Workshop,"Lenora is a nurse. She is going to a workshop to sharpen her skills. As she enters the workshop, she sees a girl in a pink shirt. That is her friend, Birdy. Lenora taps Birdy and murmurs hello. Birdy perks up. “This is superb!” she says, “I am so happy to see another friend here.” In the first part of the workshop, Lenora and Birdy take turns checking their vitals. Next, they work on mending burns. Third, they work on fixing broken bones. The girls are thrilled. “What a perfect workshop. I love being a nurse.” says Lenora. “Will I see you at the next one?” asks Birdy. “Do not worry, I would not miss it,” Lenora confirms.","er, ir, ur, w + or /er/",14,ufli
Backyard Garden,"Zury loves to work in the backyard garden with her father. There is nothing quite like it. The birds chirp under the sun and the buds are pretty in the garden. Zury has worked in the garden since she was a little girl. One of her first chores was to spend mornings in the garden. She has found that there is an art to garden work. It is not hard, but you have to be smart. Her father has a chart that tells them when to water the plants. Zury is in charge of the reports on the chart. The reports tell which part of the dirt is fine for plants and which part could use some help. Zury thinks this is the best kind of work in the world. She is happy to have a part in the garden with her father.",R-Controlled Vowels Review,12,ufli
Playing at the Arcade,"Today is Faith’s birthday. Cain has paid for them to go to the arcade. As Faith and Cain walk inside, they see a lot of different games. “I’m going to play Pac- Man! I love the theme song,” said Faith. Cain runs over to a pinball game. “This one makes clacks, dings, and pops. It’s so much fun!” he yells. Next, Faith and Cain play the crane game. Cain wants to win a stuffed animal for Faith. He sees a black and tan snail. He moves the crane back and forth, but it sways. The crane drops the snail. The first try is a fail. He has another go at it and wins! Before the kids go to lunch, they stop by the photo stand. “Your birthday is a very important day, Faith. Let’s take a photo together,” says Cain. The kids take lots of snap shots. “This has to be my best birthday ever!” said Faith. “I’m glad!” said Cain.","ai, ay /ā/",21,ufli
Jay’s Jeep,"Jay dreamed of being sixteen for a long time. When he turned sixteen, he could finally drive all by himself. In the weeks before Jay’s sixteenth birthday, his father spent time teaching him to drive. He had to keep both hands on the wheel. He had to have his seatbelt on and limit his speed. “When you drive, being safe is important above all else,” Jay’s father told him. On Jay’s sixteenth birthday, he and his father went to the car dealership. Jay saved his money for weeks and weeks. He could not wait to spend it on a car. Among the sea of cars in the lot, Jay saw a neon green Jeep. He peeked inside and held the steering wheel. He beeped the horn and beamed. “This is the one I want,” he screamed. When Jay saw the fee for the Jeep, his face fell. “This Jeep is not cheap. I need to pick another one.” “Wait,” said Jay’s father, “I will give you the extra money you need. Consider it your birthday treat.” Jay was so stunned he could not speak. He got to keep the Jeep! “Who will you take on the first ride?” asked Jay’s father. “You!” beamed Jay, “Let’s take a ride to the beach.”","ee, ea, ey /ē/",20,ufli
The Snowy Coast,"The drive to the coast was long and slow. The roadside was filled with heaps of snow. Snowflakes were still floating from the sky above. Joan groaned in the back seat. “Are we there yet?” she asked again. “Not yet. Maybe you and Rowan can play games,” said mom. Joan and Rowan start with a bubble gum blowing contest. Joan blows the bigger bubble and wins! Next, they look for things out the window. Joan sees a boat tugging coal on the water. Rowan sees a yellow train covered in snow on the long railroad. Dad asks Joan and Rowan if they saw the doe with the spotted coat eating oats by the road. “What is a doe?” asks Rowan. “A doe is a female deer” says dad. Joan leans against the window so she can see better. “That doe is thirsty, look at her drink!” says Joan. The snow keeps falling harder and faster. “When we get to the coast, we will need to unload the car quickly because it is very cold!” said Rowan. “Are we there yet?” Joan asks again.","oa, ow, oe /ō/",20,ufli
Night Light,"I have always been afraid of the dark. I do not like nighttime because it is so dark. Again and again, I find myself in a state of fright each night. I do not want to be afraid of the dark. I want to fight this fright. I go to my mother for some insight. “I am tired of being afraid of nighttime,” I cry. She sighs and pats my thigh. “What if I told you there was a way to see some light at night?” At nightfall my mother calls me over to the window. I come close to her, and she holds me tight. “I am always with you,” she says as she turns off the light. I try my best to fight the fright I feel without the light. Just then, lightning flashes in the sky above. It is so bright it seems to light up the whole world. To my delight, the lightning strikes again and again. It lights up the sky each time. I turn to my mother and smile. “Thank you for your insight. Why are moms always right?” She grins and hugs me tight. We watch the lightning until I fall asleep. When the sun comes back up, I almost miss the night.","ie, igh /ī/",21,ufli
Firewood,"Woody wanted to make a campfire in his backyard. The only problem was that he did not have any firewood. He went door to door to ask his friends if they had any firewood. One friend said, “I do not have firewood, but I could use your help. I need to remove this bush from my yard.” Woody agrees to help his friend. He pushed and pulled but the bush would not budge. Woody took a rest and looked for some tips on his phone. “I can use a hook to get rid of the bush,” Woody said as he returned to the stubborn bush. He put the hook on the trunk of the bush and pushed, pulled, and shook. It took a lot of work, but the bush gave way. Woody cut up the wood from the bush and went back to his friend’s door. “You poor thing! That was one mean fight!” said his friend. “Let me give you some money for your hard work.” Woody shook his head. “It was hard but look, I turned the bush into firewood.” Woody and his friend took the firewood to Woody’s backyard and made a big campfire.","oo, u /oo/",15,ufli
Raccoon in the Garden,"Everyone on my street loves to garden. Each Spring, there is a contest to see who has the best garden. I think my garden can win. My plants are in bloom. I have had my tools in hand and my work boots on all day for many days now. My son has even been helping me. The plants that are blooming the best are my mushrooms. Today was the day of the contest. My son and I looked at the garden from the window. My son shook my arm. “Racoon!” he yelled. I turned and there was a racoon sniffing at the mushrooms! We zoomed out the door to shoo the raccoon away before it could scoop up a mushroom. “Scoot!” I yelled. The raccoon got spooked and ran away. “Good!” said my son, “the raccoon left.” I looked at the garden. “Not good,” I grumbled, “the racoon stomped on the mushrooms.” “Stay cool. We can fix this!” my son said. He picked up a tool and removed the broken mushrooms. Then we smoothed all the dirt in place. We got the garden fixed just in time for the contest. The judge came over to look at the garden. She took a photo of the mushrooms and told us that we won!",oo /ū/,23,ufli
Dewey’s Birthday Lunch,"Dewey’s birthday is this month. His crew wants to find a new place to have a birthday lunch for him. Sue thinks they should go to the place she visited last Tuesday. It had tasty cheeseburgers. Dave thinks they should go to the place he went last Thursday. It had amazing nachos. Sue’s burger place won. On Dewey’s birthday, the whole group was ordering food and drinks. Dewey got an apple juice to start. Then he ordered a cheeseburger with a side of fruit. Sue ordered grapefruit juice and blue crab soup. Dave ordered a meaty stew. The crew chewed and chewed until the bill was due. Then the staff came with a free cake with a candle on it. The crew sang and Dewey made a wish on the candle. Happy Birthday, Dewey!","ew, ui, ue /ū/",16,ufli
The Art Contest,"Lawson loves to draw. He is self-taught, which means he has never had a formal art lesson. He has spent many hours over the last few months sharpening his raw talent. He has drawn hawks with claws, a fawn at dawn, and a racoon that he saw in his yard. Each time he draws, his skills increase. Once day, Lawson went to the art supply store to get some fresh markers for his drawings. There he saw a flyer for a drawing contest in August. The contest was to draw a family portrait. Lawson was good at drawing animals, but he had never drawn people before. He felt a bit intimidated by the contest, but he chose to be brave and enter. Next, he launched a mission to find a family to draw. He explained the contest to one of his friends. His friend offered himself and his baby son as models. This caused Lawson to leap with delight. Now he was ready to pursue the prize. Lawson had his friend hold the baby and stand on the lawn. Lawson started to draw, but then the baby bawled. “Try to sit instead,” said Lawson. They sat, but then the baby started to crawl. Lawson got the baby a ball to hold. The baby took the ball and held still. At last, Lawson could draw the family portrait. He created the perfect piece to enter the contest. Lawson hauled his drawing to the art store. The judge was thrilled with his work. Lawson won the contest, and the judge presented him with the prize.","au, aw, augh /aw/",26,ufli
The Surprise Breakfast,"On Monday, Seth headed home with a note. The class breakfast party was on Wednesday, and it was Seth’s turn to cook. His father read the note, shook his head, and began to sweat. “Today is Tuesday! I do not have time to prep! Could we swap days with someone else?” Seth looked at his father with dread. “No! I made a promise to the squad that you would cook for them on Wednesday.” His father was swamped but he did not want to let his son down. He leapt up and took a sip of water and a deep breath. “Let’s head to the shop. We have an hour to wander.” At the shop, Seth wanted to grab bread for French toast. Father said, “Squash that idea! We do not have time.” Then, Seth wanted to grab items to make waffles. “Get the frozen ones instead!” his father shouted. On their way out, they snatched some grape spread and fruit. “Waffles with grape spread and fruit on top will be healthy and easy,” said Seth. Wednesday morning Seth watched with a smile as his father cooked breakfast at dawn to feed his classmates.","ea /ĕ/, a /ŏ/",17,ufli
Delroy and Booker at Camp,"Delroy and Booker try to do all things with each other. In February they play hockey and in March they play football on the same teams. Yet, they spend every hour, even every minute waiting for June when they go to camp. For a week each year they can boycott bedtime, dig in the soil with no voice saying no, join boys in fishing boats, run races, play tag at nighttime, and more. This year their plans may be spoiled. On Monday, Delroy tells Booker that he will not be joining him at camp this June. Booker feels destroyed by Delroy’s choice. Delroy pointed to all the fun Booker would have at camp, but Booker waved away the noise of his voice. In the time leading up to June, Booker would not see Delroy once. When Booker made it to camp, no boy could change his bad mood. He sulked to his cabin and slumped on to his bunk. He looked at his nightstand and saw a note with his name on it. He opened the note. It was from Delroy! Dear Booker, I wish I could be at camp with you. I told the boys all of the fun things we do, and they promised to take my place. Have fun. I will see next month. Your friend, Delroy Booker smiled. He was glad to have such a good friend.","oi, oy /oi/",20,ufli
The Clown Show,"In February, there is a clown show downtown every Monday night. This is Scout’s favorite show in the world. His father vowed to take him each week. Scout counts down the hours and minutes until the show. When it is time to go, Scout bounces out of the house. He plows past the loud crowd and shouts when the clowns enter the outdoor stage. The first clown is dressed like a cowboy. He mounts his horse and rides around getting howls from the crowd. The next clown gives heart-shaped flowers to a clown with a frown. Somehow, the flower turns the clown’s frown upside down. At the end of the show, all the clowns are jumping around on stage. Scout’s eyes cannot focus. There are too many clowns for him to count. Scout looks at his father and makes a heart shape with his hands. His father gives him a hug. Without a word, they head back to the house. What a great night at the clown show. Scout cannot wait to go back next week!","ou, ow /ow/",18,ufli
Wadson Bakes Bread,"Wadson liked to bake. He was known for his bread. When his friends talked about his bread, they called it “the bomb!” He had a knack for kneading rolls with his knuckles. His friends could not ever stop eating his bread. They ate it as soon as he would make it and never left a crumb. Wadson worked hard to make bread for his friends. One day, as he was kneading his rolls, something felt wrong. His wrists were so sore they were almost numb. He wrung his hands thinking of what he could do. He didn’t want to stop, but he could not keep working with sore wrists. He walked back and forth, back and forth just thinking of what he could do. All of a sudden, he knew what to do! He took some note cards and pens and knelt at his desk. He wrote and wrote. He gave each of his friends a card with the steps for baking bread. Now he could rest his wrists while his friends kneaded the bread!","kn /n/, wr /r/, mb /m/",16,ufli
Art Class,"Joy and Shawn like going to art class. Miss Smith teaches them how to do many things such as sketch and paint. Today, they are going to paint animals in the snow. “First, you will sketch the foxes. Then you will use different shades of paint. Joy, can you get the brushes and paper? Shawn, can you get the paint sets and cups?” The kids pass out the art stuff and start to paint. Joy asks, “Miss Smith, how do I make it look like snow is falling?” Miss Smith answers, “You can flick your brush like this.” Shawn mixes brown and white paint to make a light brown tint. Miss Smith said, “Shawn, don’t forget to use several coats on the foxes’ fur. It will make the fur look plush and full.” At the end of class, Miss Smith says she likes the children’s art. Joy said, “We do good because you teach us well.” Miss Smith hugs the kids.",-s/-es,11,ufli
Wesley and Whitney,"Wesley and Whitney are twins who love to compete. Whitney boasts that she is two minutes older than Wesley and Wesley brags that he is one inch taller than Whitney. They compete all day. At breakfast they each tried to eat the most. “I can eat the tallest waffle stack!” Wesley said. “That waffle stack is not the tallest, mine is taller!” Whitney said. At school, the twins always peeked at each other’s papers. “My work is neater than yours!” said Whitney. “No, my work is the neatest!” shouted Wesley. During math, they both called out the answers as fast as they could. “I have the sharpest mind!” yelped Wesley. “No, my mind is sharper!” Whitney responded. Being the best was important to the twins. That is until one Wednesday in February when everything changed. Wesley and Whitney were at track practice. They both wanted to be the fastest. “On your mark, get set, go!” yelled Coach and they were off! The twins were neck and neck until a pebble flew up from the ground and hit Whitney. “My eye!” She yelled and fell down. Wesley slowed down. He looked back at his twin who was hurt. He did not want to be quicker than Whitney anymore. He helped her up and they finished the race together. The twins still like to compete, but now they know they are stronger and better when they help each other.","–er, -est",24,ufli
Nurse Kent,"Kent’s dream was to be a nurse. He wanted this job so badly. He felt like it would be the highest honor to be a nurse. Kent decided to enroll in classes. He instantly loved what they were teaching him. It was a lot of work and very costly, but he bravely kept going. He was happy to show off his newly learned skills. Kent goes to the hospital with his teacher to practice his nursing skills. It is his turn to demonstrate how to treat a sick child. He calmly walks up to the child’s bedside and puts on gloves to safely check for a fever. The child is slightly warm and has a bad rash. Kent quickly grabs some ointment and gently spreads it on the rash. Then he carefully covers the rash with gauze. Kent’s teacher is proud of his work. After many years of studying, Kent passed all of his classes and exams. He is finally a nurse! He loves his highly demanding job and could not dream of doing anything else.",–ly,17,ufli
The Unkind Rumor,"Today, Roscoe uncovered an unkind rumor about his friend, May. He wanted to find out the truth, so he went to speak to her directly. When he asked her about the rumor, May exclaimed, “That is untrue! Where in the world did you hear such an unreal statement? Be honest, Roscoe!” Roscoe was unable to uncover where he had heard this hurtful tale. “Do you truly think this about me?” asks May. “Are you spreading this around town? This makes me very unhappy!” “I did not trust what I was told. I think it is untrue,” explains Roscoe. “That’s why I came to you instead of letting the rumor spread.” May takes a breath and gives Roscoe a meaningful look. Roscoe is a true friend, and May is thankful for his honesty. Together, May and Roscoe squash this untrue rumor and unlock the truth once and for all.",un-,12,ufli
Fritz and Nibs,"Fritz and Nibs are Kate’s best friends. In the morning, you can find the dogs napping on their padded beds. When they see Kate filling up their bowls with food, they come running. As they gobble up the kibble, their tails are wagging, and they have a half-lidded gaze. They like to eat! In the afternoon, Fritz and Nibs spend time napping and wait for Kate to come home from class. When she opens the door, they come whizzing over to her with glee. They give Kate lots of kisses and she gives them lots of belly scratches. In the evening, Kate feeds the dogs again. Then, she plays fetch with them, only stopping when it is time to do homework. Fritz and Nibs keep Kate very busy. She loves spending lots of time with her dogs because they are her best friends.","Doubling Rule -ed, -ing",12,ufli
David and Poppy,"David is just like his grandfather, Poppy. When Poppy was a kid, he batted for his baseball team. David is batting for his team now. When Poppy was a kid, he was known for running the fastest on his team. Now, David is the fastest runner on his team. Poppy was thinner than all the other players on his team but always wanted to be bigger. David is slimmer than the other players but wishes he was the biggest too! When Poppy gets angry, his cheeks always turn red. When David gets angry, his cheeks turn even redder than Poppy’s! Today, Poppy and David love to play baseball together. Poppy even built a batting cage in his yard to use when David visits. They talk about building an even bigger one together next summer. When they play baseball together, they practice pitching. David always flatters Poppy by saying Poppy throws the fastest pitches. Poppy smiles knowing that one day David’s pitches will be faster than his.","Doubling Rule -er, -est",15,ufli
Heaven’s Skating Gift,"Heaven has always dreamed of being an ice skater. The closest she has been to skating is dancing. She has danced her entire life but has never had the chance to put on ice skates and get in a rink. On the morning of Heaven’s birthday, her mom woke her up extra early. “Happy birthday, Heaven!” she shouted. Heaven was still sleepy and a bit startled but slowly awoke. “Here,” mom said as she handed Heaven a card, “open your gift.” Heaven sat up, rubbed her eyes, and slowly opened her card. As Heaven read her card she gasped then smiled. “Skating lessons!” she squealed with delight. This was the nicest gift Heaven had ever gotten. That afternoon, Heaven found herself at the skating rink for the very first time. She felt a bit timid at first and hoped she would meet a new skating friend. As she sat on the bench to put on her skates, the nicest girl sat beside her. They chatted and joked and soon Heaven felt braver. Her ice-skating lesson went well. Heaven felt like she was dancing as she sliced across the rink. She loved that feeling. When the lesson was over Heaven hugged and thanked her mom. She would not have traded this gift for anything.",Drop-e rule,19,ufli
Hobbies,"Do you know what a hobby is? Hobbies are activities you do just for fun. Hobbies can be anything like sports, games, music, or crafts. Next time you are even the tiniest bit bored, consider trying a new hobby. My friend Everly has a ton of hobbies. She likes to play the piano, ride her bike, and read books. Everly is happiest when she gets to spend time on her hobbies. When Everly plays her piano, she likes to pretend that she is a rock star in front of a huge crowd. She can even hear the cries of applause from her fans. On the sunniest days, Everly rides her bike on trails. Most of the time she invites her buddies to join her. They like the bumpiest trails the best and race to see who is the fastest. On days it is a bit cloudier, Everly likes to read. She finds her fluffiest blanket, makes herself a yummy snack, and curls up with a good book. Everly’s hobbies make her happier. She says the key to finding a good hobby is picking something you love doing just for fun and just for yourself. What kind of hobby would you like to try?",Y to I Rule,17,ufli
A Drip in the Sink,"Drip! Drip! Drip! What is that? It is a drip in the sink. Can we fix the drip? Yes, we can. Turn off the tap. Now, there is no more drip!",,9,textproject
A Happy Hen,The red hen hops into her nest. She hums a happy song as she rests. Why is she happy? She hid her eggs! They are in her nest. No one can find them. That is why the hen hums.,,7,textproject
A Mad Cat,"Hiss! Hiss! Oh, no! My cat is mad. Its back is in a curl. Its tail is up in the air. I get far from my cat! It can scratch! I add a treat to its dish. My cat runs to the dish. Now, my cat is not mad. My cat is happy! Meow! Meow!",,14,textproject
A Snug Bug,A bug sits on a rug. It is happy and snug. The bug feels a tug on the rug. It’s a big puppy! The little bug gets under the rug. It has a nap. The puppy wants to get under the rug too. But the puppy is too big. The puppy sits on the rug. It has a nap. The puppy is snug on the rug. The bug is snug under the rug.,,12,textproject
A Windy Day,"Let’s go out. I will bring my black hat. WHOOSH! Oh no! The wind took my hat. My hat lands in a ditch! It is damp and dirty. I will give my hat a bath. Now, it is not dirty. But it is still damp. I guess I will wear my pink cap today!",,11,textproject
Ben the Fun Bunny,Ben is a bunny. He loves to hop. He loves to run too. Ben plays with his bunny friends. They have fun in the sun. But now the sun sets. Ben and his friends must run home. Ben hops into his nest. It is bed time for Ben.,,9,textproject
Bill’s Trip,"Bill is off on a long trip with his mom and dad. Bill asks his dad, “Are we there yet?” His dad says, “No, but look in this bag.” The bag has things that Bill likes. There’s a bun with jam. Bill eats the bun. There’s a book about dogs. Bill reads the book. There’s a game too. Bill plays the game. Then, his dad says, “We’re here!” But Bill wants to keep playing the game!",,9,textproject
Cat’s Big Hat,"Cat has a big hat. Cat loves its big hat. Cat runs after Rat. Rat jumps into a box. Cat jumps into the box, too. But Cat’s big hat does not fit. It falls off of Cat. Rat jumps out of the box. She puts on the big hat. Then, she runs away. Now Rat has a very big hat. And Cat has none! Sometimes a big hat can get in the way.",,13,textproject
Fun in the Sun,"The sun is out. But it is so, so hot. Matt puts on his red hat. The hat’s brim will keep the sun away. Ann puts on a cap. The cap has a rim. The rim will block the sun. Ann and Matt run and jump. They have fun in the sun.",,9,textproject
Mike the Mop-Man,"Mike has a big job. His job is to fix messes. A mop helps Mike do his job. Everyone calls him Mike the Mop-Man. Oh, no! A mud storm strikes. Thick mud is everywhere. Mike mops madly. He mops and mops. Soon the mud is gone! Everyone claps and claps. “Hooray for Mike, the Mop-Man,” they say.",,12,textproject
Rex Sees the Vet,"Meg had a pet dog, Rex. One day, Rex got sick. He was very hot. Meg had to take Rex to the vet. The vet gave Rex a shot. The vet said to Meg, “Give Rex lots of water to drink.” Meg did what the vet said. She gave Rex lots of water to drink. Soon Rex was okay. Rex was ready to play with Meg!",,9,textproject
Sam’s Lap,"Sam sits on a mat. A cat sits on Sam’s lap. Sam pats the cat. Then, the cat sees a dog. The cat jumps off Sam’s lap. He runs after the dog. But the dog is too fast. The cat comes back to the mat. But Sam is not on the mat. She runs with the dog!",,10,textproject
Sid’s Red Pen,"Sid sits at his desk. Sid has a red pen. He has some paper too. Sid draws a big sun. But the sun is yellow, not red. Sid draws a little frog. But the frog is green, not red. “What is red?” thinks Sid. “My pen,” says Sid. So, Sid draws a red pen!",,10,textproject
Spot and the Hot Pot,"Spot is a little dog. One day Spot sees a pot. He jumps on it. But the pot is hot! Spot jumps off that hot pot. His friends ask, “Spot, are you OK?” “Yes,” says Spot. “But I need to cool off.” “We can swim,” say his friends. Spot and his friends jump in a lake. Splish! Splash! They have fun. And Spot now knows. Do not play with hot pots!",,13,textproject
The Swim Lesson,"Tim cannot swim. So he puts on a swim vest. His mom helps too. She swims by Tim. Tim holds his mom’s hand. They go up and down the pool. Then, Tim lets go of his Mom’s hand. He kicks with his legs. He moves his arms. He swims up and down the pool. His mom claps. Tim can swim!",,12,textproject
Tim and the Map,"Tim finds a map. The map has a red X. The X marks a spot. Tim sets off to find the X. Tim takes the path on the map. He sees a bush. He goes past trees. Tim comes to a big rock. He checks the map. He is at the spot with the X. Then, his friends pop out from the rock. They call out, “Surprise!”",,12,textproject
What I Like,I like lots of things. I like to sing. I like to swim. I like to play with my friends. I like hugs. But there are some things I do not like. I do not like to be sick. I do not like to sit still. And I do not like to quit!,,9,textproject
What’s the Tap?,"Tap, tap! Tap, tap! What is that? It is a bird. It taps at the window. The bird wants to come in. “No, bird. You cannot come in,” I say. Tap, tap! Tap, tap! What is that? It is my friend Kim! Kim taps at the door. “Can I come in?” asks Kim. “Yes, Kim,” I say. “Please come in!”",,16,textproject
Yap! Yip!,"Max is a happy pup. It is time for a walk! Max goes, “Yap! Yip!” Lin takes Max for her walk. Max wags her tail. Then she goes, “Yap! Yip!” Lin and Max play. Max runs and jumps. Lin says, “Good job, Max!” Max says, “Yap! Yip!” She sits. “Time for your nap,” says Lin. Max takes a big nap.",,12,textproject
A Gooey Mess,"Sam wants to make something fun. She asks a grown-up. The grown-up says, “Yes.” Sam gets water. She gets a red drink mix. She puts them in a dish. Sam adds cornstarch, too. Sam mixes it all up. Soon, it is goo. She dips her fingers in the dish. She puts the goo on her chin. Sam runs to her brother’s room. He sees Sam’s sticky chin. He yells, “Ahh!” He runs away. But then he comes back. “Can I have some, too?” he asks.",,15,textproject
A Loud Pop,"Raj went to the top of the hill. He had a rest under a bush. Then, Raj heard a loud pop. He jumped up. What was the loud pop? Raj ran down the hill. He saw Bob. Bob was blowing up balloons. A balloon had popped! Bob said, “The balloons were for you. It was a surprise!” Raj said, “You did surprise me! The pop was very loud!”",,12,textproject
A Muddy Mess,"Ava and Ben love to play outside. They find a big muddy spot. They jump in! They make mud pies. Mud is all over them. They have mud on their faces. They have mud on their feet. They don’t mind the mess. But Ben’s dad minds the mess. Ben and Ava go inside for a snack. Ben’s dad says, “That’s too much mud. You must scrub up before you have a snack.”",,12,textproject
Ant Attack,"Will and Robin were going on a picnic. Will got cups and two bottles of pop. Robin got chips and dip. The cups, pop, and snack went into some sacks. Robin and Will ran up a hill. They got to the top. They put down the sacks on a rock. Then, Will and Robin had a game of tag. Soon, they were ready to eat. “Let’s get our snack and pop,” they said. Will and Robin went back to the rock. They saw their sacks. Ants were all over the chips and dip. Ants were in the cups, too. “This is not good,” said Robin. “I don’t want ants on my snacks,” said Will. Will and Robin put the chips and dip into the trash. Then, they ran back down the hill. They got a snack at home!",,19,textproject
Band Practice,"Dan, Finn, Jax, and Bett have a band. The band will play at school on Friday. They need to get good. On Monday, they play at Dan’s house. But Dan has a baby sister. She cries and cries when they play. On Tuesday, they play at Finn’s house. But Finn has a dog. She barks and barks when they play. On Wednesday, they play at Jax’s house. But Jax’s dad is working. He tells them to stop. On Thursday, they go to Bett’s house Bett’s house has a basement. They can play and play all day long! On Friday, the band plays at school. Everyone claps and cheers.",,16,textproject
Beat the Bell,"Jenna got up. Jenna saw the time. It was ten. She was late! Jenna got her bag. Jenna had to run. Or she would not get to school on time. Jenna ran by a man with a cat. Jenna wanted to pat the cat. But she did not stop. Jenna ran by a band. She wanted to hear the band play. But she did not stop. Jenna ran up a big hill. At the top, she wanted a drink of water. But she did not stop. Jenna ran down the hill. She ran as fast as she could go. She did not stop. Finally, she got to the school gate. Just then, the bell rang. Jenna got to school on time!",,22,textproject
Box of Socks,"Lee has a lot of socks. They are red, green, and yellow. She keeps them in a box. Lee loves her socks. The red socks are great for hopping. The green socks are great for dancing. The yellow socks are great for walking. One day there is a mix up. Lee puts on one red sock and one yellow sock. And guess what? She hops on one foot all the way to school!",,11,textproject
Buddy’s Friend,"Buddy the dog loves to jump and play. But he feels sad. Buddy wishes he had a friend. One day, Buddy sees a frog. The frog sits on a log. “Come and play with me,” calls Buddy. The frog jumps off the log. He jumps to Buddy. Then, the frog jumps onto Buddy’s back. Now, Buddy has a friend! They play all day until the sun sets.",,11,textproject
Camping Out,"Nico and Leah want to camp in the woods. Nico’s dad asks, “Why not camp at home first?” Nico and Leah set up a tent in the yard. They get into their sleeping bags. But then they hear a loud bang. Nico and Leah slip down into their sleeping bags. Bang! Bang! The sound rings out. Leah and Nico run back to the house. There is Nico’s dad. He says, “It was just the lid of the trash can. It bangs when the wind blows!” Nico and Leah say, “We’ll still sleep inside tonight!”",,12,textproject
Carrot Munch,"A rabbit and some hamsters play. They run and jump. The rabbit hops. But the hamsters cannot hop. The hamsters sit. Then, the hamsters spot some carrots. They run to the carrots. Munch, munch! The rabbit spots the carrots too. She hops to the hamsters. “Can I have some?” she asks. “Yes!” say the hamsters. They all munch on carrots. What good friends they are!",,14,textproject
Eggs and Hash Browns,"Jim is a chef. He cracks a lot of eggs. Jim has to mix some eggs in a dish. Then he has to fry the eggs in a pan. Then, Jim adds hot hash browns. He tops it off with toast and jam. Jim’s eggs and hash browns are good. But his toast and jam are the best!",,8,textproject
Fred Helps Out,"Dad asks Fred to help. Fred gets the dishes. He sets the dishes on the table. Next, Fred gets glasses. He sets the glasses on the table. He fills the glasses with water. Everyone sits down for dinner. Fred brings the fish. But he trips. The fish dish crashes. Dad asks Fred to help once more. But this time Fred gets the mop!",,12,textproject
Let’s Fix Dinner,Snap! Snap! Dad snaps peas. Clang! Clang! Mom gets a pan. Ping! Ping! Dad drops all the peas. Bang! Bang! Mom drops the pan. I think it’s best if I help fix dinner! Clap! Clap! Clap! Clap! Mom and Dad are happy.,,18,textproject
Little Chicks,"A mama bird sits on a nest. The nest has some eggs. One day, the shells of the eggs crack. Little chicks peck out of the shell. The little chicks are still. Then, they begin to peep. Soon, the chicks start to hop. Peep! Hop! Peep! Hop! The mama bird stays by the chicks. She keeps her little chicks safe.",,13,textproject
Moon Dance,"Alex the Cat takes a nap. He dreams of a big fish. Soon, Alex wakes up. He rubs his tummy. “I am hungry,” he says. Alex goes on a hunt. He finds a gap in a fence. Push! Pop! Alex gets through the fence. He spots a mouse! Alex goes on tiptoes. He sneaks up on the mouse. He taps the mouse on the back. The mouse says, “You’re here! I’m so glad!” “You are?” asks Alex. “Yes,” says the mouse. And he starts to dance. Alex can’t help but clap. The mouse holds out his paw to Alex. Alex joins the mouse. They dance and dance under the moon.",,22,textproject
On the Bus,"Pam got on the bus with a bag. But Pam’s bag had a rip. A cat jumped out of the rip in the bag. Ted got on the bus with a box. But Ted’s box had a hole. A dog jumped out of the hole in the box. The cat ran after the dog. Pam ran after her cat. Ted ran after his dog. The bus driver stopped the bus. Pam and Ted got their pets back. They want to go back to their spots. But the driver said, “No, not on my bus.” The dog, the cat, Pam, and Ted all got off. They were far from home. It was a long walk home for Pam and Ted and their pets.",,15,textproject
Riddles,What is it? It has a sink. It has a fridge. It has dishes. It has glasses. It is a kitchen! Who has two chins? Who has four lips? Who has four wrists? Who has four hands? Who has skin all over? And who has a toothbrush? It is you as you brush your teeth in the mirror!,,13,textproject
The Old Shed,"Emma goes into the old shed. It is full of junk. The old shed is full of dust too. Emma has a big job to do. She has to clean the shed. Emma gets a rag. She starts to dust. “Achoo!” says Emma. “Achoo! Achoo! A-ch-oooooo!” Emma cannot stop! She runs out of the old shed. She says, “That shed has too much dust! It’s not the job for me.”",,14,textproject
Time to Pack,"We will take a trip! Now, we must pack a bag. What will we bring? I will bring my tan pants. My pink shirt is good too. I may need a cap. My little brother needs some things. He wants to bring his black socks. He wants to pack his red jacket, too. I pack my things in the bag. I zip the bag up. Now I’m all set. But, wait, what did I forget? I almost forgot my little brother!",,14,textproject
Who’s It?,"Ten kids meet to play. “Let’s play tag!” Ani yells. Liv is it. The rest run away. Liv spots Ani. “Tag, you are it,” she says. Ani tags 7 more friends. They add up who is left. Seven kids plus Ani and Liv makes 9. One kid is missing. Who is it? It is Dom. Nine kids look for Dom. “I see him,” yells Liv. Dom naps under a bush.",,15,textproject
Yummy Pizza,"We make pizza. We put on the sauce. The cheese comes next. Now, we add toppings. Mia adds ham. Wen adds peppers. The pizza goes in the oven. Soon it is ready to eat. Let’s cut it! We take a bite. It is hot. It is yummy. Pizza is the best",,13,textproject
Neat Ned,Ned makes lots of messes. But Ned likes to clean up too. Ned uses a broom to sweep. He uses soap to wash. Ned likes to use a cloth. He uses the cloth to dust shelves. He uses it to get out stains on the table. Ned makes many messes. But Ned also likes to keep things neat.,,9,textproject
A Cake Mishap,"Freddy baked a special cake for her friend Ron. She mixed eggs, flour, and sugar. She put the cake into the oven. The cake was baked. Freddy put icing on the cake. She gave the cake to her friend, Ron. Ron took a bite of the cake. He made a very funny face. Freddy took a bite of the cake. “Oh, no,“ said Freddy. “I must have put in salt, not sugar!” Not even Freddy’s dog would eat the cake!",,11,textproject
A Hike,"Joon, Ava, and Ty go on a hike. They have backpacks. The backpacks are full of snacks and water. At first, the hike feels easy. Then, the path gets steep. The backpacks feel heavy. But Joon, Ava, and Ty stay on the path. The path gets even steeper. The backpacks feel very heavy. Ty says, “Let’s stop.” Joon says, “Yes, we can rest here.” Ava says, “Let’s have a snack and some water.” Joon, Ava, and Ty sit on some logs. They have snacks and drink water. They put their backpacks on. The backpacks feel light now. They hike the path to the top. “Look at this view,” says Ava. “I can see far away,” says Ty. “It is so nice up here!” says Joon. The three hikers gaze at the view some more. Then, Joon asks, “Who wants to race me back down?” And she begins to run down the path. Ty and Ava laugh and run after her.",,20,textproject
A Steep Hill,"Grace and Reese like to glide down hills on their sleds. One day, they went to a new hill. It was the steepest hill they had ever been on. They had a race down the steep hill. They got down the hill at the same time. Then they dragged their sleds up the steep hill. It took a long time. They began their next race. But then Grace heard a scream. Reese had fallen off her sled. Grace tried to stop her sled. But her sled was going at a fast speed. When Grace got down the hill, she looked up. Reese gave her a big wave! She was okay.",,15,textproject
A Team That Works,"Max, Emma, and Lev are friends. Max likes to run and jump. Emma likes to think of big ideas. Lev likes to care for pets. Together, they are a team that likes to help others. One day, Max gets a note from Bill. “Come right away,” says Bill. “I need help!” Max runs to Bill’s house. He finds Bill’s cat stuck under a fence. “We can help,” says Max. “I’ll send for Emma.” Emma comes to Bill’s house. She thinks about what to do. “I have an idea,” she says. Emma calls Lev. Lev meets up with Emma, Max, and Bill. Emma hands him a can of cat food. Lev bends down to Bill’s cat. He talks to the cat. At the same time, Max jumps the fence. He gives the cat a soft push from behind. Soon, the cat comes out. It walks to Lev and the food. “Thank you,” Bill says. “Your skills were a big help!” “Yes,” says Max. “We’re a team,” says Emma. “We’re a team that likes to help!” says Lev.",,26,textproject
Are You Like a Fish?,"You have feet. Feet help us move on land. Fish do not have feet. Fish have fins. They use fins to move. You have lungs. Lungs help you to breathe. Fish have gills. Gills help fish to breathe. Fish move, and we move. Fish breathe. We breathe too. But it’s not the same. You are not like a fish. And a fish is not like you!",,15,textproject
Beans And Pie,"Dean and Jean like to eat. Dean likes beans. Jean likes pie. Every day, Dean eats beans. Jean eats some pie. One day, Jean and Dean come home. Dean does not find beans on his plate. Jean’s plate does not have pie. The meal is rice, peas, and meat! At first, they say, “No, thanks.” But then Jean takes a bite of meat. Jean says, “Hmmm.” So Dean takes a bite of rice and peas. “Yum,” he says. Dean looks at Jean. Jean looks at Dean. “We like rice, peas, and meat,” they say. After that, they still eat beans and pie. But they eat rice, peas, and meat too. They even eat grapes and toast and much more!",,18,textproject
Bugs: Small But Important in,"Our World Bugs come in all shapes and sizes. Some bugs, like bees, have wings. They use their wings to fly from flower to flower. Other bugs, like beetles and roly-polies, move around on the ground with their many legs. Spiders make webs to catch other bugs for food. They make a strong and sticky thread to make a web. Bugs stick to the thread. The web is really a bug-catching trap! Bugs are interesting but they are also important. As bees fly from flower to flower, they move pollen. Pollen helps plants grow. Bugs, like ladybugs, eat other bugs that can harm plants. The spider’s bug-catching trap may seem scary. But they catch flies, which can carry germs that make us sick. The many kinds of bugs in our world can help in keeping our world healthy.",,15,textproject
First Skates,"Ada just got ice skates. She wants to try them out. Her dad takes her to an ice rink. First, she laces up her ice skates. Then, her dad takes Ada out on the ice. Ada holds onto the rink’s side rails. Then, she lets go. Ada slips. She gets up. Then she slips once more. But Ada does not stop. Soon, she can skate for a bit. Ada is so happy! One day she will glide all day on the ice.",,14,textproject
Gray Mule,"It is time for a race in the woods. A cheetah and a horse are at the start line. A gray mule joins them. The horse boasts about his speed. The cheetah boasts that she is even faster. The gray mule does not say anything. Mules are not known for their speed. The race begins. The cheetah and horse run down the trail. Soon, they could not be seen. The gray mule plods along. After some time, the mule crosses the finish line. He looks for the cheetah and the horse. But the cheetah and horse are off the trail. They were too busy boasting to see the way! Now, they are lost in the woods. And the gray mule has won the race!",,17,textproject
Hens and Drakes,"It’s summer time. You see some ducks floating on a lake. They are mallards, which is one kind of duck. Little mallard ducks all look alike. Both females and males have yellow feathers. But when they grow up, they do not look the same. So how do we know which is which? All male ducks are called drakes. Mallard drakes have green heads. Their green heads shine in the sun. They also have a white ring around their necks. The name for a female duck is hen. Mallard hens do not have feathers of bright colors. Their feathers are brown with darker brown and white stripes. These colors keep them safe as they sit on their nests of eggs.",,15,textproject
Jake’s Cake,"Jake loves to bake. He makes a cake. Then, he takes his cake to the lake. But this is a big mistake! The cake falls into the lake. Jake wants to save his cake. He jumps into the lake too. But it is too late. Jake’s cake sank. What a mess!",,10,textproject
Jump Rope,"Betty, Will, and Amara play jump rope. First, Betty and Will swing the rope. Amara jumps in and out. Then, it is Betty’s turn. Will and Amara swing the rope one time. That’s when Will’s dog, Finn, tries to grab the rope. They all cry, “No, Finn. That rope is not for you!” But Finn does not stop. Finn tugs and tugs on the rope. Soon, the rope wraps around Finn. It takes some time to get Finn free of the rope. Betty, Will, and Amara take a rest. Then, Betty says, “Let’s just play baseball. Finn can’t grab a bat!”",,14,textproject
Late for the Plane,"James and his family are late for their plane. They race through the airport. They drag their suitcases behind them. Finally, they reach the gate. A sign says that the plane is late! James and his family are glad. The wait gives them time to eat. After their meal, it’s time to get on the plane. They find their seats. They put on their seatbelts. And, in one minute, James and his family are fast asleep.",,11,textproject
Lost Bike,"Jake rode his bike down the street. He saw his friend Layla. He stopped to talk with her. Jake wanted to see Layla’s new game. So, Jake left his bike on the sidewalk. And they went inside Layla’s house. When Jake came back outside, the bike was gone. Layla and Jake looked for the bike. They asked each other, “Did someone steal the bike?” They did not have any clues. At five, Jake went home. It was time to eat. He opened the door of his house. There was his bike! His dad had taken the bike home. His dad said, “Leaving a bike on the sidewalk is not safe. Someone might trip on it. Or someone might steal it.” Jake was happy to have his bike. But he had also learned a lesson about safety.",,18,textproject
Mike and His Red Jeep,"Mike drives his red jeep. He is on his way to meet Joan at the beach. Mike gets to the freeway. He picks up speed. Suddenly, a loud screech fills the air. The jeep’s brakes squeal. The jeep comes to a stop. Mike’s jeep has a flat tire. Drivers in other cars beep their horns. But one car stops. It is Joan! She was on his way to meet Mike! Joan helps Mike change his tire. Then, they are on their way to the beach. They will have a fun time!",,15,textproject
Mittens Steals the Show,"Mia, Deon, and Jay put on a skit. It is about a trip to the beach. Mia, Deon, and Jay make masks. Mia is a starfish. Deon is a sand crab. Jay is a sea turtle. Everyone comes to see their skit. Deon and Mia sing a song. Jay dances to the beat. Then, Jay’s cat, Mittens, jumps on the stage. Mittens meows and meows. It thinks it’s part of the skit! But a cat does not belong on the beach! The show is over. But everyone still claps.",,15,textproject
Saturday Jobs,"Rob and Alma live with their grandpa. Everyone in their home has jobs to do. Rob and Alma do some jobs every day. Rob sets the table for dinner. Alma feeds the dog. Rob and Alma make their beds. On Saturdays, Rob and Alma have a new set of jobs. They help Grandpa with his garden. They get out weeds. They water the seeds and plants. Alma and Rob love doing their Saturday jobs best. The sun shines on them. The dirt is warm in their hands. And their jobs don’t feel like work at all!",,14,textproject
Seals in the Sea,Seals live in the sea. They have a sleek shape. This shape helps them glide in the water with ease. Seals can swim with speed. They can dive below the waves to catch fish. Seals also spend time on land. But they don’t have speed on the sand of beaches. They creep along at a slow pace. You might see a whole group of seals. They sleep in a heap on some rocks. Their sleek coats shine in the sun.,,11,textproject
Snap!,"Vic and Liz take a phone to the park. They see a tall tree. Vic takes a photo with the phone. Liz and Vic see some ducks on a lake. It’s Liz’s turn. She takes a photo. Next, they see a small fish. It swims between rocks in the lake. This time Vic takes the photo. Now, it’s time to go home. But Liz takes one more photo. She takes a photo of Vic’s big smile.",,12,textproject
Stan the Seal,"Stan is a seal who lives near a beach. Stan likes to race through the water. He leaps in and out of the waves. Stan likes to lie on the beach too. He likes to warm his coat in the sun. One day, Stan has an idea. “I will race in the sand,” thinks Stan. Stan tries to run on the beach. Flop! Stan falls into the sand. “Maybe I can leap?” thinks Stan. But Stan cannot leap on the beach. All he can do is drag himself across the sand. So Stan goes back into the water. Splash!",,15,textproject
Teamwork,"Lin and James are at the lake. They have a toy sailboat. They drop the boat into the water. Lin and James watch. The boat glides along the side of the lake. Then, a gust of wind blows. The wind drives the boat into a pile of weeds. Lin and James run over to the weeds. Lin uses a long stick to push the weeds away. James pulls the boat out. The boat is saved! James and Lin pull weeds off the boat. When it is clean, they put it back in the lake. They smile at each other. They make a good team!",,15,textproject
The Funny Bird,"Grace has a pet parrot. The pet parrot’s name is Rose. Rose screams for dinner. Grace gives Rose beans. Rose makes a face. Grace gives Rose rice. Rose shakes her beak. Then, Grace gives Rose a handful of pumpkin seeds. Rose eats the seeds. She says, “More seeds, please.” Grace says, “Yes, you may have more pumpkin seeds. But did you know? Beans and rice are seeds too.” Rose turns her back to Grace. She does not want to know. All she wants are pumpkin seeds.",,14,textproject
The Peach Queen,"Everyone knew how much Jean loved peaches. She ate peaches with ice cream. She made peach pies. She even made cakes with peaches. Jean’s friends called her the Peach Queen. So, they gave her a big box of peaches as a gift. But there was one thing her friends did not know. Jean baked her pies and cakes with peaches from a can. That’s because Jean hated the fuzzy skin of fresh peaches. Jean opened the box of fresh peaches from her friends. When Jean saw the fuzzy skins on the peaches, she screamed. She ran into another room. And Jean never ate another peach.",,13,textproject
The Winning Goal,"Today is the big game! Sarah is on Team Green. Her brother, Ethan, is on Team Blue. The players await the start of the game. First, the coach reminds them of the rules. The teams meet on the field. The ref blows the whistle. The game starts! The teams are well matched. The players run with speed and skill. The game is almost done. No team has made a goal. Then, Sarah kicks the ball. It goes a long way. The goalie of Team Blue tries to stop the ball. Whoosh! The ball hits the back of the net. Sarah has made a goal! The game is over. Team Blue played a good game. But Team Green has won. Sarah and Ethan race each other home.",,22,textproject
